lot,hibid_lot_id,item_id,current_bid,price_realized,bid_count,photo_count,status,time_left_seconds,category,title,lot_url
1,321408157,177288,0.0,0,0,1,OPEN,101726.977,Antiques & Collectibles - Collectibles - Advertising | Antiques & Collectibles - Collectibles | Antiques & Collectibles,Important Auction Information,https://hibid.com/lot/321408157
2,321408159,178262,1600.0,0,38,24,OPEN,101736.973,Construction & Farm - Tractors - 40 HP to 99 HP | Construction & Farm - Tractors | Construction & Farm,International Harvester 240 Utility Tractor,https://hibid.com/lot/321408159
3,321408161,178263,950.0,0,34,17,OPEN,101746.97,Lawn & Garden - Outdoor Power Equipment - Lawn Mowers - Riding | Lawn & Garden - Outdoor Power Equipment - Lawn Mowers | Lawn & Garden - Outdoor Power Equipment | Lawn & Garden,"John Deere F935 Mower w/ 72"" Mower Deck",https://hibid.com/lot/321408161
4,321408162,184879,550.0,0,26,15,OPEN,101756.96699999999,Antiques & Collectibles - Collectibles - Gas / Oil | Antiques & Collectibles - Collectibles | Antiques & Collectibles,Tokheim Gas pump,https://hibid.com/lot/321408162
5,321408163,178264,6.0,0,5,12,OPEN,101766.96299999999,Boats & Aviation - Boats - Fishing Boats | Boats & Aviation - Boats | Boats & Aviation,Boat Trailer,https://hibid.com/lot/321408163
6,321408164,178265,325.0,0,22,11,OPEN,101776.95999999999,Construction & Farm - Tillage Equipment - Disks | Construction & Farm - Tillage Equipment | Construction & Farm,John Deere Offset Disc,https://hibid.com/lot/321408164
7,321408165,178266,400.0,0,59,12,OPEN,101786.957,Construction & Farm - Tillage Equipment - Disks | Construction & Farm - Tillage Equipment | Construction & Farm,3 Point Disc,https://hibid.com/lot/321408165
8,321408166,178267,53.0,0,14,11,OPEN,101796.953,Construction & Farm - Tillage Equipment - Field Cultivators | Construction & Farm - Tillage Equipment | Construction & Farm,3Pt. Field Cultivator,https://hibid.com/lot/321408166
9,321408168,178268,51.0,0,13,9,OPEN,101806.95,Construction & Farm - Tillage Equipment - Field Cultivators | Construction & Farm - Tillage Equipment | Construction & Farm,3Pt. Spring Tooth Single Row Field Cultivator,https://hibid.com/lot/321408168
10,321408171,178269,2.0,0,1,15,OPEN,101816.947,Construction & Farm - Tillage Equipment - Plows | Construction & Farm - Tillage Equipment | Construction & Farm,Two-Bottom Pull-Behind Moldboard Plow,https://hibid.com/lot/321408171
11,321408173,178270,3.0,0,2,15,OPEN,101826.943,Construction & Farm - Tillage Equipment - Plows | Construction & Farm - Tillage Equipment | Construction & Farm,IH McCormick Two Bottom Plow,https://hibid.com/lot/321408173
12,321408176,178271,51.0,0,28,19,OPEN,101836.94,Construction & Farm - Tillage Equipment - Plows | Construction & Farm - Tillage Equipment | Construction & Farm,3pt Bottom Plow,https://hibid.com/lot/321408176
13,321408178,178273,3.0,0,2,13,OPEN,101846.93699999999,Construction & Farm - Tillage Equipment - Field Cultivators | Construction & Farm - Tillage Equipment | Construction & Farm,3Pt Pull Behind Spring Field Cultivator,https://hibid.com/lot/321408178
14,321408180,178274,3.0,0,2,17,OPEN,101856.93,Construction & Farm - Planting Equipment - Planters | Construction & Farm - Planting Equipment | Construction & Farm,3pt Two Row Corn Planter,https://hibid.com/lot/321408180
15,321408182,178275,3.0,0,2,9,OPEN,101866.927,Construction & Farm - Hay and Forage Equipment - Mower Conditioners/Windrowers - Pull-Type | Construction & Farm - Hay and Forage Equipment - Mower Conditioners/Windrowers | Construction & Farm - Hay and Forage Equipment | Construction & Farm,Sickle Bar Mower,https://hibid.com/lot/321408182
16,321408184,178276,2.0,0,2,9,OPEN,101876.92,Construction & Farm - Attachments - Blades/Box Scraper | Construction & Farm - Attachments | Construction & Farm,International Fast Hitch Grader Blade,https://hibid.com/lot/321408184
17,321408185,178277,5.0,0,4,5,OPEN,101886.92,Construction & Farm - Tillage Equipment - Field Cultivators | Construction & Farm - Tillage Equipment | Construction & Farm,3 Section Spring Tooth Drag,https://hibid.com/lot/321408185
18,321408186,178278,3.0,0,2,7,OPEN,101896.90999999999,Construction & Farm - Shop / Warehouse - Parts / Accessories | Construction & Farm - Shop / Warehouse | Construction & Farm,(2) Single Spring Tooth Drags,https://hibid.com/lot/321408186
19,321408187,178279,40.0,0,8,11,OPEN,101906.90999999999,Home Goods & Decor - Home Goods - Other Items - Other,3 Pt Country Line Carry All Frame,https://hibid.com/lot/321408187
20,321408188,178280,5.0,0,4,6,OPEN,101916.90299999999,Construction & Farm - Attachments - Bucket | Construction & Farm - Attachments | Construction & Farm,3Pt Dirt Scoop,https://hibid.com/lot/321408188
21,321408189,178281,12.0,0,6,7,OPEN,101926.9,Construction & Farm - Chemical Applicators - Sprayers - 3 pt/Mounted | Construction & Farm - Chemical Applicators - Sprayers | Construction & Farm - Chemical Applicators | Construction & Farm,3 PT Boom,https://hibid.com/lot/321408189
22,321408190,178282,2.0,0,1,5,OPEN,101936.9,Cars & Vehicles - Truck Components - Fuel Tank | Cars & Vehicles - Truck Components | Cars & Vehicles,Fuel Tank on Stilt Frame,https://hibid.com/lot/321408190
23,321408191,178284,2.0,0,1,5,OPEN,101946.897,Cars & Vehicles - Truck Components - Fuel Tank | Cars & Vehicles - Truck Components | Cars & Vehicles,Fuel Tank on Stilt Frame,https://hibid.com/lot/321408191
24,321408192,178285,2.0,0,1,9,OPEN,101956.893,Cars & Vehicles - Truck Components - Fuel Tank | Cars & Vehicles - Truck Components | Cars & Vehicles,Fuel Tank,https://hibid.com/lot/321408192
25,321408193,178286,0.0,0,0,7,OPEN,101966.893,Cars & Vehicles - Truck Components - Fuel Tank | Cars & Vehicles - Truck Components | Cars & Vehicles,Fuel Tank,https://hibid.com/lot/321408193
26,321408194,178287,2.0,0,1,7,OPEN,101976.89,Construction & Farm - Chemical Applicators - Tenders - Liquid | Construction & Farm - Chemical Applicators - Tenders | Construction & Farm - Chemical Applicators | Construction & Farm,"Plastic Cone Inductor Tank, Wagon Running Gear",https://hibid.com/lot/321408194
92,321408196,178356,475.0,0,33,9,OPEN,101986.887,Antiques & Collectibles - Antiques - Antique Furniture | Antiques & Collectibles - Antiques | Antiques & Collectibles,Antique Oak Post Office Filing Cabinet,https://hibid.com/lot/321408196
93,321408199,178357,2.0,0,1,7,OPEN,101996.883,Furniture - Cabinets | Furniture,Wooden 3 Drawer Filing Cabinet,https://hibid.com/lot/321408199
94,321408201,178358,450.0,0,19,9,OPEN,102006.87999999999,Antiques & Collectibles - Antiques - Antique Furniture | Antiques & Collectibles - Antiques | Antiques & Collectibles,Early 1900s Wooden 12 Drawer Filing Cabinet,https://hibid.com/lot/321408201
95,321408203,178359,41.0,0,17,10,OPEN,102016.877,Furniture - Cabinets | Furniture,Wooden Crested Curio Cabinet,https://hibid.com/lot/321408203
96,321408205,178360,28.0,0,11,7,OPEN,102026.87,Furniture - Cabinets | Furniture,Glass Round Front China Cabinet,https://hibid.com/lot/321408205
97,321408207,178361,2.0,0,1,11,OPEN,102036.867,Furniture - Cabinets | Furniture,Large Wooden Display Cabinet with Glass Shelves,https://hibid.com/lot/321408207
98,321408209,178362,5.0,0,3,7,OPEN,102046.863,Furniture - Entertainment Centers / TV Stands | Furniture,Wooden Entertainment Center,https://hibid.com/lot/321408209
99,321408211,178363,8.0,0,6,8,OPEN,102056.86,Furniture - Dressers / Wardrobes / Armoires | Furniture,Large White Wooden Wardrobe,https://hibid.com/lot/321408211
100,321408213,178364,7.0,0,5,7,OPEN,102066.85699999999,Antiques & Collectibles - Antiques - Antique Furniture | Antiques & Collectibles - Antiques | Antiques & Collectibles,New England Spinning Wheel 1800s,https://hibid.com/lot/321408213
101,321408214,178365,2.0,0,1,7,OPEN,102076.85299999999,Furniture - Beds / Bedroom Sets | Furniture,Wooden Bed Frame with Metal Ivy Inlay,https://hibid.com/lot/321408214
102,321408215,178366,0.0,0,0,5,OPEN,102086.84999999999,Furniture - Beds / Bedroom Sets | Furniture,Wooden Bed Frame,https://hibid.com/lot/321408215
103,321408216,178367,2.0,0,1,5,OPEN,102096.847,Furniture - Desks / Home Office | Furniture,Wooden Bulletin Board,https://hibid.com/lot/321408216
104,321408217,178368,0.0,0,0,8,OPEN,102106.84,Construction & Farm - Building Supplies - Windows | Construction & Farm - Building Supplies | Construction & Farm,2 Wooden Framed Windows with Glass,https://hibid.com/lot/321408217
105,321408218,178369,2.0,0,1,5,OPEN,102116.84,Construction & Farm - Building Supplies - Windows | Construction & Farm - Building Supplies | Construction & Farm,Wooden Framed Window with Glass,https://hibid.com/lot/321408218
106,321408219,178370,2.0,0,1,4,OPEN,102126.84,Construction & Farm - Building Supplies - Windows | Construction & Farm - Building Supplies | Construction & Farm,Wooden Frame Window with Glass,https://hibid.com/lot/321408219
107,321408220,178371,0.0,0,0,5,OPEN,102136.837,Construction & Farm - Building Supplies - Windows | Construction & Farm - Building Supplies | Construction & Farm,Large Window,https://hibid.com/lot/321408220
108,321408221,178372,50.0,0,15,10,OPEN,102146.833,Construction & Farm - Building Supplies - Doors | Construction & Farm - Building Supplies | Construction & Farm,Wooden Door with 15 Glass Panes,https://hibid.com/lot/321408221
109,321408222,178373,0.0,0,0,8,OPEN,102156.83,Construction & Farm - Building Supplies - Doors | Construction & Farm - Building Supplies | Construction & Farm,Wooden Door with No Glass,https://hibid.com/lot/321408222
110,321408223,178374,2.0,0,1,9,OPEN,102166.82699999999,Construction & Farm - Building Supplies - Doors | Construction & Farm - Building Supplies | Construction & Farm,Wooden Door,https://hibid.com/lot/321408223
111,321408225,178375,11.0,0,7,9,OPEN,102176.82299999999,Construction & Farm - Building Supplies - Doors | Construction & Farm - Building Supplies | Construction & Farm,Wooden Door with 8 Top Panes,https://hibid.com/lot/321408225
112,321408227,178376,16.0,0,6,7,OPEN,102186.81999999999,Construction & Farm - Building Supplies - Doors | Construction & Farm - Building Supplies | Construction & Farm,Wooden Door With 15 Glass Panes,https://hibid.com/lot/321408227
113,321408229,178377,0.0,0,0,5,OPEN,102196.817,Sporting Goods - Sporting Goods / Outdoor Recreation - Outdoor Games & Sports Equipment | Sporting Goods - Sporting Goods / Outdoor Recreation | Sporting Goods,Handmade Foosball Table,https://hibid.com/lot/321408229
114,321408231,178378,2.0,0,1,6,OPEN,102206.813,Business & Industrial - Business / Retail - Racks / Shelving | Business & Industrial - Business / Retail | Business & Industrial,Wooden Coat Racks(3),https://hibid.com/lot/321408231
115,321408233,178379,5.0,0,4,6,OPEN,102216.813,Business & Industrial - Business / Retail - Racks / Shelving | Business & Industrial - Business / Retail | Business & Industrial,Wooden Coat Racks(2),https://hibid.com/lot/321408233
116,321408235,178380,5.0,0,4,5,OPEN,102226.81,Business & Industrial - Business / Retail - Racks / Shelving | Business & Industrial - Business / Retail | Business & Industrial,Wooden Coat Racks(2),https://hibid.com/lot/321408235
117,321408237,178381,4.0,0,3,7,OPEN,102236.807,Home Goods & Decor - Home Goods - Kitchen / Housewares | Home Goods & Decor - Home Goods | Home Goods & Decor,Wooden Coat Racks with Metal Hooks(2),https://hibid.com/lot/321408237
118,321408239,178382,22.0,0,9,12,OPEN,102246.803,Antiques & Collectibles - Antiques - Clocks - Grandfather | Antiques & Collectibles - Antiques - Clocks | Antiques & Collectibles - Antiques | Antiques & Collectibles,George Whitaker Bawtry England Grandfather Clock,https://hibid.com/lot/321408239
119,321408241,178383,17.0,0,8,9,OPEN,102256.79999999999,Antiques & Collectibles - Antiques - Clocks - Mantle | Antiques & Collectibles - Antiques - Clocks | Antiques & Collectibles - Antiques | Antiques & Collectibles,Small Grandmother Clock,https://hibid.com/lot/321408241
120,321408243,178384,0.0,0,0,7,OPEN,102266.79699999999,Furniture - Sofas / Loveseats / Benches | Furniture,Floral Couch with Throw Pillows,https://hibid.com/lot/321408243
121,321408244,178385,5.0,0,3,14,OPEN,102276.79299999999,Furniture - Cabinets | Furniture,12 Drawer Wooden Filing Cabinet,https://hibid.com/lot/321408244
122,321408245,178386,2.0,0,1,7,OPEN,102286.79,Furniture - Tables | Furniture,End Table with Drawer,https://hibid.com/lot/321408245
123,321408246,178387,31.0,0,19,9,OPEN,102296.787,Furniture - Chairs / Stools | Furniture,Orange Faux Leather Arm Chair with Ottoman,https://hibid.com/lot/321408246
124,321408247,178388,13.0,0,7,7,OPEN,102306.78,Furniture - Chairs / Stools | Furniture,Brown Recliner,https://hibid.com/lot/321408247
125,321408248,178390,3.0,0,2,6,OPEN,102316.78,Furniture - Chairs / Stools | Furniture,Floral Armchair with Matching Ottoman,https://hibid.com/lot/321408248
126,321408249,178391,4.0,0,3,11,OPEN,102326.777,Antiques & Collectibles - Antiques - Antique Furniture | Antiques & Collectibles - Antiques | Antiques & Collectibles,Antique Wooden Display Cabinet,https://hibid.com/lot/321408249
127,321408250,178392,81.0,0,16,7,OPEN,102336.76999999999,Furniture - Cabinets | Furniture,Wooden with Glass Doors Display Cabinet,https://hibid.com/lot/321408250
128,321408251,178393,11.0,0,5,8,OPEN,102346.76699999999,Furniture - Cabinets | Furniture,Art Deco Style Wooden China Display Cabinet,https://hibid.com/lot/321408251
129,321408252,178394,11.0,0,6,7,OPEN,102356.76699999999,Furniture - Cabinets | Furniture,Art Deco Wooden Display Cabinet,https://hibid.com/lot/321408252
130,321408253,178395,2.0,0,1,7,OPEN,102366.76299999999,Furniture - Cabinets | Furniture,Wooden Display Cabinet with Sliding Glass Doors,https://hibid.com/lot/321408253
131,321408254,178396,11.0,0,5,6,OPEN,102376.76,Furniture - Cabinets | Furniture,Wooden Storage Cabinet,https://hibid.com/lot/321408254
132,321408255,178397,5.0,0,4,20,OPEN,102386.753,Construction & Farm - Building Supplies - Windows | Construction & Farm - Building Supplies | Construction & Farm,"Lead Glass Windows, Trim Pieces, Hardware",https://hibid.com/lot/321408255
133,321408256,178398,0.0,0,0,9,OPEN,102396.75,Furniture - Desks / Home Office | Furniture,Secretary Desk,https://hibid.com/lot/321408256
134,321408258,178399,2.0,0,1,11,OPEN,102406.74699999999,Furniture - Dressers / Wardrobes / Armoires | Furniture,Bassett 5 Drawer Dresser,https://hibid.com/lot/321408258
135,321408260,178400,6.0,0,5,9,OPEN,102416.74699999999,Furniture - Dressers / Wardrobes / Armoires | Furniture,Vanity Dresser w/ Marble Inlay,https://hibid.com/lot/321408260
136,321408262,178401,11.0,0,4,9,OPEN,102426.743,Furniture - Cabinets | Furniture,Brown Wooden Cabinet,https://hibid.com/lot/321408262
137,321408264,178402,4.0,0,3,9,OPEN,102436.73999999999,Antiques & Collectibles - Antiques - Antique Furniture | Antiques & Collectibles - Antiques | Antiques & Collectibles,Antique Writing Desk,https://hibid.com/lot/321408264
138,321408266,178403,3.0,0,3,11,OPEN,102446.737,Furniture - Cabinets | Furniture,Aspen Home Filing Cabinet,https://hibid.com/lot/321408266
139,321408268,178404,4.0,0,3,10,OPEN,102456.733,Furniture - Trunks / Chests | Furniture,Black Travel Trunk,https://hibid.com/lot/321408268
140,321408270,178405,5.0,0,3,15,OPEN,102466.73,Furniture - Trunks / Chests | Furniture,Metal /Wood Travel Trunk,https://hibid.com/lot/321408270
141,321408272,178406,8.0,0,7,7,OPEN,102476.73,Furniture - Chairs / Stools | Furniture,Jacob & Josef Kohn Style Wooden Chairs (2),https://hibid.com/lot/321408272
142,321408273,178407,0.0,0,0,16,OPEN,102486.723,Furniture - Chairs / Stools | Furniture,"HighBack w/ Leather Seat, Jacob&Josef Kohn Style",https://hibid.com/lot/321408273
143,321408275,178408,4.0,0,3,8,OPEN,102496.72,Furniture - Chairs / Stools | Furniture,Solid Wood Office Chair on Castors,https://hibid.com/lot/321408275
144,321408277,178409,8.0,0,5,8,OPEN,102506.72,Furniture - Chairs / Stools | Furniture,Green High Back Office Chair on Castors,https://hibid.com/lot/321408277
145,321408278,178410,3.0,0,2,12,OPEN,102516.71699999999,Furniture - Chairs / Stools | Furniture,"1940’s Swivel Drafting Stool, Solid Wood Chair",https://hibid.com/lot/321408278
146,321408279,178411,4.0,0,3,12,OPEN,102526.71299999999,Furniture - Chairs / Stools | Furniture,Grey Swivel Office Chair/Black Draft Swivel Stool,https://hibid.com/lot/321408279
147,321408280,178412,11.0,0,9,11,OPEN,102536.70999999999,Furniture - Chairs / Stools | Furniture,Steelcase 541 Executive Swivel Chairs (2),https://hibid.com/lot/321408280
148,321408281,178414,0.0,0,0,13,OPEN,102546.707,Furniture - Chairs / Stools | Furniture,Project Rocking Chair and Wood Chair,https://hibid.com/lot/321408281
149,321408282,178415,2.0,0,2,5,OPEN,102556.703,Furniture - Bookshelves | Furniture,"72"" Book Shelf",https://hibid.com/lot/321408282
150,321408283,178416,0.0,0,0,12,OPEN,102566.7,Furniture - Cabinets | Furniture,Wooden Cabinet and Shelf,https://hibid.com/lot/321408283
151,321408284,178417,0.0,0,0,9,OPEN,102576.697,Furniture - Cabinets | Furniture,Brown Corner Cabinet,https://hibid.com/lot/321408284
152,321408285,178418,3.0,0,2,8,OPEN,102586.693,Furniture - Cabinets | Furniture,Metal 4 Drawer Cabinet,https://hibid.com/lot/321408285
153,321408286,178419,2.0,0,1,9,OPEN,102596.69,Furniture - Cabinets | Furniture,Hallowell Metal Parts Organizer Cabinet,https://hibid.com/lot/321408286
154,321408287,178420,3.0,0,2,8,OPEN,102606.68699999999,Furniture - Cabinets | Furniture,Metal 7 Drawer Organizing Cabinet,https://hibid.com/lot/321408287
155,321408289,178421,0.0,0,0,7,OPEN,102616.68299999999,Furniture - Cabinets | Furniture,Retro Metal Kitchen Cabinet w/ Enamel Top,https://hibid.com/lot/321408289
156,321408291,178422,2.0,0,1,6,OPEN,102626.68299999999,Furniture - Cabinets | Furniture,Metal Cabinet w/ Wood top,https://hibid.com/lot/321408291
157,321408293,178423,2.0,0,1,7,OPEN,102636.68,Furniture - Cabinets | Furniture,Metal Shop Cabinet,https://hibid.com/lot/321408293
158,321408295,178424,66.0,0,26,9,OPEN,102646.677,Lawn & Garden - Tools/Hand held items - Toolboxes | Lawn & Garden - Tools/Hand held items | Lawn & Garden,Homak Tool Box Set,https://hibid.com/lot/321408295
159,321408297,178425,110.0,0,37,8,OPEN,102656.673,Lawn & Garden - Tools/Hand held items - Toolboxes | Lawn & Garden - Tools/Hand held items | Lawn & Garden,Craftsman Rolling Tool Storage,https://hibid.com/lot/321408297
160,321408300,178426,2.0,0,1,7,OPEN,102666.667,Lawn & Garden - Tools/Hand held items - Toolboxes | Lawn & Garden - Tools/Hand held items | Lawn & Garden,Metal Tool Storage Chest on Wheels,https://hibid.com/lot/321408300
161,321408301,178427,20.0,0,13,9,OPEN,102676.667,Home Goods & Decor - Home Goods - Appliances - Heating / Air Conditioning | Home Goods & Decor - Home Goods - Appliances | Home Goods & Decor - Home Goods | Home Goods & Decor,Mr. Heater Gas-Fired Infra Red Portable Heater,https://hibid.com/lot/321408301
162,321408303,178428,3.0,0,2,17,OPEN,102686.65999999999,Home Goods & Decor - Home Goods - Appliances - Heating / Air Conditioning | Home Goods & Decor - Home Goods - Appliances | Home Goods & Decor - Home Goods | Home Goods & Decor,Wood Stove,https://hibid.com/lot/321408303
163,321408306,178429,2.0,0,2,9,OPEN,102696.65999999999,Business & Industrial - Business / Retail - Carts / Baskets | Business & Industrial - Business / Retail | Business & Industrial,19th Century Wooden Cart Frame,https://hibid.com/lot/321408306
164,321408307,178430,75.0,0,29,15,OPEN,102706.65299999999,Construction & Farm - Shop / Warehouse - Workbenches / Tables | Construction & Farm - Shop / Warehouse | Construction & Farm,Metal Workbench w/ Drawers,https://hibid.com/lot/321408307
165,321408308,178431,6.0,0,6,11,OPEN,102716.65299999999,Lawn & Garden - Tools/Hand held items - Toolboxes | Lawn & Garden - Tools/Hand held items | Lawn & Garden,Stack-On Tool Box,https://hibid.com/lot/321408308
166,321408309,178432,4.0,0,3,17,OPEN,102725.32699999999,Construction & Farm - Shop / Warehouse - Parts / Accessories | Construction & Farm - Shop / Warehouse | Construction & Farm,Army Green Metal Toll Hardware Organizer,https://hibid.com/lot/321408309
167,321408310,178433,2.0,0,1,15,OPEN,102735.32299999999,Construction & Farm - Shop / Warehouse - Parts / Accessories | Construction & Farm - Shop / Warehouse | Construction & Farm,Grey Metal Toll Hardware Organizers (2),https://hibid.com/lot/321408310
168,321408311,178436,22.0,0,13,8,OPEN,102745.31999999999,Construction & Farm - Shop / Warehouse - Scales / Hoists | Construction & Farm - Shop / Warehouse | Construction & Farm,Electric Hoist,https://hibid.com/lot/321408311
169,321408312,178434,3.0,0,2,6,OPEN,102755.317,Construction & Farm - Shop / Warehouse - Scales / Hoists | Construction & Farm - Shop / Warehouse | Construction & Farm,PA Micro Electric Rope Hoist,https://hibid.com/lot/321408312
170,321408313,178437,11.0,0,6,7,OPEN,102765.313,Construction & Farm - Shop / Warehouse - Saws / Drills | Construction & Farm - Shop / Warehouse | Construction & Farm,Milwaukee 7 1/4 Circular Saw,https://hibid.com/lot/321408313
171,321408314,178438,4.0,0,3,9,OPEN,102775.31,Lawn & Garden - Tools/Hand held items - Power Tools | Lawn & Garden - Tools/Hand held items | Lawn & Garden,Craftsman Router Table,https://hibid.com/lot/321408314
172,321408315,178439,13.0,0,9,9,OPEN,102785.307,Construction & Farm - Shop / Warehouse - Saws / Drills | Construction & Farm - Shop / Warehouse | Construction & Farm,Porter Cable Tiger Saw in Case,https://hibid.com/lot/321408315
173,321408316,178440,2.0,0,1,11,OPEN,102795.303,Construction & Farm - Shop / Warehouse - Saws / Drills | Construction & Farm - Shop / Warehouse | Construction & Farm,Reciprocating Saw Scie Alternative in Case,https://hibid.com/lot/321408316
174,321408317,178441,2.0,0,1,9,OPEN,102805.29999999999,Lawn & Garden - Tools/Hand held items - Power Tools | Lawn & Garden - Tools/Hand held items | Lawn & Garden,"DeWalt 1/2"" Drill in Case",https://hibid.com/lot/321408317
175,321408327,178442,2.0,0,1,16,OPEN,102815.29699999999,Lawn & Garden - Tools/Hand held items - Power Tools | Lawn & Garden - Tools/Hand held items | Lawn & Garden,DeWalt Battery Operated Clutch Drill,https://hibid.com/lot/321408327
176,321408329,178443,6.0,0,4,13,OPEN,102825.29299999999,Lawn & Garden - Tools/Hand held items - Power Tools | Lawn & Garden - Tools/Hand held items | Lawn & Garden,Craftsman Double Insulated Sander & Angle Grinder,https://hibid.com/lot/321408329
177,321408330,178444,2.0,0,1,11,OPEN,102835.29,Lawn & Garden - Tools/Hand held items - Power Tools | Lawn & Garden - Tools/Hand held items | Lawn & Garden,Craftsman 3 Inch Belt Sander,https://hibid.com/lot/321408330
178,321408331,178445,2.0,0,1,12,OPEN,102845.287,Lawn & Garden - Tools/Hand held items - Power Tools | Lawn & Garden - Tools/Hand held items | Lawn & Garden,Ryobi Detail Sander & Craftsman Sander,https://hibid.com/lot/321408331
179,321408332,178446,0.0,0,0,14,OPEN,102855.28,Lawn & Garden - Tools/Hand held items - Power Tools | Lawn & Garden - Tools/Hand held items | Lawn & Garden,"Craftsman Electric Drill, Soldering Gun",https://hibid.com/lot/321408332
180,321408333,178447,2.0,0,1,12,OPEN,102865.277,Lawn & Garden - Tools/Hand held items - Power Tools | Lawn & Garden - Tools/Hand held items | Lawn & Garden,Milwaukee Magnum Hammer Drill Corded,https://hibid.com/lot/321408333
181,321408334,178448,9.0,0,7,8,OPEN,102875.273,Construction & Farm - Shop / Warehouse - Automotive | Construction & Farm - Shop / Warehouse | Construction & Farm,Cent-Tech 4-1 Portable Power Pack,https://hibid.com/lot/321408334
182,321408335,178449,3.0,0,2,5,OPEN,102885.26999999999,Construction & Farm - Shop / Warehouse - Painting | Construction & Farm - Shop / Warehouse | Construction & Farm,Wagner Power Stainer 4.2 GPH,https://hibid.com/lot/321408335
183,321408336,178450,0.0,0,0,5,OPEN,102895.26999999999,Lawn & Garden - Tools/Hand held items - Power Tools | Lawn & Garden - Tools/Hand held items | Lawn & Garden,Belt Driven Bench Grinder w/ Buffer Attachment,https://hibid.com/lot/321408336
184,321408337,178451,2.0,0,1,8,OPEN,102905.26699999999,Construction & Farm - Shop / Warehouse - Parts / Accessories | Construction & Farm - Shop / Warehouse | Construction & Farm,Wagner-Leland Motor & Sanding Paper Belt,https://hibid.com/lot/321408337
185,321408348,178452,2.0,0,1,4,OPEN,102915.26,Lawn & Garden - Tools/Hand held items - Power Tools | Lawn & Garden - Tools/Hand held items | Lawn & Garden,Craftsman Router Table Extensions,https://hibid.com/lot/321408348
186,321408349,178453,0.0,0,0,16,OPEN,102925.26,Lawn & Garden - Tools/Hand held items - Toolboxes | Lawn & Garden - Tools/Hand held items | Lawn & Garden,Milwaukee Tool Box w/ Hex Socket Driver Set,https://hibid.com/lot/321408349
187,321408350,178454,2.0,0,1,9,OPEN,102935.257,Lawn & Garden - Tools/Hand held items - Toolboxes | Lawn & Garden - Tools/Hand held items | Lawn & Garden,Craftsman Green Tool Box,https://hibid.com/lot/321408350
188,321408351,178455,2.0,0,1,9,OPEN,102945.253,Lawn & Garden - Tools/Hand held items - Toolboxes | Lawn & Garden - Tools/Hand held items | Lawn & Garden,Tool Box w/Contents,https://hibid.com/lot/321408351
189,321408352,178456,3.0,0,2,11,OPEN,102955.25,Lawn & Garden - Tools/Hand held items - Toolboxes | Lawn & Garden - Tools/Hand held items | Lawn & Garden,Craftsman Tool Box,https://hibid.com/lot/321408352
190,321408353,178457,10.0,0,9,9,OPEN,102965.24699999999,Construction & Farm - Air Compressors | Construction & Farm,Napa 10 Gallon Air Tank,https://hibid.com/lot/321408353
191,321408354,178458,10.0,0,7,8,OPEN,102975.243,Construction & Farm - Shop / Warehouse - Hoses | Construction & Farm - Shop / Warehouse | Construction & Farm,Reel Craft and Air Hose,https://hibid.com/lot/321408354
192,321408355,178459,5.0,0,4,9,OPEN,102985.23999999999,Lawn & Garden - Tools/Hand held items - Power Tools | Lawn & Garden - Tools/Hand held items | Lawn & Garden,Paslode Pneumatic Framing Nailer,https://hibid.com/lot/321408355
193,321408356,178460,16.0,0,7,8,OPEN,102995.237,Construction & Farm - Shop / Warehouse - Parts / Accessories | Construction & Farm - Shop / Warehouse | Construction & Farm,Paslode ProStrip Nails (2),https://hibid.com/lot/321408356
194,321408357,178461,2.0,0,1,5,OPEN,103005.237,Lawn & Garden - Tools/Hand held items - Power Tools | Lawn & Garden - Tools/Hand held items | Lawn & Garden,Pneumatic Die Grinders (2),https://hibid.com/lot/321408357
195,321408368,178462,6.0,0,5,5,OPEN,103015.233,Lawn & Garden - Tools/Hand held items - Power Tools | Lawn & Garden - Tools/Hand held items | Lawn & Garden,Pneumatic MSI Die Grinders (2),https://hibid.com/lot/321408368
196,321408369,178463,3.0,0,2,11,OPEN,103025.23,Lawn & Garden - Tools/Hand held items - Power Tools | Lawn & Garden - Tools/Hand held items | Lawn & Garden,Napa & MSI Pneumatic Die Grinders(2),https://hibid.com/lot/321408369
197,321408370,178464,2.0,0,1,13,OPEN,103035.227,Lawn & Garden - Tools/Hand held items - Power Tools | Lawn & Garden - Tools/Hand held items | Lawn & Garden,"Napa Pneumatic Sander, Paslode Framing Nailer",https://hibid.com/lot/321408370
198,321408371,178465,2.0,0,1,14,OPEN,103045.223,Lawn & Garden - Tools/Hand held items - Power Tools | Lawn & Garden - Tools/Hand held items | Lawn & Garden,Chicago Pneumatic Impact Wrench & IR Impact,https://hibid.com/lot/321408371
199,321408372,178466,5.0,0,4,5,OPEN,103055.22,Lawn & Garden - Tools/Hand held items - Hand Tools | Lawn & Garden - Tools/Hand held items | Lawn & Garden,Merlin Blow Gun Kit,https://hibid.com/lot/321408372
200,321408373,178467,3.0,0,2,11,OPEN,103065.21699999999,Lawn & Garden - Outdoors | Lawn & Garden,Fire Shurlite (2) Torch Top,https://hibid.com/lot/321408373
201,321408374,178468,0.0,0,0,8,OPEN,103075.21699999999,Lawn & Garden - Tools/Hand held items - Power Tools | Lawn & Garden - Tools/Hand held items | Lawn & Garden,MSI PRO Pneumatic Impact Wrench w/ Sockets,https://hibid.com/lot/321408374
202,321408375,178469,2.0,0,1,7,OPEN,103085.20999999999,Construction & Farm - Shop / Warehouse - Painting | Construction & Farm - Shop / Warehouse | Construction & Farm,Binks Model 7 Pneumatic Spray Guns(2),https://hibid.com/lot/321408375
203,321408376,178470,0.0,0,0,9,OPEN,103095.20999999999,Construction & Farm - Shop / Warehouse - Parts / Accessories | Construction & Farm - Shop / Warehouse | Construction & Farm,ARO Compressed Air Pressure Regulator,https://hibid.com/lot/321408376
204,321408377,178471,2.0,0,1,5,OPEN,103105.207,Lawn & Garden - Tools/Hand held items - Hand Tools | Lawn & Garden - Tools/Hand held items | Lawn & Garden,Pneumatic Ratchet Wrench (2),https://hibid.com/lot/321408377
205,321408388,178472,3.0,0,2,5,OPEN,103115.203,Lawn & Garden - Tools/Hand held items - Hand Tools | Lawn & Garden - Tools/Hand held items | Lawn & Garden,Chicago Pneumatic Speed Ratchet,https://hibid.com/lot/321408388
206,321408389,178473,2.0,0,1,7,OPEN,103125.2,Construction & Farm - Shop / Warehouse - Parts / Accessories | Construction & Farm - Shop / Warehouse | Construction & Farm,"Pneumatic Air Hose Fittings, Brass Ball Valve",https://hibid.com/lot/321408389
207,321408390,178474,0.0,0,0,7,OPEN,103135.197,Construction & Farm - Air Compressors | Construction & Farm,Pneumatic Air Blow Guns(4) Compressor Fittings,https://hibid.com/lot/321408390
208,321408391,178476,2.0,0,1,6,OPEN,103145.197,Construction & Farm - Shop / Warehouse - Parts / Accessories | Construction & Farm - Shop / Warehouse | Construction & Farm,"Pneumatic Cross Fittings, Blow Gun",https://hibid.com/lot/321408391
209,321408392,178477,2.0,0,1,4,OPEN,103155.193,Lawn & Garden - Tools/Hand held items - Hand Tools | Lawn & Garden - Tools/Hand held items | Lawn & Garden,Pneumatic Blow Guns (5),https://hibid.com/lot/321408392
210,321408393,178478,0.0,0,0,6,OPEN,103165.19,Construction & Farm - Shop / Warehouse - Hoses | Construction & Farm - Shop / Warehouse | Construction & Farm,Air Hoses (3),https://hibid.com/lot/321408393
211,321408394,178479,0.0,0,0,7,OPEN,103175.18699999999,Construction & Farm - Shop / Warehouse - Hoses | Construction & Farm - Shop / Warehouse | Construction & Farm,Air Hoses (4),https://hibid.com/lot/321408394
212,321408395,178480,0.0,0,0,7,OPEN,103185.18299999999,Lawn & Garden - Tools/Hand held items - Toolboxes | Lawn & Garden - Tools/Hand held items | Lawn & Garden,Metal Tool Box,https://hibid.com/lot/321408395
213,321408396,178481,2.0,0,2,12,OPEN,103195.18,Construction & Farm - Shop / Warehouse - Parts / Accessories | Construction & Farm - Shop / Warehouse | Construction & Farm,Metal Hardware Organizer (2),https://hibid.com/lot/321408396
214,321408397,178482,2.0,0,1,6,OPEN,103205.177,Furniture - Desks / Home Office | Furniture,Metal Storage File Drawer (2),https://hibid.com/lot/321408397
215,321408408,178483,0.0,0,0,7,OPEN,103215.177,Lawn & Garden - Tools/Hand held items - Toolboxes | Lawn & Garden - Tools/Hand held items | Lawn & Garden,"Metal Tool Box inserts, Drill Bit Organizer",https://hibid.com/lot/321408408
216,321408409,178484,2.0,0,1,11,OPEN,103225.173,Lawn & Garden - Tools/Hand held items - Hand Tools | Lawn & Garden - Tools/Hand held items | Lawn & Garden,Plastic Plano Box w/ Staple Gun & Staples,https://hibid.com/lot/321408409
217,321408410,178485,2.0,0,1,10,OPEN,103235.17,Lawn & Garden - Tools/Hand held items - Toolboxes | Lawn & Garden - Tools/Hand held items | Lawn & Garden,Plastic Tool Boxes (2),https://hibid.com/lot/321408410
218,321408411,178486,12.0,0,8,5,OPEN,103245.167,Business & Industrial - Business / Retail - Janitorial - Cleaning Equipment | Business & Industrial - Business / Retail - Janitorial | Business & Industrial - Business / Retail | Business & Industrial,Milwaukee Contractors Vaccum,https://hibid.com/lot/321408411
219,321408412,178487,3.0,0,2,5,OPEN,103255.163,Business & Industrial - Business / Retail - Janitorial - Cleaning Equipment | Business & Industrial - Business / Retail - Janitorial | Business & Industrial - Business / Retail | Business & Industrial,12 Gallon Portable Blower Shop Vac,https://hibid.com/lot/321408412
220,321408413,178488,36.0,0,14,6,OPEN,103265.163,Lawn & Garden - Tools/Hand held items - Hand Tools | Lawn & Garden - Tools/Hand held items | Lawn & Garden,Crescent Wrench 600MM,https://hibid.com/lot/321408413
221,321408414,178489,2.0,0,1,5,OPEN,103275.15999999999,Lawn & Garden - Tools/Hand held items - Hand Tools | Lawn & Garden - Tools/Hand held items | Lawn & Garden,Crescent Wrench 450MM,https://hibid.com/lot/321408414
222,321408415,178490,27.0,0,16,4,OPEN,103285.15699999999,Lawn & Garden - Tools/Hand held items - Hand Tools | Lawn & Garden - Tools/Hand held items | Lawn & Garden,Crescent Wrenches (6),https://hibid.com/lot/321408415
223,321408416,178491,5.0,0,4,5,OPEN,103295.15299999999,Lawn & Garden - Tools/Hand held items - Hand Tools | Lawn & Garden - Tools/Hand held items | Lawn & Garden,Crescent Wrenches (8),https://hibid.com/lot/321408416
224,321408418,178492,4.0,0,3,3,OPEN,103305.15,Lawn & Garden - Tools/Hand held items - Hand Tools | Lawn & Garden - Tools/Hand held items | Lawn & Garden,Crescent Wrenches Standard & Metric,https://hibid.com/lot/321408418
225,321408428,178493,4.0,0,2,6,OPEN,103315.15,Lawn & Garden - Tools/Hand held items - Hand Tools | Lawn & Garden - Tools/Hand held items | Lawn & Garden,Craftsman SAE Combination Wrenches (5),https://hibid.com/lot/321408428
226,321408429,178494,3.0,0,2,3,OPEN,103325.147,Lawn & Garden - Tools/Hand held items - Hand Tools | Lawn & Garden - Tools/Hand held items | Lawn & Garden,Proto SAE Combination Wrenches (4),https://hibid.com/lot/321408429
227,321408430,178497,3.0,0,2,4,OPEN,103335.143,Lawn & Garden - Tools/Hand held items - Hand Tools | Lawn & Garden - Tools/Hand held items | Lawn & Garden,Proto Metric Wrenches,https://hibid.com/lot/321408430
228,321408431,178498,2.0,0,1,7,OPEN,103345.14,Lawn & Garden - Tools/Hand held items - Hand Tools | Lawn & Garden - Tools/Hand held items | Lawn & Garden,Opened End & Combination Wrenches SAE & Metric,https://hibid.com/lot/321408431
229,321408432,178499,2.0,0,1,5,OPEN,103355.133,Lawn & Garden - Tools/Hand held items - Hand Tools | Lawn & Garden - Tools/Hand held items | Lawn & Garden,SAE Combination & Open End Wrenches (7),https://hibid.com/lot/321408432
230,321408433,178500,4.0,0,3,4,OPEN,103365.12999999999,Lawn & Garden - Tools/Hand held items - Hand Tools | Lawn & Garden - Tools/Hand held items | Lawn & Garden,SAE Craftsman Combination Wrenches In A Case,https://hibid.com/lot/321408433
231,321408434,178501,0.0,0,0,3,OPEN,103375.12999999999,Lawn & Garden - Tools/Hand held items - Hand Tools | Lawn & Garden - Tools/Hand held items | Lawn & Garden,12 Point DBLBox End Offset SAE Wrenches,https://hibid.com/lot/321408434
232,321408435,178502,0.0,0,0,3,OPEN,103385.127,Lawn & Garden - Tools/Hand held items - Hand Tools | Lawn & Garden - Tools/Hand held items | Lawn & Garden,Craftsman SAE Offset DBL Box End Wrench’s (2),https://hibid.com/lot/321408435
233,321408436,178503,2.0,0,1,3,OPEN,103395.12299999999,Lawn & Garden - Tools/Hand held items - Hand Tools | Lawn & Garden - Tools/Hand held items | Lawn & Garden,Craftsman SAE DBL Box End Wrenches (5),https://hibid.com/lot/321408436
234,321408437,178507,5.0,0,4,3,OPEN,103405.12,Lawn & Garden - Tools/Hand held items - Hand Tools | Lawn & Garden - Tools/Hand held items | Lawn & Garden,SAE DBL Ended Offset Box End Wrenches (6),https://hibid.com/lot/321408437
235,321408448,178508,2.0,0,1,4,OPEN,103415.12,Lawn & Garden - Tools/Hand held items - Hand Tools | Lawn & Garden - Tools/Hand held items | Lawn & Garden,SAE Double 12 Point Box End Wrenches (4),https://hibid.com/lot/321408448
236,321408449,178509,0.0,0,0,4,OPEN,103425.117,Lawn & Garden - Tools/Hand held items - Hand Tools | Lawn & Garden - Tools/Hand held items | Lawn & Garden,Bicycle Wrench & Flat Wrenches,https://hibid.com/lot/321408449
237,321408450,178510,0.0,0,0,9,OPEN,103435.113,Lawn & Garden - Tools/Hand held items - Hand Tools | Lawn & Garden - Tools/Hand held items | Lawn & Garden,SAE Metal Hand Wrenches Assortment (14),https://hibid.com/lot/321408450
238,321408451,178511,0.0,0,0,7,OPEN,103445.11,Lawn & Garden - Tools/Hand held items - Hand Tools | Lawn & Garden - Tools/Hand held items | Lawn & Garden,"Craftsman Bottle Cap Wrench, 6In Crescent Wrench",https://hibid.com/lot/321408451
239,321408452,178512,3.0,0,2,4,OPEN,103455.11,Lawn & Garden - Tools/Hand held items - Hand Tools | Lawn & Garden - Tools/Hand held items | Lawn & Garden,SAE Double Ended Offset Box End Wrenches (14),https://hibid.com/lot/321408452
240,321408453,178513,6.0,0,5,5,OPEN,103465.10699999999,Lawn & Garden - Tools/Hand held items - Hand Tools | Lawn & Garden - Tools/Hand held items | Lawn & Garden,SAE Craftsman Wrench Assortment (17),https://hibid.com/lot/321408453
241,321408454,178514,2.0,0,1,7,OPEN,103475.10299999999,Lawn & Garden - Tools/Hand held items - Hand Tools | Lawn & Garden - Tools/Hand held items | Lawn & Garden,SAE Double Box End Offset Wrenches (19),https://hibid.com/lot/321408454
242,321408455,178515,6.0,0,5,4,OPEN,103485.09999999999,Lawn & Garden - Tools/Hand held items - Hand Tools | Lawn & Garden - Tools/Hand held items | Lawn & Garden,Tekton Socket Wrench & Socket Set Metric,https://hibid.com/lot/321408455
243,321408456,178516,2.0,0,1,4,OPEN,103495.09999999999,Lawn & Garden - Tools/Hand held items - Hand Tools | Lawn & Garden - Tools/Hand held items | Lawn & Garden,Metal Wrenches Combination and Specialty (9),https://hibid.com/lot/321408456
244,321408457,178517,2.0,0,1,7,OPEN,103505.097,Lawn & Garden - Tools/Hand held items - Hand Tools | Lawn & Garden - Tools/Hand held items | Lawn & Garden,SAE Wrench Assortment (25),https://hibid.com/lot/321408457
245,321408469,178518,2.0,0,1,3,OPEN,103515.093,Lawn & Garden - Tools/Hand held items - Hand Tools | Lawn & Garden - Tools/Hand held items | Lawn & Garden,Open End & Combination Wrenches (28),https://hibid.com/lot/321408469
246,321408470,178519,0.0,0,0,7,OPEN,103525.09,Lawn & Garden - Tools/Hand held items - Hand Tools | Lawn & Garden - Tools/Hand held items | Lawn & Garden,SAE Wrench Assortment,https://hibid.com/lot/321408470
247,321408471,178520,3.0,0,2,7,OPEN,103535.087,Lawn & Garden - Tools/Hand held items - Hand Tools | Lawn & Garden - Tools/Hand held items | Lawn & Garden,Adjustable Pipe Wrenches (3),https://hibid.com/lot/321408471
248,321408472,178521,2.0,0,1,3,OPEN,103545.083,Lawn & Garden - Tools/Hand held items - Hand Tools | Lawn & Garden - Tools/Hand held items | Lawn & Garden,Adjustable Pipe Wrenches (2),https://hibid.com/lot/321408472
249,321408473,178522,2.0,0,1,3,OPEN,103555.08,Lawn & Garden - Tools/Hand held items - Hand Tools | Lawn & Garden - Tools/Hand held items | Lawn & Garden,Pipe Wrenches (3),https://hibid.com/lot/321408473
250,321408474,178523,0.0,0,0,5,OPEN,103565.08,Lawn & Garden - Tools/Hand held items - Hand Tools | Lawn & Garden - Tools/Hand held items | Lawn & Garden,Adjustable Pipe Wrenches (3),https://hibid.com/lot/321408474
251,321408475,178524,5.0,0,4,5,OPEN,103575.07699999999,Lawn & Garden - Tools/Hand held items - Hand Tools | Lawn & Garden - Tools/Hand held items | Lawn & Garden,Soft-Face Mallets Wooden Handles (5),https://hibid.com/lot/321408475
252,321408476,178525,6.0,0,5,8,OPEN,103585.06999999999,Lawn & Garden - Tools/Hand held items - Hand Tools | Lawn & Garden - Tools/Hand held items | Lawn & Garden,Dead Blow Hammers & Mallets (6),https://hibid.com/lot/321408476
253,321408477,178526,3.0,0,2,4,OPEN,103595.06999999999,Lawn & Garden - Tools/Hand held items - Hand Tools | Lawn & Garden - Tools/Hand held items | Lawn & Garden,Claw Hammers W/Textured Grips (3),https://hibid.com/lot/321408477
254,321408478,178527,3.0,0,2,5,OPEN,103605.067,Lawn & Garden - Tools/Hand held items - Hand Tools | Lawn & Garden - Tools/Hand held items | Lawn & Garden,"Striking, Claw & Ball-Peen Hammers (5)",https://hibid.com/lot/321408478
255,321408489,178528,2.0,0,1,5,OPEN,103615.063,Lawn & Garden - Tools/Hand held items - Hand Tools | Lawn & Garden - Tools/Hand held items | Lawn & Garden,Striking Hammer & Ball-Peen Hammers (3),https://hibid.com/lot/321408489
256,321408490,178529,0.0,0,0,5,OPEN,103625.06,Lawn & Garden - Tools/Hand held items - Hand Tools | Lawn & Garden - Tools/Hand held items | Lawn & Garden,Ball-Peen Hammers W/Wood Handles (3),https://hibid.com/lot/321408490
257,321408491,178530,2.0,0,1,5,OPEN,103635.057,Lawn & Garden - Tools/Hand held items - Hand Tools | Lawn & Garden - Tools/Hand held items | Lawn & Garden,Claw Hammers W/Wood Handles (4),https://hibid.com/lot/321408491
258,321408492,178531,2.0,0,1,6,OPEN,103645.053,Lawn & Garden - Tools/Hand held items - Hand Tools | Lawn & Garden - Tools/Hand held items | Lawn & Garden,Ball-Peen Hammers W/Wooden Handles (5),https://hibid.com/lot/321408492
259,321408493,178532,2.0,0,1,8,OPEN,103655.04999999999,Lawn & Garden - Tools/Hand held items - Hand Tools | Lawn & Garden - Tools/Hand held items | Lawn & Garden,"Cross-Peen Hammer, Claw Hammers (4)",https://hibid.com/lot/321408493
260,321408494,178533,2.0,0,1,5,OPEN,103665.04999999999,Lawn & Garden - Tools/Hand held items - Hand Tools | Lawn & Garden - Tools/Hand held items | Lawn & Garden,Chrome Plated Speed Handle Socket Wrenches,https://hibid.com/lot/321408494
261,321408495,178534,2.0,0,1,9,OPEN,103675.04699999999,Lawn & Garden - Tools/Hand held items - Hand Tools | Lawn & Garden - Tools/Hand held items | Lawn & Garden,Chrome Drive Sockets SAE & Metric,https://hibid.com/lot/321408495
262,321408496,178535,2.0,0,1,4,OPEN,103685.04299999999,Lawn & Garden - Tools/Hand held items - Hand Tools | Lawn & Garden - Tools/Hand held items | Lawn & Garden,Chrome Deep Sockets Metric & Standard (12),https://hibid.com/lot/321408496
263,321408497,178536,2.0,0,1,5,OPEN,103695.04,Lawn & Garden - Tools/Hand held items - Hand Tools | Lawn & Garden - Tools/Hand held items | Lawn & Garden,Deep Sockets Varying Sizes SAE & Metric,https://hibid.com/lot/321408497
264,321408498,178537,0.0,0,0,5,OPEN,103705.04,Lawn & Garden - Tools/Hand held items - Hand Tools | Lawn & Garden - Tools/Hand held items | Lawn & Garden,Ridgid Straight Pipe Wrenches (2),https://hibid.com/lot/321408498
265,321408509,178538,9.0,0,8,6,OPEN,103715.037,Lawn & Garden - Tools/Hand held items - Hand Tools | Lawn & Garden - Tools/Hand held items | Lawn & Garden,Chrome Sockets & Craftsman Ratchet Standard,https://hibid.com/lot/321408509
266,321408510,178539,0.0,0,0,9,OPEN,103723.71699999999,Lawn & Garden - Tools/Hand held items - Hand Tools | Lawn & Garden - Tools/Hand held items | Lawn & Garden,"Metal Sockets, Ratchet & Socket Rail",https://hibid.com/lot/321408510
267,321408511,178540,0.0,0,0,5,OPEN,103733.71299999999,Lawn & Garden - Tools/Hand held items - Hand Tools | Lawn & Garden - Tools/Hand held items | Lawn & Garden,SAE Sockets & 2 Long Extension Bars,https://hibid.com/lot/321408511
268,321408512,178541,12.0,0,11,8,OPEN,103743.70999999999,Lawn & Garden - Tools/Hand held items - Hand Tools | Lawn & Garden - Tools/Hand held items | Lawn & Garden,"Ratchet Handles, Extension Bars, Standard & Deep",https://hibid.com/lot/321408512
269,321408513,178542,0.0,0,0,7,OPEN,103753.707,Lawn & Garden - Tools/Hand held items - Hand Tools | Lawn & Garden - Tools/Hand held items | Lawn & Garden,"Speed Handle, SAE Sockets,Extension Bars",https://hibid.com/lot/321408513
270,321408514,178543,2.0,0,1,6,OPEN,103763.703,Lawn & Garden - Tools/Hand held items - Hand Tools | Lawn & Garden - Tools/Hand held items | Lawn & Garden,"Craftsman Ratchet, Assorted Drive Sockets &",https://hibid.com/lot/321408514
271,321408516,178544,6.0,0,5,6,OPEN,103773.7,Lawn & Garden - Tools/Hand held items - Hand Tools | Lawn & Garden - Tools/Hand held items | Lawn & Garden,"Ratchets, Extension Bars & Chrome Sockets Metric",https://hibid.com/lot/321408516
272,321408518,178545,0.0,0,0,7,OPEN,103783.7,Lawn & Garden - Tools/Hand held items - Hand Tools | Lawn & Garden - Tools/Hand held items | Lawn & Garden,"Ratchets,Extension Bars, Shallow & Deep Sockets",https://hibid.com/lot/321408518
273,321408520,178546,3.0,0,2,10,OPEN,103793.693,Lawn & Garden - Tools/Hand held items - Hand Tools | Lawn & Garden - Tools/Hand held items | Lawn & Garden,"Socket Wrenches,Extension Bars, Adapters",https://hibid.com/lot/321408520
274,321408522,178547,2.0,0,1,7,OPEN,103803.69,Lawn & Garden - Tools/Hand held items - Hand Tools | Lawn & Garden - Tools/Hand held items | Lawn & Garden,"Drive Sockets,Ratchets, Extensions, Hex Bits",https://hibid.com/lot/321408522
275,321408529,178548,2.0,0,1,5,OPEN,103813.69,Lawn & Garden - Tools/Hand held items - Hand Tools | Lawn & Garden - Tools/Hand held items | Lawn & Garden,"Sockets, Ratchet Wrench & Extension Bars",https://hibid.com/lot/321408529
276,321408530,178549,3.0,0,2,7,OPEN,103823.68299999999,Lawn & Garden - Tools/Hand held items - Hand Tools | Lawn & Garden - Tools/Hand held items | Lawn & Garden,Deep Well Extractors & Short Twist/Extractor,https://hibid.com/lot/321408530
277,321408531,178550,2.0,0,1,9,OPEN,103833.68,Construction & Farm - Shop / Warehouse - Parts / Accessories | Construction & Farm - Shop / Warehouse | Construction & Farm,"Swivel Adapters, Universal Joints, Flex Sockets",https://hibid.com/lot/321408531
278,321408532,178551,0.0,0,0,10,OPEN,103843.68,Lawn & Garden - Tools/Hand held items - Hand Tools | Lawn & Garden - Tools/Hand held items | Lawn & Garden,Nut Drivers In Metric & SAE Sizes,https://hibid.com/lot/321408532
279,321408533,178552,2.0,0,1,10,OPEN,103853.677,Lawn & Garden - Tools/Hand held items - Hand Tools | Lawn & Garden - Tools/Hand held items | Lawn & Garden,SAE Spark Plug Sockets & Red Container,https://hibid.com/lot/321408533
280,321408534,178553,2.0,0,1,10,OPEN,103863.673,Lawn & Garden - Tools/Hand held items - Hand Tools | Lawn & Garden - Tools/Hand held items | Lawn & Garden,"Metal Sockets, Open End Wrenches,Extension Bars",https://hibid.com/lot/321408534
281,321408535,178554,4.0,0,2,7,OPEN,103873.67,Lawn & Garden - Tools/Hand held items - Hand Tools | Lawn & Garden - Tools/Hand held items | Lawn & Garden,"SAE Hex Driver Bits, Metric Hex Bit",https://hibid.com/lot/321408535
282,321408536,178555,0.0,0,0,8,OPEN,103883.667,Construction & Farm - Shop / Warehouse - Parts / Accessories | Construction & Farm - Shop / Warehouse | Construction & Farm,Metalworking Hand Taps & Countersinks,https://hibid.com/lot/321408536
283,321408538,178556,2.0,0,1,7,OPEN,103893.663,Construction & Farm - Shop / Warehouse - Saws / Drills | Construction & Farm - Shop / Warehouse | Construction & Farm,Metal Drill Bit Index Cases & Bits,https://hibid.com/lot/321408538
284,321408540,178557,0.0,0,0,3,OPEN,103903.65999999999,Construction & Farm - Shop / Warehouse - Parts / Accessories | Construction & Farm - Shop / Warehouse | Construction & Farm,"Taps, Reamers, Drill Bits In A Small Red Bin",https://hibid.com/lot/321408540
285,321408549,178558,2.0,0,1,9,OPEN,103913.65999999999,Lawn & Garden - Tools/Hand held items - Hand Tools | Lawn & Garden - Tools/Hand held items | Lawn & Garden,Metal Working Hand Tools,https://hibid.com/lot/321408549
286,321408550,178559,9.0,0,6,8,OPEN,103923.65299999999,Lawn & Garden - Tools/Hand held items - Hand Tools | Lawn & Garden - Tools/Hand held items | Lawn & Garden,Handheld Steel Metalworking Tools,https://hibid.com/lot/321408550
287,321408551,178560,3.0,0,2,5,OPEN,103933.65299999999,Construction & Farm - Shop / Warehouse - Parts / Accessories | Construction & Farm - Shop / Warehouse | Construction & Farm,H.D. Auger Drill Bits& Twist Bits,https://hibid.com/lot/321408551
288,321408552,178561,3.0,0,2,8,OPEN,103943.65,Construction & Farm - Shop / Warehouse - Saws / Drills | Construction & Farm - Shop / Warehouse | Construction & Farm,Twist Drill Bits,https://hibid.com/lot/321408552
289,321408553,178562,2.0,0,1,3,OPEN,103953.647,Construction & Farm - Shop / Warehouse - Saws / Drills | Construction & Farm - Shop / Warehouse | Construction & Farm,"Screw Extractor & Drill Set,Steel Drill Bits (9)",https://hibid.com/lot/321408553
290,321408554,178563,4.0,0,3,3,OPEN,103963.643,Construction & Farm - Shop / Warehouse - Parts / Accessories | Construction & Farm - Shop / Warehouse | Construction & Farm,Assorted Metal Twist Drill Bits In A Plastic Bin,https://hibid.com/lot/321408554
291,321408555,178564,2.0,0,1,10,OPEN,103973.64,Lawn & Garden - Tools/Hand held items - Mixed Tools | Lawn & Garden - Tools/Hand held items | Lawn & Garden,Woodworking & Drilling Tools,https://hibid.com/lot/321408555
292,321408557,178565,2.0,0,1,11,OPEN,103983.637,Construction & Farm - Shop / Warehouse - Parts / Accessories | Construction & Farm - Shop / Warehouse | Construction & Farm,Mixed Woodworking Router Bits & Boring Tools,https://hibid.com/lot/321408557
293,321408559,178566,3.0,0,2,9,OPEN,103993.633,Lawn & Garden - Tools/Hand held items - Hand Tools | Lawn & Garden - Tools/Hand held items | Lawn & Garden,Tungsten 40 Pc Steel Tap & Die Set,https://hibid.com/lot/321408559
294,321408562,178568,2.0,0,1,4,OPEN,104003.62999999999,Construction & Farm - Shop / Warehouse - Parts / Accessories | Construction & Farm - Shop / Warehouse | Construction & Farm,"Assortment Of Metal & Wood Drill Bits, Auger Bits",https://hibid.com/lot/321408562
295,321408569,178569,4.0,0,3,10,OPEN,104013.627,Construction & Farm - Shop / Warehouse - Parts / Accessories | Construction & Farm - Shop / Warehouse | Construction & Farm,Wood Boring AugerDrill Bits W/Canvas Case,https://hibid.com/lot/321408569
296,321408570,178570,2.0,0,1,8,OPEN,104023.62299999999,Construction & Farm - Shop / Warehouse - Parts / Accessories | Construction & Farm - Shop / Warehouse | Construction & Farm,Wood Auger Bits Assorted Sizes,https://hibid.com/lot/321408570
297,321408571,178571,2.0,0,1,6,OPEN,104033.62,Construction & Farm - Shop / Warehouse - Saws / Drills | Construction & Farm - Shop / Warehouse | Construction & Farm,Metal & Wood Drill Bits (15),https://hibid.com/lot/321408571
298,321408572,178572,2.0,0,1,5,OPEN,104043.617,Construction & Farm - Shop / Warehouse - Parts / Accessories | Construction & Farm - Shop / Warehouse | Construction & Farm,HSS Twist Drill Bits W/Spiral Flutes,https://hibid.com/lot/321408572
299,321408573,178573,2.0,0,1,17,OPEN,104053.613,Construction & Farm - Shop / Warehouse - Saws / Drills | Construction & Farm - Shop / Warehouse | Construction & Farm,Assorted Drill Bits,https://hibid.com/lot/321408573
300,321408574,178574,2.0,0,1,6,OPEN,104063.613,Lawn & Garden - Tools/Hand held items - Hand Tools | Lawn & Garden - Tools/Hand held items | Lawn & Garden,"Screw Extractor Set, Auger Drill Bits, Long Reach",https://hibid.com/lot/321408574
301,321408575,178575,2.0,0,1,6,OPEN,104073.61,Lawn & Garden - Tools/Hand held items - Hand Tools | Lawn & Garden - Tools/Hand held items | Lawn & Garden,"Aviation Snips,Sheet Metal Shears, Wire Strippers",https://hibid.com/lot/321408575
302,321408576,178576,2.0,0,1,4,OPEN,104083.60699999999,Lawn & Garden - Tools/Hand held items - Hand Tools | Lawn & Garden - Tools/Hand held items | Lawn & Garden,Metal Pliers & Cutters,https://hibid.com/lot/321408576
303,321408578,178577,10.0,0,10,4,OPEN,104093.60299999999,Lawn & Garden - Tools/Hand held items - Hand Tools | Lawn & Garden - Tools/Hand held items | Lawn & Garden,Channel Lock Tongue & Groove Pliers W/Dipped,https://hibid.com/lot/321408578
304,321408581,178261,0.0,0,0,7,OPEN,104103.59999999999,Lawn & Garden - Tools/Hand held items - Hand Tools | Lawn & Garden - Tools/Hand held items | Lawn & Garden,"Wire Cutters, Assorted Pliers",https://hibid.com/lot/321408581
305,321408589,182663,2.0,0,1,4,OPEN,104113.597,Lawn & Garden - Tools/Hand held items - Hand Tools | Lawn & Garden - Tools/Hand held items | Lawn & Garden,"Hog Ring Pliers, Wire Cutters, Needle Nose Pliers",https://hibid.com/lot/321408589
306,321408590,182664,7.0,0,5,4,OPEN,104123.593,Lawn & Garden - Tools/Hand held items - Hand Tools | Lawn & Garden - Tools/Hand held items | Lawn & Garden,Locking Pliers (5),https://hibid.com/lot/321408590
307,321408591,182665,6.0,0,5,3,OPEN,104133.59,Lawn & Garden - Tools/Hand held items - Hand Tools | Lawn & Garden - Tools/Hand held items | Lawn & Garden,Tongue & Groove Pliers (3),https://hibid.com/lot/321408591
308,321408592,182666,2.0,0,1,5,OPEN,104143.587,Lawn & Garden - Tools/Hand held items - Hand Tools | Lawn & Garden - Tools/Hand held items | Lawn & Garden,"Slip Joint Pliers, Wire Nippers, Combination",https://hibid.com/lot/321408592
309,321408593,182667,2.0,0,1,5,OPEN,104153.583,Lawn & Garden - Tools/Hand held items - Hand Tools | Lawn & Garden - Tools/Hand held items | Lawn & Garden,"Pliers,Wire Strippers",https://hibid.com/lot/321408593
310,321408594,182668,0.0,0,0,4,OPEN,104163.58,Lawn & Garden - Tools/Hand held items - Hand Tools | Lawn & Garden - Tools/Hand held items | Lawn & Garden,"Parallel Jaw Punch& Eyelet Plier, Hand Rivet",https://hibid.com/lot/321408594
311,321408596,182669,2.0,0,1,9,OPEN,104173.58,Lawn & Garden - Tools/Hand held items - Hand Tools | Lawn & Garden - Tools/Hand held items | Lawn & Garden,"Various Hand Tools, Pocket Drivers, Screwdrivers",https://hibid.com/lot/321408596
312,321408598,182670,2.0,0,1,7,OPEN,104183.57699999999,Lawn & Garden - Tools/Hand held items - Hand Tools | Lawn & Garden - Tools/Hand held items | Lawn & Garden,"Precision & Pocket Drivers, Specialty & Hand Tools",https://hibid.com/lot/321408598
313,321408600,182671,3.0,0,2,6,OPEN,104193.57299999999,Lawn & Garden - Tools/Hand held items - Hand Tools | Lawn & Garden - Tools/Hand held items | Lawn & Garden,Screwdrivers & Nut Drivers/Shorter Drivers,https://hibid.com/lot/321408600
314,321408602,182672,2.0,0,1,5,OPEN,104203.57299999999,Lawn & Garden - Tools/Hand held items - Hand Tools | Lawn & Garden - Tools/Hand held items | Lawn & Garden,"Screwdrivers,Metal Awls, Metal Picks Wooden",https://hibid.com/lot/321408602
315,321408609,182673,3.0,0,2,4,OPEN,104213.56999999999,Lawn & Garden - Tools/Hand held items - Hand Tools | Lawn & Garden - Tools/Hand held items | Lawn & Garden,Phillips & Flathead Screwdrivers Various Sizes,https://hibid.com/lot/321408609
316,321408610,182674,2.0,0,1,4,OPEN,104223.567,Lawn & Garden - Tools/Hand held items - Hand Tools | Lawn & Garden - Tools/Hand held items | Lawn & Garden,"Long Shaft Flathead Screwdrivers, Short Flathead",https://hibid.com/lot/321408610
317,321408611,182675,2.0,0,1,4,OPEN,104233.563,Lawn & Garden - Tools/Hand held items - Hand Tools | Lawn & Garden - Tools/Hand held items | Lawn & Garden,Flathead Screwdrivers W/Amber& Black Handles,https://hibid.com/lot/321408611
318,321408612,182676,0.0,0,0,8,OPEN,104243.56,Lawn & Garden - Tools/Hand held items - Hand Tools | Lawn & Garden - Tools/Hand held items | Lawn & Garden,"Ratcheting Multi-Bit Screwdriver, Tack Puller,",https://hibid.com/lot/321408612
319,321408613,182677,2.0,0,1,9,OPEN,104253.553,Lawn & Garden - Tools/Hand held items - Hand Tools | Lawn & Garden - Tools/Hand held items | Lawn & Garden,"Hallow Shaft Hex Drivers, 18-In-1 Stainless",https://hibid.com/lot/321408613
320,321408614,182678,0.0,0,0,4,OPEN,104263.54999999999,Lawn & Garden - Tools/Hand held items - Hand Tools | Lawn & Garden - Tools/Hand held items | Lawn & Garden,"Hex Nut Drivers,Allen Wrench Screwdriver, Wood",https://hibid.com/lot/321408614
321,321408615,182679,12.0,0,8,5,OPEN,104273.54999999999,Lawn & Garden - Tools/Hand held items - Hand Tools | Lawn & Garden - Tools/Hand held items | Lawn & Garden,Retaining Ring Plier Set (12) In A Case.,https://hibid.com/lot/321408615
322,321408617,182680,5.0,0,4,10,OPEN,104283.54699999999,Construction & Farm - Shop / Warehouse - Saws / Drills | Construction & Farm - Shop / Warehouse | Construction & Farm,Holesaw Kit In A Plastic Case,https://hibid.com/lot/321408617
323,321408619,182681,2.0,0,1,4,OPEN,104293.54299999999,Lawn & Garden - Tools/Hand held items - Hand Tools | Lawn & Garden - Tools/Hand held items | Lawn & Garden,Proto Screw & Pipe Extractor Set,https://hibid.com/lot/321408619
324,321408621,182682,11.0,0,9,3,OPEN,104303.54,Lawn & Garden - Tools/Hand held items - Hand Tools | Lawn & Garden - Tools/Hand held items | Lawn & Garden,Mitutoyo Digimatic Digital Caliper Measuring Tool,https://hibid.com/lot/321408621
325,321408629,182683,3.0,0,2,8,OPEN,104313.537,Lawn & Garden - Tools/Hand held items - Hand Tools | Lawn & Garden - Tools/Hand held items | Lawn & Garden,Wood Working Hand Tools,https://hibid.com/lot/321408629
326,321408630,182684,4.0,0,3,6,OPEN,104323.533,Lawn & Garden - Tools/Hand held items - Hand Tools | Lawn & Garden - Tools/Hand held items | Lawn & Garden,"Metal Files, Rasps, Scissors, Wrench",https://hibid.com/lot/321408630
327,321408631,182685,2.0,0,1,5,OPEN,104333.53,Lawn & Garden - Tools/Hand held items - Hand Tools | Lawn & Garden - Tools/Hand held items | Lawn & Garden,"Metal Hand Files , Wood Rasps",https://hibid.com/lot/321408631
328,321408632,182686,6.0,0,4,7,OPEN,104343.53,Lawn & Garden - Tools/Hand held items - Hand Tools | Lawn & Garden - Tools/Hand held items | Lawn & Garden,"Modular O Ring Kit, Repair Tool Kit In A Case",https://hibid.com/lot/321408632
329,321408633,182687,2.0,0,1,3,OPEN,104353.527,Lawn & Garden - Tools/Hand held items - Hand Tools | Lawn & Garden - Tools/Hand held items | Lawn & Garden,"4 Way Lug Wrench, Tire Changing Bars(3)",https://hibid.com/lot/321408633
330,321408634,182688,3.0,0,2,4,OPEN,104363.51999999999,Lawn & Garden - Tools/Hand held items - Hand Tools | Lawn & Garden - Tools/Hand held items | Lawn & Garden,"Metal Pry Bars, Wrecking Bars",https://hibid.com/lot/321408634
331,321408636,182689,3.0,0,2,4,OPEN,104373.51999999999,Lawn & Garden - Tools/Hand held items - Hand Tools | Lawn & Garden - Tools/Hand held items | Lawn & Garden,Steel Pry Bars (2),https://hibid.com/lot/321408636
332,321408639,182690,4.0,0,3,7,OPEN,104383.51699999999,Lawn & Garden - Tools/Hand held items - Hand Tools | Lawn & Garden - Tools/Hand held items | Lawn & Garden,Wrecking/ Crowbars (3),https://hibid.com/lot/321408639
334,321408640,182692,0.0,0,0,5,OPEN,104393.51699999999,Lawn & Garden - Tools/Hand held items - Hand Tools | Lawn & Garden - Tools/Hand held items | Lawn & Garden,Allen Wrenches (Various Sizes),https://hibid.com/lot/321408640
335,321408643,182693,0.0,0,0,6,OPEN,104403.51299999999,Lawn & Garden - Tools/Hand held items - Hand Tools | Lawn & Garden - Tools/Hand held items | Lawn & Garden,Allen Wrenches,https://hibid.com/lot/321408643
336,321408649,182694,0.0,0,0,7,OPEN,104413.507,Lawn & Garden - Tools/Hand held items - Hand Tools | Lawn & Garden - Tools/Hand held items | Lawn & Garden,Hex Key Wrench,https://hibid.com/lot/321408649
337,321408650,182695,2.0,0,2,5,OPEN,104423.507,Lawn & Garden - Tools/Hand held items - Hand Tools | Lawn & Garden - Tools/Hand held items | Lawn & Garden,Pittsburgh Hex Key Wrenches,https://hibid.com/lot/321408650
338,321408651,182696,0.0,0,0,6,OPEN,104433.503,Lawn & Garden - Tools/Hand held items - Hand Tools | Lawn & Garden - Tools/Hand held items | Lawn & Garden,Hex Keys,https://hibid.com/lot/321408651
339,321408652,182697,0.0,0,0,5,OPEN,104443.5,Lawn & Garden - Tools/Hand held items - Hand Tools | Lawn & Garden - Tools/Hand held items | Lawn & Garden,Allen Wrenches,https://hibid.com/lot/321408652
340,321408653,182698,2.0,0,1,7,OPEN,104453.49699999999,Lawn & Garden - Tools/Hand held items - Hand Tools | Lawn & Garden - Tools/Hand held items | Lawn & Garden,Tap and Die Set,https://hibid.com/lot/321408653
341,321408654,182699,2.0,0,1,4,OPEN,104463.493,Lawn & Garden - Tools/Hand held items - Hand Tools | Lawn & Garden - Tools/Hand held items | Lawn & Garden,Wire Brushes,https://hibid.com/lot/321408654
342,321408656,182700,2.0,0,1,4,OPEN,104473.48999999999,Construction & Farm - Shop / Warehouse - Parts / Accessories | Construction & Farm - Shop / Warehouse | Construction & Farm,Cutting Off Wheels,https://hibid.com/lot/321408656
343,321408657,182701,2.0,0,1,5,OPEN,104483.48999999999,Lawn & Garden - Tools/Hand held items - Hand Tools | Lawn & Garden - Tools/Hand held items | Lawn & Garden,"Cutting Wheels, Spanner Wrench",https://hibid.com/lot/321408657
344,321408660,182702,2.0,0,1,4,OPEN,104493.487,Construction & Farm - Shop / Warehouse - Painting | Construction & Farm - Shop / Warehouse | Construction & Farm,Paint Scrapers and Putty Knife,https://hibid.com/lot/321408660
345,321408662,182703,4.0,0,3,8,OPEN,104503.483,Lawn & Garden - Tools/Hand held items - Hand Tools | Lawn & Garden - Tools/Hand held items | Lawn & Garden,"Masonry Tools, Edger",https://hibid.com/lot/321408662
346,321408669,182704,2.0,0,1,10,OPEN,104513.48,Lawn & Garden - Tools/Hand held items - Hand Tools | Lawn & Garden - Tools/Hand held items | Lawn & Garden,"C-Clamp, Bar Clamp, Square Level",https://hibid.com/lot/321408669
347,321408670,182705,7.0,0,5,7,OPEN,104523.477,Lawn & Garden - Tools/Hand held items - Hand Tools | Lawn & Garden - Tools/Hand held items | Lawn & Garden,Vise Grip Locking C-Clamp(4),https://hibid.com/lot/321408670
348,321408671,182706,16.0,0,12,7,OPEN,104533.473,Lawn & Garden - Tools/Hand held items - Hand Tools | Lawn & Garden - Tools/Hand held items | Lawn & Garden,Vise Grip Locking C-Clamp(4),https://hibid.com/lot/321408671
349,321408672,182707,5.0,0,4,3,OPEN,104543.47,Construction & Farm - Shop / Warehouse - Automotive | Construction & Farm - Shop / Warehouse | Construction & Farm,Aluminum Truck Cap Mounting Clamps (5),https://hibid.com/lot/321408672
350,321408673,182708,2.0,0,1,6,OPEN,104553.47,Lawn & Garden - Tools/Hand held items - Hand Tools | Lawn & Garden - Tools/Hand held items | Lawn & Garden,C-Clamps (4),https://hibid.com/lot/321408673
351,321408674,182709,3.0,0,2,6,OPEN,104563.46699999999,Lawn & Garden - Tools/Hand held items - Hand Tools | Lawn & Garden - Tools/Hand held items | Lawn & Garden,C-Clamps (5),https://hibid.com/lot/321408674
352,321408675,182710,2.0,0,1,5,OPEN,104573.45999999999,Lawn & Garden - Tools/Hand held items - Hand Tools | Lawn & Garden - Tools/Hand held items | Lawn & Garden,C-Clamps,https://hibid.com/lot/321408675
353,321408676,182711,5.0,0,3,7,OPEN,104583.45999999999,Lawn & Garden - Tools/Hand held items - Hand Tools | Lawn & Garden - Tools/Hand held items | Lawn & Garden,Mounting Clamps and C-Clamps (8),https://hibid.com/lot/321408676
354,321408677,182712,3.0,0,2,4,OPEN,104593.457,Lawn & Garden - Tools/Hand held items - Hand Tools | Lawn & Garden - Tools/Hand held items | Lawn & Garden,Pipe Vise,https://hibid.com/lot/321408677
355,321408678,182713,2.0,0,2,13,OPEN,104603.45,Lawn & Garden - Tools/Hand held items - Hand Tools | Lawn & Garden - Tools/Hand held items | Lawn & Garden,"Saw Sharpening Vise, Hand-Crank Bench Grinder",https://hibid.com/lot/321408678
356,321408689,182714,0.0,0,0,8,OPEN,104613.447,Lawn & Garden - Tools/Hand held items - Hand Tools | Lawn & Garden - Tools/Hand held items | Lawn & Garden,"Hand Scraper, Clamp-On Bench Vise",https://hibid.com/lot/321408689
357,321408690,182715,0.0,0,0,10,OPEN,104623.443,Construction & Farm - Shop / Warehouse - Parts / Accessories | Construction & Farm - Shop / Warehouse | Construction & Farm,Hardware Organizers (2),https://hibid.com/lot/321408690
358,321408691,182716,16.0,0,6,7,OPEN,104633.44,Business & Industrial - Business / Retail - Displays / Display Cases | Business & Industrial - Business / Retail | Business & Industrial,Drill Bits Retail Store Display Rack,https://hibid.com/lot/321408691
359,321408692,182717,2.0,0,1,7,OPEN,104643.44,Construction & Farm - Shop / Warehouse - Parts / Accessories | Construction & Farm - Shop / Warehouse | Construction & Farm,Hardware Organizer w/ Contents,https://hibid.com/lot/321408692
360,321408693,182718,2.0,0,1,10,OPEN,104653.43699999999,Construction & Farm - Shop / Warehouse - Parts / Accessories | Construction & Farm - Shop / Warehouse | Construction & Farm,Hardware Organizer(2),https://hibid.com/lot/321408693
361,321408694,182719,2.0,0,1,5,OPEN,104663.43299999999,Construction & Farm - Shop / Warehouse - Parts / Accessories | Construction & Farm - Shop / Warehouse | Construction & Farm,Hardware Organizer w/ Contents,https://hibid.com/lot/321408694
362,321408696,182720,2.0,0,1,6,OPEN,104673.43,Construction & Farm - Shop / Warehouse - Parts / Accessories | Construction & Farm - Shop / Warehouse | Construction & Farm,Hardware Organizer with Hardware,https://hibid.com/lot/321408696
363,321408698,182721,0.0,0,0,6,OPEN,104683.427,Construction & Farm - Shop / Warehouse - Parts / Accessories | Construction & Farm - Shop / Warehouse | Construction & Farm,"Bolts, Wall Mount Torch Bracket",https://hibid.com/lot/321408698
364,321408700,182722,4.0,0,2,11,OPEN,104693.423,Construction & Farm - Shop / Warehouse - Parts / Accessories | Construction & Farm - Shop / Warehouse | Construction & Farm,McMaster-Carr Bolt Organizers (2),https://hibid.com/lot/321408700
365,321408702,182723,5.0,0,4,4,OPEN,104703.42,Lawn & Garden - Tools/Hand held items - Hand Tools | Lawn & Garden - Tools/Hand held items | Lawn & Garden,T-Handle Tap Wrenches & Chuck-Style Tap Holders,https://hibid.com/lot/321408702
366,321408709,182724,2.0,0,1,5,OPEN,104713.42,Construction & Farm - Shop / Warehouse - Parts / Accessories | Construction & Farm - Shop / Warehouse | Construction & Farm,Assorted Hinges,https://hibid.com/lot/321408709
367,321408710,182725,10.0,0,6,4,OPEN,104722.093,Construction & Farm - Shop / Warehouse - Parts / Accessories | Construction & Farm - Shop / Warehouse | Construction & Farm,"Doorknob Backplate, Hinges",https://hibid.com/lot/321408710
368,321408711,182726,2.0,0,1,4,OPEN,104732.09,Construction & Farm - Shop / Warehouse - Parts / Accessories | Construction & Farm - Shop / Warehouse | Construction & Farm,Spring Loaded Hinge(2) Hinges,https://hibid.com/lot/321408711
369,321408712,182727,10.0,0,5,5,OPEN,104742.087,Home Goods & Decor - Home Goods - Kitchen / Housewares | Home Goods & Decor - Home Goods | Home Goods & Decor,"Drawer Pulls, Doorknob Backplate",https://hibid.com/lot/321408712
370,321408713,182728,2.0,0,1,8,OPEN,104752.083,Construction & Farm - Shop / Warehouse - Parts / Accessories | Construction & Farm - Shop / Warehouse | Construction & Farm,"Quick Release T Pin, Nuts,",https://hibid.com/lot/321408713
371,321408714,182729,3.0,0,2,9,OPEN,104762.07699999999,Construction & Farm - Shop / Warehouse - Parts / Accessories | Construction & Farm - Shop / Warehouse | Construction & Farm,Infinite Divider System with Various Bolts,https://hibid.com/lot/321408714
372,321408715,182730,2.0,0,1,5,OPEN,104772.07299999999,Lawn & Garden - Tools/Hand held items - Hand Tools | Lawn & Garden - Tools/Hand held items | Lawn & Garden,"Bauer Bi-Metal Precision Tooth Cutting Blade,",https://hibid.com/lot/321408715
373,321408716,182731,3.0,0,2,9,OPEN,104782.06999999999,Construction & Farm - Shop / Warehouse - Parts / Accessories | Construction & Farm - Shop / Warehouse | Construction & Farm,Screws and Nails,https://hibid.com/lot/321408716
374,321408717,182732,2.0,0,1,8,OPEN,104792.067,Construction & Farm - Shop / Warehouse - Parts / Accessories | Construction & Farm - Shop / Warehouse | Construction & Farm,"All-Purpose Screws, Cable Staples",https://hibid.com/lot/321408717
375,321408719,182733,3.0,0,2,5,OPEN,104802.063,Construction & Farm - Shop / Warehouse - Parts / Accessories | Construction & Farm - Shop / Warehouse | Construction & Farm,"S Hooks, Bolts, Washers, Wire Nails",https://hibid.com/lot/321408719
376,321408728,182734,2.0,0,1,5,OPEN,104812.06,Construction & Farm - Shop / Warehouse - Parts / Accessories | Construction & Farm - Shop / Warehouse | Construction & Farm,"Screw Eyes, Mirror Holders, Turn Buttons",https://hibid.com/lot/321408728
377,321408729,182735,2.0,0,1,6,OPEN,104822.057,Lawn & Garden - Tools/Hand held items - Hand Tools | Lawn & Garden - Tools/Hand held items | Lawn & Garden,"Staple Gun w/ Staples, Valve Cores, Air Chuck",https://hibid.com/lot/321408729
378,321408730,182736,4.0,0,2,5,OPEN,104832.04999999999,Construction & Farm - Shop / Warehouse - Parts / Accessories | Construction & Farm - Shop / Warehouse | Construction & Farm,"Screws, Bolts, Staples",https://hibid.com/lot/321408730
379,321408731,182737,2.0,0,1,10,OPEN,104842.04999999999,Lawn & Garden - Tools/Hand held items - Hand Tools | Lawn & Garden - Tools/Hand held items | Lawn & Garden,Black & Decker Case W/ Sockets,https://hibid.com/lot/321408731
380,321408732,182738,2.0,0,1,5,OPEN,104852.04299999999,Construction & Farm - Shop / Warehouse - Parts / Accessories | Construction & Farm - Shop / Warehouse | Construction & Farm,"Trim Nails, Hooks & Eyes,",https://hibid.com/lot/321408732
381,321408733,182739,0.0,0,0,5,OPEN,104862.04,Construction & Farm - Shop / Warehouse - Parts / Accessories | Construction & Farm - Shop / Warehouse | Construction & Farm,Assorted Hardware,https://hibid.com/lot/321408733
382,321408734,182740,3.0,0,2,6,OPEN,104872.037,Construction & Farm - Shop / Warehouse - Parts / Accessories | Construction & Farm - Shop / Warehouse | Construction & Farm,Joist Hangers(4) Brackets,https://hibid.com/lot/321408734
383,321408735,182741,2.0,0,1,7,OPEN,104882.033,Lawn & Garden - Tools/Hand held items - Hand Tools | Lawn & Garden - Tools/Hand held items | Lawn & Garden,"Nut & Bolt Gauge, Stencil Template",https://hibid.com/lot/321408735
384,321408736,182742,0.0,0,0,4,OPEN,104892.03,Construction & Farm - Shop / Warehouse - Saws / Drills | Construction & Farm - Shop / Warehouse | Construction & Farm,"Speed Square, Table Saw Miter Gauge, Squangle",https://hibid.com/lot/321408736
385,321408737,182743,2.0,0,1,7,OPEN,104902.027,Lawn & Garden - Tools/Hand held items - Hand Tools | Lawn & Garden - Tools/Hand held items | Lawn & Garden,Combination Square(2) Quick Square,https://hibid.com/lot/321408737
386,321408738,182744,2.0,0,1,4,OPEN,104912.01999999999,Construction & Farm - Shop / Warehouse - Parts / Accessories | Construction & Farm - Shop / Warehouse | Construction & Farm,Gear Hose Clamps (30),https://hibid.com/lot/321408738
387,321408739,182745,0.0,0,0,6,OPEN,104922.01999999999,Home Goods & Decor - Home Goods - Other Items - Other,"Sickle Bar Mower Rock Guard, Sickle Blade",https://hibid.com/lot/321408739
388,321408740,182746,0.0,0,0,6,OPEN,104932.007,Lawn & Garden - Tools/Hand held items - Hand Tools | Lawn & Garden - Tools/Hand held items | Lawn & Garden,"Flaring Tool, Valve Lifter, Basin Wrench",https://hibid.com/lot/321408740
389,321408741,182747,0.0,0,0,4,OPEN,104942.01,Lawn & Garden - Tools/Hand held items - Hand Tools | Lawn & Garden - Tools/Hand held items | Lawn & Garden,"Strait-Line Laser Level, Screwdriver",https://hibid.com/lot/321408741
390,321408742,182748,2.0,0,1,4,OPEN,104951.983,Lawn & Garden - Tools/Hand held items - Hand Tools | Lawn & Garden - Tools/Hand held items | Lawn & Garden,Tape Measures,https://hibid.com/lot/321408742
391,321408743,182749,0.0,0,0,6,OPEN,104961.99699999999,Construction & Farm - Shop / Warehouse - Machining Tools | Construction & Farm - Shop / Warehouse | Construction & Farm,"Machinist Tools, Metalworking Accessories",https://hibid.com/lot/321408743
392,321408744,182750,2.0,0,1,9,OPEN,104971.993,Lawn & Garden - Outdoor Power Equipment - Chainsaws | Lawn & Garden - Outdoor Power Equipment | Lawn & Garden,"Stihl Saw Chain 16"", Oregon 14 In Chain Saw Bar",https://hibid.com/lot/321408744
393,321408745,182751,3.0,0,2,5,OPEN,104981.98999999999,Construction & Farm - Shop / Warehouse - Saws / Drills | Construction & Farm - Shop / Warehouse | Construction & Farm,Hand Saws (4),https://hibid.com/lot/321408745
394,321408746,182752,0.0,0,0,6,OPEN,104991.983,Construction & Farm - Shop / Warehouse - Saws / Drills | Construction & Farm - Shop / Warehouse | Construction & Farm,"Hand Saws, Sawzall Blade",https://hibid.com/lot/321408746
395,321408747,182753,0.0,0,0,8,OPEN,105001.98,Lawn & Garden - Tools/Hand held items - Hand Tools | Lawn & Garden - Tools/Hand held items | Lawn & Garden,"Caulk and Caulking Gun, Glue Gun",https://hibid.com/lot/321408747
396,321408748,182754,6.0,0,5,7,OPEN,105011.977,Home Goods & Decor - Home Goods - Kitchen / Housewares | Home Goods & Decor - Home Goods | Home Goods & Decor,Utility Hooks,https://hibid.com/lot/321408748
397,321408749,182755,2.0,0,1,22,OPEN,105021.97,Lawn & Garden - Tools/Hand held items - Hand Tools | Lawn & Garden - Tools/Hand held items | Lawn & Garden,"Stanley Planer, Bit Mounts",https://hibid.com/lot/321408749
398,321408750,182756,2.0,0,1,4,OPEN,105031.96699999999,Construction & Farm - Shop / Warehouse - Saws / Drills | Construction & Farm - Shop / Warehouse | Construction & Farm,Pruning Saws (2),https://hibid.com/lot/321408750
399,321408751,182757,2.0,0,1,4,OPEN,105041.96299999999,Construction & Farm - Shop / Warehouse - Saws / Drills | Construction & Farm - Shop / Warehouse | Construction & Farm,Hand Saws (2),https://hibid.com/lot/321408751
400,321408752,182758,2.0,0,1,6,OPEN,105051.95999999999,Construction & Farm - Shop / Warehouse - Saws / Drills | Construction & Farm - Shop / Warehouse | Construction & Farm,Hand Saws (2),https://hibid.com/lot/321408752
401,321408753,182759,3.0,0,2,6,OPEN,105061.957,Lawn & Garden - Tools/Hand held items - Hand Tools | Lawn & Garden - Tools/Hand held items | Lawn & Garden,Grease Guns (3) Crow Bar,https://hibid.com/lot/321408753
402,321408754,182760,0.0,0,0,6,OPEN,105071.95,Construction & Farm - Shop / Warehouse - Automotive | Construction & Farm - Shop / Warehouse | Construction & Farm,Grease Guns(3),https://hibid.com/lot/321408754
403,321408755,182761,2.0,0,1,6,OPEN,105081.95,Construction & Farm - Shop / Warehouse - Parts / Accessories | Construction & Farm - Shop / Warehouse | Construction & Farm,"Router Bits, Craftsman Dovetail",https://hibid.com/lot/321408755
404,321408756,182762,9.0,0,5,8,OPEN,105091.943,Construction & Farm - Shop / Warehouse - Automotive | Construction & Farm - Shop / Warehouse | Construction & Farm,"Jumper Cables, Winch and Pulley Block Hook",https://hibid.com/lot/321408756
405,321408757,182763,7.0,0,6,7,OPEN,105101.94,Construction & Farm - Shop / Warehouse - Tiedowns / Binders | Construction & Farm - Shop / Warehouse | Construction & Farm,Come-Alongs (4),https://hibid.com/lot/321408757
406,321408758,182764,3.0,0,2,8,OPEN,105111.93699999999,Construction & Farm - Shop / Warehouse - Electrical | Construction & Farm - Shop / Warehouse | Construction & Farm,"Extension Cords, Power Strips",https://hibid.com/lot/321408758
407,321408759,182765,4.0,0,3,8,OPEN,105121.93299999999,Construction & Farm - Shop / Warehouse - Parts / Accessories | Construction & Farm - Shop / Warehouse | Construction & Farm,"Power Punch Kit, Drill Bits, Cut of Wheels",https://hibid.com/lot/321408759
408,321408760,182766,0.0,0,0,11,OPEN,105131.93,Construction & Farm - Shop / Warehouse - Electrical | Construction & Farm - Shop / Warehouse | Construction & Farm,"Light Switches, Outlets",https://hibid.com/lot/321408760
409,321408761,182767,2.0,0,1,8,OPEN,105141.927,Lawn & Garden - Tools/Hand held items - Hand Tools | Lawn & Garden - Tools/Hand held items | Lawn & Garden,Wire Cutters(2) Digital Multimeters,https://hibid.com/lot/321408761
410,321408762,182768,2.0,0,1,11,OPEN,105151.923,Construction & Farm - Shop / Warehouse - Electrical | Construction & Farm - Shop / Warehouse | Construction & Farm,"Terminals, Light Switches, Splicing Tape",https://hibid.com/lot/321408762
411,321408763,182769,0.0,0,0,7,OPEN,105161.92,Construction & Farm - Shop / Warehouse - Electrical | Construction & Farm - Shop / Warehouse | Construction & Farm,Electrical Conduit Connections,https://hibid.com/lot/321408763
412,321408764,182770,0.0,0,0,7,OPEN,105171.917,Construction & Farm - Shop / Warehouse - Tiedowns / Binders | Construction & Farm - Shop / Warehouse | Construction & Farm,"Master Lock-Outs, Zip Ties,",https://hibid.com/lot/321408764
413,321408765,182771,0.0,0,0,8,OPEN,105181.913,Construction & Farm - Shop / Warehouse - Parts / Accessories | Construction & Farm - Shop / Warehouse | Construction & Farm,"Beam Clamp Iron, Ball Valve, Coupling",https://hibid.com/lot/321408765
414,321408766,182772,0.0,0,0,5,OPEN,105191.90999999999,Lawn & Garden - Tools/Hand held items - Hand Tools | Lawn & Garden - Tools/Hand held items | Lawn & Garden,"Level, Wrench(2) Scissors",https://hibid.com/lot/321408766
415,321408767,182773,0.0,0,0,12,OPEN,105201.90699999999,Lawn & Garden - Tools/Hand held items - Hand Tools | Lawn & Garden - Tools/Hand held items | Lawn & Garden,Tool Belts,https://hibid.com/lot/321408767
416,321408768,182774,7.0,0,6,7,OPEN,105211.9,Construction & Farm - Shop / Warehouse - Saws / Drills | Construction & Farm - Shop / Warehouse | Construction & Farm,"Jig Saw Blades, Milwaukee Sawzall Blades",https://hibid.com/lot/321408768
417,321408769,182775,6.0,0,4,6,OPEN,105221.897,Construction & Farm - Shop / Warehouse - Saws / Drills | Construction & Farm - Shop / Warehouse | Construction & Farm,Hole Saws(8),https://hibid.com/lot/321408769
418,321408770,182776,0.0,0,0,7,OPEN,105231.89,Construction & Farm - Shop / Warehouse - Saws / Drills | Construction & Farm - Shop / Warehouse | Construction & Farm,Circular Blades,https://hibid.com/lot/321408770
419,321408771,182777,0.0,0,0,7,OPEN,105241.89,Sporting Goods - Camping | Sporting Goods,Coleman Folding High Stands (2),https://hibid.com/lot/321408771
420,321408772,182778,2.0,0,1,5,OPEN,105251.887,Lawn & Garden - Tools/Hand held items - Hand Tools | Lawn & Garden - Tools/Hand held items | Lawn & Garden,"4pack Instant Alarms, Magnets, Broom Clip, C",https://hibid.com/lot/321408772
421,321408773,182779,2.0,0,2,9,OPEN,105261.87999999999,Antiques & Collectibles - Collectibles - Signs | Antiques & Collectibles - Collectibles | Antiques & Collectibles,"No Trespassing Signs, Planted Tree Signs,",https://hibid.com/lot/321408773
422,321408774,182780,2.0,0,1,3,OPEN,105271.87999999999,Antiques & Collectibles - Antiques - Antique Tools | Antiques & Collectibles - Antiques | Antiques & Collectibles,Hand Brace Drills (2),https://hibid.com/lot/321408774
423,321408775,182781,2.0,0,1,6,OPEN,105281.87299999999,Construction & Farm - Shop / Warehouse - Saws / Drills | Construction & Farm - Shop / Warehouse | Construction & Farm,"Manual Drills, Chest Drill",https://hibid.com/lot/321408775
424,321408776,182782,0.0,0,0,5,OPEN,105291.87,Sporting Goods - Camping | Sporting Goods,Flashlight Various Sizes,https://hibid.com/lot/321408776
425,321408777,182783,2.0,0,1,7,OPEN,105301.867,Construction & Farm - Shop / Warehouse - Parts / Accessories | Construction & Farm - Shop / Warehouse | Construction & Farm,"Metal Hardware, Iron Pulleys, Turnbuckles,",https://hibid.com/lot/321408777
426,321408778,182784,0.0,0,0,2,OPEN,105311.863,Construction & Farm - Shop / Warehouse - Parts / Accessories | Construction & Farm - Shop / Warehouse | Construction & Farm,Lag Screw Expansion Shields,https://hibid.com/lot/321408778
427,321408779,182785,0.0,0,0,6,OPEN,105321.86,Lawn & Garden - Tools/Hand held items - Hand Tools | Lawn & Garden - Tools/Hand held items | Lawn & Garden,"25 Ft Stanley Tape Measure, Exhaust Clamps (3)",https://hibid.com/lot/321408779
428,321408780,182786,0.0,0,0,5,OPEN,105331.85699999999,Construction & Farm - Shop / Warehouse - Automotive | Construction & Farm - Shop / Warehouse | Construction & Farm,"Metal Foot Pump W/Pressure, Manual Fluid",https://hibid.com/lot/321408780
429,321408781,182787,2.0,0,1,2,OPEN,105341.85299999999,Construction & Farm - Shop / Warehouse - Tiedowns / Binders | Construction & Farm - Shop / Warehouse | Construction & Farm,"Tow Straps(2), Braided Rope W/Snap Hook",https://hibid.com/lot/321408781
430,321408782,182788,3.0,0,2,12,OPEN,105351.84999999999,Construction & Farm - Shop / Warehouse - Parts / Accessories | Construction & Farm - Shop / Warehouse | Construction & Farm,"Door Hardware, Door Knob Parts, Lamp Sockets",https://hibid.com/lot/321408782
431,321408783,182789,4.0,0,3,4,OPEN,105361.847,Construction & Farm - Shop / Warehouse - Welding Accessories | Construction & Farm - Shop / Warehouse | Construction & Farm,"Wire Solder(6), Solder Paste(3)",https://hibid.com/lot/321408783
432,321408784,182790,2.0,0,1,8,OPEN,105371.843,Construction & Farm - Shop / Warehouse - Painting | Construction & Farm - Shop / Warehouse | Construction & Farm,"Paint Brushes, Steel Mud & Resin Mixer Paddle",https://hibid.com/lot/321408784
433,321408785,182791,2.0,0,1,10,OPEN,105381.84,Construction & Farm - Shop / Warehouse - Parts / Accessories | Construction & Farm - Shop / Warehouse | Construction & Farm,"Household Hardware- Screen Hangers, Fasteners",https://hibid.com/lot/321408785
434,321408786,182792,2.0,0,1,5,OPEN,105391.837,Construction & Farm - Shop / Warehouse - Tiedowns / Binders | Construction & Farm - Shop / Warehouse | Construction & Farm,"Cargo Straps, Winch Straps, Ratchet Tie-Down",https://hibid.com/lot/321408786
435,321408787,182793,2.0,0,1,5,OPEN,105401.833,Construction & Farm - Shop / Warehouse - Tiedowns / Binders | Construction & Farm - Shop / Warehouse | Construction & Farm,Assorted Rope,https://hibid.com/lot/321408787
436,321408788,182794,2.0,0,1,8,OPEN,105411.83,Fashion - Women's Accessories | Fashion,"Ear Plugs, Assorted Gloves",https://hibid.com/lot/321408788
437,321408789,182795,0.0,0,0,5,OPEN,105421.82299999999,Home Goods & Decor - Home Goods - Kitchen / Housewares | Home Goods & Decor - Home Goods | Home Goods & Decor,Red Plastic Cubby Containers 2 Sizes,https://hibid.com/lot/321408789
438,321408790,182796,2.0,0,1,5,OPEN,105431.813,Lawn & Garden - Tools/Hand held items - Hand Tools | Lawn & Garden - Tools/Hand held items | Lawn & Garden,Plastic Socket Organizer Trays (6),https://hibid.com/lot/321408790
439,321408791,182797,0.0,0,0,20,OPEN,105441.817,Lawn & Garden - Tools/Hand held items - Toolboxes | Lawn & Garden - Tools/Hand held items | Lawn & Garden,"Plastic Organizer Bins, Metal Tool Tray",https://hibid.com/lot/321408791
440,321408792,182798,0.0,0,0,9,OPEN,105451.813,Construction & Farm - Shop / Warehouse - Parts / Accessories | Construction & Farm - Shop / Warehouse | Construction & Farm,"Drill Bits,Washers, Nuts, Bolts, Rotary Tools",https://hibid.com/lot/321408792
441,321408793,182799,14.0,0,11,6,OPEN,105461.81,Lawn & Garden - Tools/Hand held items - Hand Tools | Lawn & Garden - Tools/Hand held items | Lawn & Garden,"Steel Splitting Wedges,Plastic Wedge,Metal Chisel",https://hibid.com/lot/321408793
442,321408794,182800,0.0,0,0,12,OPEN,105471.807,Construction & Farm - Shop / Warehouse - Parts / Accessories | Construction & Farm - Shop / Warehouse | Construction & Farm,"Mechanical Perforated Belting, Long Eye Bolt,",https://hibid.com/lot/321408794
443,321408795,182801,4.0,0,3,7,OPEN,105481.803,Construction & Farm - Shop / Warehouse - Parts / Accessories | Construction & Farm - Shop / Warehouse | Construction & Farm,"Steel Hitch Pins, Lynch Pins,Wire Lock, Hitch Pin",https://hibid.com/lot/321408795
444,321408796,182802,6.0,0,3,7,OPEN,105491.79999999999,Construction & Farm - Attachments - Hitch | Construction & Farm - Attachments | Construction & Farm,"Hitch, Drop & H.D. Steel Linkage Pins",https://hibid.com/lot/321408796
445,321408797,182803,3.0,0,2,5,OPEN,105501.79299999999,Construction & Farm - Shop / Warehouse - Parts / Accessories | Construction & Farm - Shop / Warehouse | Construction & Farm,"Radiator Cap, Door Pulls(2),Bolt Gate Latch",https://hibid.com/lot/321408797
446,321408798,182804,7.0,0,5,6,OPEN,105511.79,Construction & Farm - Shop / Warehouse - Parts / Accessories | Construction & Farm - Shop / Warehouse | Construction & Farm,Tractor Top Links (2),https://hibid.com/lot/321408798
447,321408799,182805,3.0,0,2,8,OPEN,105521.787,Construction & Farm - Shop / Warehouse - Parts / Accessories | Construction & Farm - Shop / Warehouse | Construction & Farm,"Eye Bolts(4), J Bolts(2), Hook & Eye Turnbuckle",https://hibid.com/lot/321408799
448,321408800,182806,0.0,0,0,7,OPEN,105531.783,Lawn & Garden - Tools/Hand held items - Hand Tools | Lawn & Garden - Tools/Hand held items | Lawn & Garden,"Tubing Cutters(3),Gasket Sealant, Angle Valve",https://hibid.com/lot/321408800
449,321408801,182807,2.0,0,1,5,OPEN,105541.78,Home Goods & Decor - Home Goods - Kitchen / Housewares | Home Goods & Decor - Home Goods | Home Goods & Decor,"Rolls Of Labels,Electric Tape,Marking Chalk &",https://hibid.com/lot/321408801
450,321408802,182808,3.0,0,2,15,OPEN,105551.777,Construction & Farm - Building Supplies - Building Hardware | Construction & Farm - Building Supplies | Construction & Farm,"Latch & Lock Sets, Door Handles, Casters",https://hibid.com/lot/321408802
451,321408803,182809,2.0,0,1,12,OPEN,105561.773,Construction & Farm - Shop / Warehouse - Electrical | Construction & Farm - Shop / Warehouse | Construction & Farm,"Copper Line,Electrical Wires & Cables, Orange Cord",https://hibid.com/lot/321408803
452,321408804,182810,2.0,0,1,15,OPEN,105571.76999999999,Construction & Farm - Shop / Warehouse - Parts / Accessories | Construction & Farm - Shop / Warehouse | Construction & Farm,"Value,Fittings & Nipples, Couplings, Caps And",https://hibid.com/lot/321408804
453,321408805,182811,0.0,0,0,4,OPEN,105581.76699999999,Business & Industrial - Business / Retail - Racks / Shelving | Business & Industrial - Business / Retail | Business & Industrial,Metal Folding Luggage Or Accessory Racks (6),https://hibid.com/lot/321408805
454,321408806,182812,2.0,0,1,14,OPEN,105591.76,Lawn & Garden - Tools/Hand held items - Hand Tools | Lawn & Garden - Tools/Hand held items | Lawn & Garden,"Banding Tensioner, Saw Setter, 2 Jaw Gear Puller",https://hibid.com/lot/321408806
455,321408807,182813,0.0,0,0,11,OPEN,105601.757,Construction & Farm - Shop / Warehouse - Automotive | Construction & Farm - Shop / Warehouse | Construction & Farm,Manual Lubrication Automobile Tools,https://hibid.com/lot/321408807
456,321408808,182814,3.0,0,2,9,OPEN,105611.753,Construction & Farm - Shop / Warehouse - Automotive | Construction & Farm - Shop / Warehouse | Construction & Farm,"Automotive Fluids, Lubricants and Maintenance",https://hibid.com/lot/321408808
457,321408809,182815,2.0,0,1,4,OPEN,105621.743,Construction & Farm - Shop / Warehouse - Parts / Accessories | Construction & Farm - Shop / Warehouse | Construction & Farm,"Chain Detacher, Chain Breaker, Assorted V-Belts",https://hibid.com/lot/321408809
458,321408810,182816,11.0,0,8,7,OPEN,105631.75,Construction & Farm - Shop / Warehouse - Parts / Accessories | Construction & Farm - Shop / Warehouse | Construction & Farm,Copper Pipe Plumbing Fittings & Connectors,https://hibid.com/lot/321408810
459,321408811,182817,3.0,0,2,5,OPEN,105641.74699999999,Construction & Farm - Attachments - Hitch | Construction & Farm - Attachments | Construction & Farm,"Adjustable Trailer Hitch, Hitch Sleeve",https://hibid.com/lot/321408811
460,321408812,182818,2.0,0,1,5,OPEN,105651.73999999999,Construction & Farm - Attachments - Hitch | Construction & Farm - Attachments | Construction & Farm,"Reese Towpower Trailer Hitch 2’ Ball, Metal Chisel",https://hibid.com/lot/321408812
461,321408813,182819,2.0,0,1,5,OPEN,105661.73999999999,Construction & Farm - Shop / Warehouse - Jacks | Construction & Farm - Shop / Warehouse | Construction & Farm,"Screw Top Bottle Jack, 6 Ton Hydraulic Jack",https://hibid.com/lot/321408813
462,321408814,182820,5.0,0,4,3,OPEN,105671.737,Lawn & Garden - Tools/Hand held items - Hand Tools | Lawn & Garden - Tools/Hand held items | Lawn & Garden,Companion 3 1/2 In. Bench Vise,https://hibid.com/lot/321408814
463,321408815,182821,2.0,0,1,5,OPEN,105681.733,Construction & Farm - Attachments - Hitch | Construction & Farm - Attachments | Construction & Farm,Heavy Metal Tractor Drawbar/Flat Hitch Bar,https://hibid.com/lot/321408815
464,321408816,182822,2.0,0,1,8,OPEN,105691.73,Construction & Farm - Attachments - Hitch | Construction & Farm - Attachments | Construction & Farm,4 Trailer Hitch Balls Various Sizes,https://hibid.com/lot/321408816
465,321408817,182823,3.0,0,2,3,OPEN,105701.727,Construction & Farm - Construction Attachments - Drawbar | Construction & Farm - Construction Attachments | Construction & Farm,Category 1 Tractor Drawbar,https://hibid.com/lot/321408817
466,321408818,182824,13.0,0,10,6,OPEN,105711.72,Construction & Farm - Shop / Warehouse - Parts / Accessories | Construction & Farm - Shop / Warehouse | Construction & Farm,"H.D. Forged Steel Slip Hooks, Screw Pin Anchors",https://hibid.com/lot/321408818
467,321408819,182825,8.0,0,6,7,OPEN,105720.40299999999,Construction & Farm - Shop / Warehouse - Scales / Hoists | Construction & Farm - Shop / Warehouse | Construction & Farm,"3 Metal Bow Shackles, Forged Steel Eye Hoist Hook",https://hibid.com/lot/321408819
468,321408820,182826,5.0,0,5,7,OPEN,105730.4,Construction & Farm - Shop / Warehouse - Tiedowns / Binders | Construction & Farm - Shop / Warehouse | Construction & Farm,"Double Clevis, Grab Hook Assembly, Bow Shackle(2)",https://hibid.com/lot/321408820
469,321408821,182827,0.0,0,0,8,OPEN,105740.393,Construction & Farm - Attachments - Hitch | Construction & Farm - Attachments | Construction & Farm,"Trailer Towing Hardware, Trailer Hitch Ball",https://hibid.com/lot/321408821
470,321408822,182828,2.0,0,1,7,OPEN,105750.39,Construction & Farm - Shop / Warehouse - Automotive | Construction & Farm - Shop / Warehouse | Construction & Farm,Steel Towing Components,https://hibid.com/lot/321408822
471,321408823,182829,2.0,0,1,30,OPEN,105760.387,Construction & Farm - Shop / Warehouse - Parts / Accessories | Construction & Farm - Shop / Warehouse | Construction & Farm,"Steel Number Punch Set, Spring, Bearing Units",https://hibid.com/lot/321408823
472,321408824,182830,0.0,0,0,8,OPEN,105770.37999999999,Construction & Farm - Shop / Warehouse - Parts / Accessories | Construction & Farm - Shop / Warehouse | Construction & Farm,General 330 Planer Knife Grinding/Sharpening,https://hibid.com/lot/321408824
473,321408825,182831,2.0,0,1,15,OPEN,105780.377,Construction & Farm - Shop / Warehouse - Parts / Accessories | Construction & Farm - Shop / Warehouse | Construction & Farm,"Steel Adapter Bracket,2 In. Shank Ball Mount, A",https://hibid.com/lot/321408825
474,321408826,182832,0.0,0,0,11,OPEN,105790.37299999999,Construction & Farm - Shop / Warehouse - Electrical | Construction & Farm - Shop / Warehouse | Construction & Farm,Permanent Magnet DC Gearmotor. & Circuit Board,https://hibid.com/lot/321408826
475,321408827,182833,0.0,0,0,8,OPEN,105800.37,Home Goods & Decor - Home Goods - Lighting - Fixtures / Sconces | Home Goods & Decor - Home Goods - Lighting | Home Goods & Decor - Home Goods | Home Goods & Decor,"White Linear Fluorescent Light Fixture, Work Light",https://hibid.com/lot/321408827
476,321408828,182834,6.0,0,5,5,OPEN,105810.367,Antiques & Collectibles - Collectibles - Gas / Oil | Antiques & Collectibles - Collectibles | Antiques & Collectibles,Handheld Oil Cans and Oilers(5),https://hibid.com/lot/321408828
477,321408829,182835,0.0,0,0,4,OPEN,105820.363,Construction & Farm - Shop / Warehouse - Automotive | Construction & Farm - Shop / Warehouse | Construction & Farm,"Antifreeze & Coolant Tester(2), Oil Filter",https://hibid.com/lot/321408829
478,321408830,182836,0.0,0,0,11,OPEN,105830.36,Antiques & Collectibles - Collectibles - Gas / Oil | Antiques & Collectibles - Collectibles | Antiques & Collectibles,"Anti-Freeze Tester, Oil Can Spouts,, Siphon,",https://hibid.com/lot/321408830
479,321408831,182837,55.0,0,11,9,OPEN,105840.35699999999,Construction & Farm - Shop / Warehouse - Parts / Accessories | Construction & Farm - Shop / Warehouse | Construction & Farm,New In Box I Drive Garage Door Opener,https://hibid.com/lot/321408831
480,321408832,182838,2.0,0,1,5,OPEN,105850.34999999999,Antiques & Collectibles - Collectibles - Gas / Oil | Antiques & Collectibles - Collectibles | Antiques & Collectibles,"Metal Oil Can Pitchers W/Long Spouts,Pump",https://hibid.com/lot/321408832
481,321408833,182839,3.0,0,2,11,OPEN,105860.347,Construction & Farm - Shop / Warehouse - Automotive | Construction & Farm - Shop / Warehouse | Construction & Farm,"Automotive Products, Bearings",https://hibid.com/lot/321408833
482,321408834,182840,2.0,0,1,13,OPEN,105870.343,Construction & Farm - Shop / Warehouse - Automotive | Construction & Farm - Shop / Warehouse | Construction & Farm,"Ceramic Disc Brake Pads W/Hardware Kit, Fuel",https://hibid.com/lot/321408834
483,321408835,182841,2.0,0,1,19,OPEN,105880.34,Construction & Farm - Shop / Warehouse - Automotive | Construction & Farm - Shop / Warehouse | Construction & Farm,"Bearing Buddy, Battery Hydrometer , Spark Plugs",https://hibid.com/lot/321408835
484,321408836,182842,3.0,0,2,16,OPEN,105890.33,Construction & Farm - Shop / Warehouse - Automotive | Construction & Farm - Shop / Warehouse | Construction & Farm,"Power guard Vented Battery Box, Funnels,",https://hibid.com/lot/321408836
485,321408837,182843,16.0,0,9,4,OPEN,105900.33,Construction & Farm - Shop / Warehouse - Automotive | Construction & Farm - Shop / Warehouse | Construction & Farm,"Napa Battery Charger 3 Amp, Schauer Battery",https://hibid.com/lot/321408837
486,321408838,182844,6.0,0,4,2,OPEN,105910.32699999999,Construction & Farm - Shop / Warehouse - Automotive | Construction & Farm - Shop / Warehouse | Construction & Farm,Schauer Battery Charger 10 AMP,https://hibid.com/lot/321408838
487,321408839,182845,8.0,0,6,4,OPEN,105920.31999999999,Antiques & Collectibles - Collectibles - Signs | Antiques & Collectibles - Collectibles | Antiques & Collectibles,Metal Slow Moving Signs(5),https://hibid.com/lot/321408839
488,321408840,182846,11.0,0,6,5,OPEN,105930.31999999999,Lawn & Garden - Tools/Hand held items - Hand Tools | Lawn & Garden - Tools/Hand held items | Lawn & Garden,Steel I-Beam Bar Clamps (2),https://hibid.com/lot/321408840
489,321408841,182847,0.0,0,0,7,OPEN,105940.317,Lawn & Garden - Tools/Hand held items - Hand Tools | Lawn & Garden - Tools/Hand held items | Lawn & Garden,"Metal Yard Stick, Levels (3)",https://hibid.com/lot/321408841
490,321408842,182848,5.0,0,4,2,OPEN,105950.313,Lawn & Garden - Tools/Hand held items - Hand Tools | Lawn & Garden - Tools/Hand held items | Lawn & Garden,"L Shaped Framing Square, Steel Ruler, Squares",https://hibid.com/lot/321408842
491,321408843,182849,2.0,0,1,4,OPEN,105960.31,Lawn & Garden - Tools/Hand held items - Hand Tools | Lawn & Garden - Tools/Hand held items | Lawn & Garden,Deluxe Ice Scraper With Brush (3),https://hibid.com/lot/321408843
492,321408844,182850,7.0,0,6,4,OPEN,105970.307,Construction & Farm - Shop / Warehouse - Automotive | Construction & Farm - Shop / Warehouse | Construction & Farm,Wiper Blade Replacement 22In (3),https://hibid.com/lot/321408844
493,321408845,182851,0.0,0,0,3,OPEN,105980.303,Lawn & Garden - Tools/Hand held items - Hand Tools | Lawn & Garden - Tools/Hand held items | Lawn & Garden,"Utility Brush W/Long Handle, Ice Scrapers (3)",https://hibid.com/lot/321408845
494,321408846,182852,17.0,0,11,16,OPEN,105990.29999999999,Construction & Farm - Shop / Warehouse - Tiedowns / Binders | Construction & Farm - Shop / Warehouse | Construction & Farm,"Metal Tow Chain W/Hooks, Tractor Chain, Hooks",https://hibid.com/lot/321408846
495,321408847,182853,0.0,0,0,4,OPEN,106000.29699999999,Construction & Farm - Shop / Warehouse - Automotive | Construction & Farm - Shop / Warehouse | Construction & Farm,Heavy Duty Tire Chain,https://hibid.com/lot/321408847
496,321408848,182854,2.0,0,1,23,OPEN,106010.29,Construction & Farm - Shop / Warehouse - Tiedowns / Binders | Construction & Farm - Shop / Warehouse | Construction & Farm,"Tire Chains (2), Heavy Duty Chain Pieces W/Hooks",https://hibid.com/lot/321408848
497,321408849,182855,2.0,0,1,14,OPEN,106020.287,Construction & Farm - Shop / Warehouse - Tiedowns / Binders | Construction & Farm - Shop / Warehouse | Construction & Farm,"Tire Chains, Tow Chain W/Hook & End Ring",https://hibid.com/lot/321408849
498,321408850,182856,20.0,0,12,4,OPEN,106030.283,Lawn & Garden - Outdoors | Lawn & Garden,Femco Weatherbrake Universal Fit Cover,https://hibid.com/lot/321408850
499,321408851,182857,4.0,0,4,8,OPEN,106040.28,Lawn & Garden - Outdoors | Lawn & Garden,"Ortho Lawn Products, Weed Killer, Sprayers",https://hibid.com/lot/321408851
500,321408852,182858,2.0,0,1,9,OPEN,106050.277,Construction & Farm - Shop / Warehouse - Automotive | Construction & Farm - Shop / Warehouse | Construction & Farm,"ATV Lubricant, STA-BIL, Motor Oil, Anti-Freeze",https://hibid.com/lot/321408852
501,321408853,182859,7.0,0,6,6,OPEN,106060.273,Construction & Farm - Shop / Warehouse - Automotive | Construction & Farm - Shop / Warehouse | Construction & Farm,"Motor Oil, Antifreeze, Bar & Chain Oil In A Tub",https://hibid.com/lot/321408853
502,321408854,182860,4.0,0,3,4,OPEN,106070.26999999999,Construction & Farm - Shop / Warehouse - Automotive | Construction & Farm - Shop / Warehouse | Construction & Farm,Automotive & Marine Maintenance Products,https://hibid.com/lot/321408854
503,321408855,182861,2.0,0,1,11,OPEN,106080.26699999999,Construction & Farm - Shop / Warehouse - Parts / Accessories | Construction & Farm - Shop / Warehouse | Construction & Farm,"Paint Roller Covers, Sandpaper, Multi Function",https://hibid.com/lot/321408855
504,321408856,182862,0.0,0,0,4,OPEN,106090.26299999999,Construction & Farm - Shop / Warehouse - Parts / Accessories | Construction & Farm - Shop / Warehouse | Construction & Farm,"3-Lever Mechanical Clutch Pressure Plate, 9’Disc",https://hibid.com/lot/321408856
504B,321408857,185084,8.0,0,6,3,OPEN,106100.26,Home Goods & Decor - Home Goods - Linens / Curtains | Home Goods & Decor - Home Goods | Home Goods & Decor,Tension Rods(4),https://hibid.com/lot/321408857
505,321408858,182863,2.0,0,1,8,OPEN,106110.257,Lawn & Garden - Outdoors | Lawn & Garden,"Hose Nozzles, Hose Repair Kit, Hose Coupler,",https://hibid.com/lot/321408858
506,321408859,182864,7.0,0,5,4,OPEN,106120.253,Construction & Farm - Building Supplies - Other Building Materials | Construction & Farm - Building Supplies | Construction & Farm,"Garage Door Bottom Seal, Weatherseal, Round Spline",https://hibid.com/lot/321408859
507,321408860,182865,3.0,0,2,5,OPEN,106130.25,Lawn & Garden - Outdoors | Lawn & Garden,"Plunger Mole Trap, Giant Destroyer Gas Killer,",https://hibid.com/lot/321408860
508,321408861,182866,2.0,0,1,3,OPEN,106140.24699999999,Lawn & Garden - Outdoors | Lawn & Garden,Lawn Sprinklers (2),https://hibid.com/lot/321408861
509,321408862,182867,3.0,0,2,4,OPEN,106150.243,Construction & Farm - Shop / Warehouse - Electrical | Construction & Farm - Shop / Warehouse | Construction & Farm,Coils Of Flexible Metal Wire,https://hibid.com/lot/321408862
509B,321408863,185085,3.0,0,2,4,OPEN,106160.23999999999,Lawn & Garden - Tools/Hand held items - Power Tools | Lawn & Garden - Tools/Hand held items | Lawn & Garden,Ridgid Staple Gun In A Case,https://hibid.com/lot/321408863
510,321408864,182868,3.0,0,2,7,OPEN,106170.233,"Construction & Farm - Turf Equipment - Blowers, Sweepers & Vacuums | Construction & Farm - Turf Equipment | Construction & Farm","Leaf Blower, Hedge Trimmer",https://hibid.com/lot/321408864
511,321408865,182869,2.0,0,1,5,OPEN,106180.23,Lawn & Garden - Tools/Hand held items - Hand Tools | Lawn & Garden - Tools/Hand held items | Lawn & Garden,"Pruners, Loppers, Hedge Shears",https://hibid.com/lot/321408865
512,321408866,182870,4.0,0,3,6,OPEN,106190.227,Lawn & Garden - Tools/Hand held items - Hand Tools | Lawn & Garden - Tools/Hand held items | Lawn & Garden,"Hand Sickles (3),Hedge Shears",https://hibid.com/lot/321408866
513,321408867,182871,22.0,0,16,7,OPEN,106200.22,Lawn & Garden - Outdoors | Lawn & Garden,Metal Watering Cans (2),https://hibid.com/lot/321408867
514,321408868,182872,2.0,0,1,9,OPEN,106210.22,Lawn & Garden - Outdoors | Lawn & Garden,"Hose Hangers (2), Sprinklers (2), Watering Wand",https://hibid.com/lot/321408868
515,321408869,182873,2.0,0,1,8,OPEN,106220.21299999999,Lawn & Garden - Outdoors | Lawn & Garden,"Water Timer, Gardening Hand Tools, Metal W",https://hibid.com/lot/321408869
516,321408870,182874,4.0,0,4,11,OPEN,106230.20999999999,Sporting Goods - Firearms / Weapons - Ammunition | Sporting Goods - Firearms / Weapons | Sporting Goods,"Wooden Shotgun Ammo Box, Metal Ammo Case",https://hibid.com/lot/321408870
517,321408871,182875,2.0,0,1,8,OPEN,106240.207,Sporting Goods - Fishing | Sporting Goods,"Fishing Supplies: Fish Hooks, Sinkers, Lil Rhino",https://hibid.com/lot/321408871
518,321408872,182876,6.0,0,5,5,OPEN,106250.2,Antiques & Collectibles - Collectibles - Kitchen / Home | Antiques & Collectibles - Collectibles | Antiques & Collectibles,Vintage Tin Containers with Varnish and Fly Line,https://hibid.com/lot/321408872
519,321408873,182877,7.0,0,5,10,OPEN,106260.197,Sporting Goods - Fishing | Sporting Goods,"Fishing Supplies: Hooks, Lures, Stopper Lures",https://hibid.com/lot/321408873
520,321408874,182878,0.0,0,0,5,OPEN,106270.19,Sporting Goods - Fishing | Sporting Goods,"Burlap Material Fishing Net, Wooden Frame with",https://hibid.com/lot/321408874
521,321408875,182879,0.0,0,0,11,OPEN,106280.18299999999,Sporting Goods - Fishing | Sporting Goods,"Fishing Tackle Boxes(5 empty), 4 with Very Small",https://hibid.com/lot/321408875
522,321408876,182880,5.0,0,2,5,OPEN,106290.18,Sporting Goods - Fishing | Sporting Goods,"Fly Line Cleaner, Split Shot, Hooks, Fly Line,",https://hibid.com/lot/321408876
523,321408877,182881,2.0,0,1,4,OPEN,106300.177,Sporting Goods - Fishing | Sporting Goods,"Ice Fishing Scoops(2), Wooden Ice Fishing Poles(3)",https://hibid.com/lot/321408877
524,321408878,182882,0.0,0,0,10,OPEN,106310.173,Sporting Goods - Fishing | Sporting Goods,"Fishing Reels(4), Rapid Rod, Sport Pal, Repair",https://hibid.com/lot/321408878
525,321408879,182883,4.0,0,2,5,OPEN,106320.17,Sporting Goods - Fishing | Sporting Goods,Vintage Fishing Lure Boxes(5),https://hibid.com/lot/321408879
526,321408880,182884,9.0,0,7,11,OPEN,106330.167,Sporting Goods - Fishing | Sporting Goods,"Fishing Lures(11), Fishing Flies, Bass Lake L",https://hibid.com/lot/321408880
527,321408881,182885,0.0,0,0,16,OPEN,106340.15999999999,Sporting Goods - Fishing | Sporting Goods,Fishing Gear and Tackle,https://hibid.com/lot/321408881
528,321408882,182886,0.0,0,0,15,OPEN,106350.15699999999,Sporting Goods - Fishing | Sporting Goods,"Marine Fish Finder, Vinyl Repair Kit, Sno-Seal",https://hibid.com/lot/321408882
529,321408883,182887,3.0,0,2,9,OPEN,106360.15,Sporting Goods - Fishing | Sporting Goods,Fishing & Outdoor Gear,https://hibid.com/lot/321408883
530,321408884,182888,3.0,0,2,7,OPEN,106370.15,Sporting Goods - Fishing | Sporting Goods,"Metal Ice Fishing Skimmers, Ice Auger Sharpener",https://hibid.com/lot/321408884
531,321408885,182889,5.0,0,4,9,OPEN,106380.143,Sporting Goods - Fishing | Sporting Goods,"Fishing Rod Holder, Metal Minnow Bucket, Wire",https://hibid.com/lot/321408885
532,321408886,182890,3.0,0,2,8,OPEN,106390.14,Sporting Goods - Fishing | Sporting Goods,Bait Buckets (2) Metal & Plastic,https://hibid.com/lot/321408886
533,321408887,182891,2.0,0,1,7,OPEN,106400.137,Home Goods & Decor - Home Goods - Kitchen / Housewares | Home Goods & Decor - Home Goods | Home Goods & Decor,"Galvanized Metal Buckets (2), Plastic Topper",https://hibid.com/lot/321408887
534,321408888,182892,3.0,0,2,9,OPEN,106410.133,Sporting Goods - Hunting & Trapping | Sporting Goods,"Flambeau Duck Decoy, G and H Duck Decoy",https://hibid.com/lot/321408888
535,321408889,182893,3.0,0,2,9,OPEN,106420.12999999999,Sporting Goods - Hunting & Trapping | Sporting Goods,Italian Pair of Duck Decoys,https://hibid.com/lot/321408889
536,321408890,182894,7.0,0,5,5,OPEN,106430.127,Sporting Goods - Hunting & Trapping | Sporting Goods,"Turkey Decoy, 2 Sets of Legs",https://hibid.com/lot/321408890
537,321408891,182895,8.0,0,6,6,OPEN,106440.12299999999,Sporting Goods - Hunting & Trapping | Sporting Goods,Foam Duck Decoy with Wooden Head,https://hibid.com/lot/321408891
538,321408892,182896,7.0,0,5,8,OPEN,106450.12,Sporting Goods - Hunting & Trapping | Sporting Goods,Foam Duck Decoy with Wooden Interchangeable Head,https://hibid.com/lot/321408892
539,321408893,182897,6.0,0,4,9,OPEN,106460.117,Sporting Goods - Hunting & Trapping | Sporting Goods,"Paper Mache Goose Decoy, Plastic Owl Decoy",https://hibid.com/lot/321408893
540,321408894,182898,0.0,0,0,5,OPEN,106470.113,Sporting Goods - Fishing | Sporting Goods,Ice Fishing Tote and Seat,https://hibid.com/lot/321408894
541,321408895,182899,0.0,0,0,7,OPEN,106480.11,Sporting Goods - Fishing | Sporting Goods,Ice Fishing Seat and Storage,https://hibid.com/lot/321408895
542,321408896,182900,0.0,0,0,12,OPEN,106490.10699999999,Sporting Goods - Fishing | Sporting Goods,"Polar Therm, Small Tackle Boxes with Various",https://hibid.com/lot/321408896
543,321408897,182901,2.0,0,1,4,OPEN,106500.10299999999,Sporting Goods - Fishing | Sporting Goods,Small Wooden Fishing Rods,https://hibid.com/lot/321408897
544,321408898,182902,0.0,0,0,7,OPEN,106510.09999999999,Sporting Goods - Fishing | Sporting Goods,Small Fishing Rods with Reels,https://hibid.com/lot/321408898
545,321408899,182903,0.0,0,0,6,OPEN,106520.097,Sporting Goods - Fishing | Sporting Goods,Various Fishing Rods(no reels),https://hibid.com/lot/321408899
546,321408900,182904,4.0,0,3,8,OPEN,106530.093,Sporting Goods - Fishing | Sporting Goods,Plano Rolling Tackle Box,https://hibid.com/lot/321408900
547,321408901,182905,2.0,0,1,6,OPEN,106540.09,Antiques & Collectibles - Collectibles - Kitchen / Home | Antiques & Collectibles - Collectibles | Antiques & Collectibles,Sealtest Insulated Milk Box,https://hibid.com/lot/321408901
548,321408902,182906,0.0,0,0,5,OPEN,106550.087,Sporting Goods - Fishing | Sporting Goods,4 Expandable Fishing Poles,https://hibid.com/lot/321408902
549,321408903,182907,2.0,0,1,6,OPEN,106560.083,Sporting Goods - Fishing | Sporting Goods,"Bamboo Fishing Pole, Fishing Spear, Expandable",https://hibid.com/lot/321408903
550,321408904,182908,0.0,0,0,24,OPEN,106570.07699999999,Sporting Goods - Fishing | Sporting Goods,"Bamboo Rod, Actionized Rod, Fishing Hook Handle",https://hibid.com/lot/321408904
551,321408905,182909,0.0,0,0,14,OPEN,106580.07299999999,Sporting Goods - Fishing | Sporting Goods,"Fishing Pillow, Nylon Snelled Hooks, Eagle Hooks",https://hibid.com/lot/321408905
552,321408906,182910,2.0,0,1,6,OPEN,106590.06999999999,Lawn & Garden - Outdoors | Lawn & Garden,Flow Troll (2),https://hibid.com/lot/321408906
553,321408907,182911,0.0,0,0,13,OPEN,106600.063,Sporting Goods - Sporting Goods / Outdoor Recreation - Outdoor Games & Sports Equipment | Sporting Goods - Sporting Goods / Outdoor Recreation | Sporting Goods,"Trolling Bucket, Styrofoam Cooler",https://hibid.com/lot/321408907
554,321408908,182912,3.0,0,2,7,OPEN,106610.06,Sporting Goods - Sporting Goods / Outdoor Recreation - Outdoor Games & Sports Equipment | Sporting Goods - Sporting Goods / Outdoor Recreation | Sporting Goods,LaCrosse Outdoorsman Knee Boots,https://hibid.com/lot/321408908
555,321408909,182913,0.0,0,0,5,OPEN,106620.057,Fashion - Men's Shoes - Boots | Fashion - Men's Shoes | Fashion,Servus 5-Buckle Rubber Boots Size 13,https://hibid.com/lot/321408909
555B,321408910,185112,0.0,0,0,4,OPEN,106630.04999999999,Home Goods & Decor - Home Goods - Bed / Bath Items | Home Goods & Decor - Home Goods | Home Goods & Decor,"Milk Create w/ Scent-A-Way, Mink Oil",https://hibid.com/lot/321408910
556,321408911,182914,21.0,0,16,13,OPEN,106640.04999999999,Sporting Goods - Fishing | Sporting Goods,Fishing Wicker Creel(2) Padded Cushion,https://hibid.com/lot/321408911
557,321408912,182915,0.0,0,0,14,OPEN,106650.04699999999,Sporting Goods - Fishing | Sporting Goods,"Charlie Reeds Small Line Box, Berkley Tackle Box",https://hibid.com/lot/321408912
558,321408913,182916,0.0,0,0,14,OPEN,106660.04,Sporting Goods - Hunting & Trapping | Sporting Goods,Hand Gun Wooden Wall Mount,https://hibid.com/lot/321408913
559,321408914,182917,3.0,0,2,10,OPEN,106670.037,Sporting Goods - Hunting & Trapping | Sporting Goods,"3D Leafy Camouflage Net, Mounting Bracket W/Seat",https://hibid.com/lot/321408914
560,321408915,182918,2.0,0,1,13,OPEN,106680.033,Sporting Goods - Camping | Sporting Goods,"Backpack Carrying Frame, Camo Seat",https://hibid.com/lot/321408915
561,321408916,182919,0.0,0,0,9,OPEN,106690.03,Sporting Goods - Hunting & Trapping | Sporting Goods,"Hot Hands, Crossbow Lube, Turkey Still Targets",https://hibid.com/lot/321408916
562,321408917,182920,2.0,0,1,13,OPEN,106700.027,Construction & Farm - Shop / Warehouse - Safety | Construction & Farm - Shop / Warehouse | Construction & Farm,"Guide Gear, Belt Holster, Safety Strap w/Pulley",https://hibid.com/lot/321408917
563,321408918,182921,0.0,0,0,8,OPEN,106710.01999999999,Construction & Farm - Shop / Warehouse - Safety | Construction & Farm - Shop / Warehouse | Construction & Farm,Safety Harness,https://hibid.com/lot/321408918
564,321408919,182922,0.0,0,0,7,OPEN,106718.69,Construction & Farm - Shop / Warehouse - Safety | Construction & Farm - Shop / Warehouse | Construction & Farm,Safety Harness (3),https://hibid.com/lot/321408919
565,321408920,182923,2.0,0,1,15,OPEN,106728.68699999999,Antiques & Collectibles - Modern Militaria | Antiques & Collectibles,"Range Gear Pouch, Safety Harness, Military Canteen",https://hibid.com/lot/321408920
566,321408921,182924,3.0,0,2,8,OPEN,106738.68299999999,Sporting Goods - Hunting & Trapping | Sporting Goods,Benchrest Brush .338 Cal(2) . Deer Sense,https://hibid.com/lot/321408921
567,321408922,182925,12.0,0,11,7,OPEN,106748.68,Sporting Goods - Sporting Goods / Outdoor Recreation - Fitness & Exercise Equipment | Sporting Goods - Sporting Goods / Outdoor Recreation | Sporting Goods,Bone Collector BC-300 Bag Filed Point Archery,https://hibid.com/lot/321408922
568,321408923,182926,12.0,0,11,8,OPEN,106758.677,Sporting Goods - Sporting Goods / Outdoor Recreation - Fitness & Exercise Equipment | Sporting Goods - Sporting Goods / Outdoor Recreation | Sporting Goods,Bone Collector 300 Bag Field Point Archery Target,https://hibid.com/lot/321408923
569,321408924,182927,3.0,0,2,5,OPEN,106768.67,Sporting Goods - Sporting Goods / Outdoor Recreation - Fitness & Exercise Equipment | Sporting Goods - Sporting Goods / Outdoor Recreation | Sporting Goods,Pro Stop Magnum Archery Target,https://hibid.com/lot/321408924
570,321408925,182928,4.0,0,3,13,OPEN,106778.667,Fashion - Men's Clothing - Coats / Jackets | Fashion - Men's Clothing | Fashion,Camo Pants(2) Camo Jackets (2) in a Tote,https://hibid.com/lot/321408925
571,321408926,182929,6.0,0,5,14,OPEN,106788.65999999999,Fashion - Men's Clothing - Coats / Jackets | Fashion - Men's Clothing | Fashion,"Camo Pants, Sweatshirt, Orange Vest",https://hibid.com/lot/321408926
572,321408927,182930,0.0,0,0,7,OPEN,106798.65699999999,Sporting Goods - Camping | Sporting Goods,Acorn Fire-Resistant Vault,https://hibid.com/lot/321408927
573,321408928,182931,9.0,0,8,16,OPEN,106808.65299999999,Sporting Goods - Sporting Goods / Outdoor Recreation - Fitness & Exercise Equipment | Sporting Goods - Sporting Goods / Outdoor Recreation | Sporting Goods,Stealth Cam SD Card Reader/ Viewer,https://hibid.com/lot/321408928
574,321408929,182932,6.0,0,4,17,OPEN,106818.65,Sporting Goods - Firearms / Weapons - Knives / Blades | Sporting Goods - Firearms / Weapons | Sporting Goods,"Whitetail Unlimited Pocket Knife, Buck Hunting",https://hibid.com/lot/321408929
575,321408930,182933,2.0,0,2,5,OPEN,106828.647,Construction & Farm - Shop / Warehouse - Parts / Accessories | Construction & Farm - Shop / Warehouse | Construction & Farm,Ram-Line Replacement Stock,https://hibid.com/lot/321408930
576,321408931,182934,0.0,0,0,9,OPEN,106838.643,Sporting Goods - Sporting Goods / Outdoor Recreation - Outdoor Games & Sports Equipment | Sporting Goods - Sporting Goods / Outdoor Recreation | Sporting Goods,"Easton 2312 UltraLite Arrows, Whisker Biscuit",https://hibid.com/lot/321408931
577,321408932,182935,5.0,0,4,9,OPEN,106848.64,Sporting Goods - Camping | Sporting Goods,Cast Iron 3 Burner Camp Stove Propane,https://hibid.com/lot/321408932
577B,321408933,185068,13.0,0,10,14,OPEN,106858.63699999999,Sporting Goods - Firearms / Weapons - Ammunition | Sporting Goods - Firearms / Weapons | Sporting Goods,"Fusion 30-06 Spring 150 Grain, 12GA Shotgun Shell",https://hibid.com/lot/321408933
578,321408934,182936,11.0,0,8,10,OPEN,106868.633,Sporting Goods - Hunting & Trapping | Sporting Goods,Mounted Deer Antlers (2),https://hibid.com/lot/321408934
579,321408935,182937,11.0,0,10,10,OPEN,106878.62999999999,Sporting Goods - Hunting & Trapping | Sporting Goods,Mounted Deer Skull (2),https://hibid.com/lot/321408935
580,321408936,182938,7.0,0,4,9,OPEN,106888.62299999999,Sporting Goods - Hunting & Trapping | Sporting Goods,Antlers,https://hibid.com/lot/321408936
581,321408937,182939,10.0,0,8,8,OPEN,106898.62,Sporting Goods - Hunting & Trapping | Sporting Goods,Antlers (11),https://hibid.com/lot/321408937
582,321408938,182940,7.0,0,6,7,OPEN,106908.617,Sporting Goods - Hunting & Trapping | Sporting Goods,Deer Antlers (6),https://hibid.com/lot/321408938
583,321408939,182941,6.0,0,4,4,OPEN,106918.613,Lawn & Garden - Outdoors | Lawn & Garden,Milk Crate Of Antlers,https://hibid.com/lot/321408939
584,321408940,182942,6.0,0,5,8,OPEN,106928.61,Sporting Goods - Hunting & Trapping | Sporting Goods,Risdon Milk Crate w/ Antlers,https://hibid.com/lot/321408940
585,321408942,182943,13.0,0,11,4,OPEN,106938.61,Sporting Goods - Hunting & Trapping | Sporting Goods,Deer Hanger Gambrel (3),https://hibid.com/lot/321408942
586,321408943,182944,3.0,0,2,5,OPEN,106948.60299999999,Sporting Goods - Hunting & Trapping | Sporting Goods,Ameristep Pop-Up Blind,https://hibid.com/lot/321408943
587,321408944,182945,0.0,0,0,7,OPEN,106958.59999999999,Sporting Goods - Sporting Goods / Outdoor Recreation - Outdoor Games & Sports Equipment | Sporting Goods - Sporting Goods / Outdoor Recreation | Sporting Goods,Golf Clubs (4),https://hibid.com/lot/321408944
588,321408945,182946,0.0,0,0,8,OPEN,106968.59999999999,Sporting Goods - Sporting Goods / Outdoor Recreation - Outdoor Games & Sports Equipment | Sporting Goods - Sporting Goods / Outdoor Recreation | Sporting Goods,Wooden-Headed Golf Clubs (4),https://hibid.com/lot/321408945
589,321408946,182947,3.0,0,2,5,OPEN,106978.597,Sporting Goods - Camping | Sporting Goods,Army Tent,https://hibid.com/lot/321408946
590,321408947,182948,5.0,0,4,6,OPEN,106988.59,Sporting Goods - Fishing | Sporting Goods,Vintage Wooden Fishing Lures(3),https://hibid.com/lot/321408947
591,321408948,182949,13.0,0,8,8,OPEN,106998.587,Sporting Goods - Fishing | Sporting Goods,Vintage Wooden Fishing Lures(4),https://hibid.com/lot/321408948
592,321408949,182950,4.0,0,3,10,OPEN,107008.583,Sporting Goods - Fishing | Sporting Goods,Wooden Fishing Lures(4),https://hibid.com/lot/321408949
593,321408950,182951,8.0,0,5,12,OPEN,107018.58,Sporting Goods - Fishing | Sporting Goods,Wooden Fishing Lures(3),https://hibid.com/lot/321408950
594,321408951,182952,4.0,0,3,8,OPEN,107028.57699999999,Sporting Goods - Fishing | Sporting Goods,Wooden Fishing Lures(3),https://hibid.com/lot/321408951
595,321408952,182953,4.0,0,3,8,OPEN,107038.57299999999,Sporting Goods - Fishing | Sporting Goods,"3 Wooden Fishing Lures: Heddon Basser, South B",https://hibid.com/lot/321408952
596,321408953,182954,4.0,0,3,6,OPEN,107048.56999999999,Sporting Goods - Fishing | Sporting Goods,3 Wooden Fishing Lures,https://hibid.com/lot/321408953
597,321408954,182955,12.0,0,8,4,OPEN,107058.563,Sporting Goods - Fishing | Sporting Goods,The Creek Chub Bait Co. Wooden Lure,https://hibid.com/lot/321408954
597B,321408955,184876,2.0,0,1,4,OPEN,107068.56,Sporting Goods - Fishing | Sporting Goods,Fly Rod Flatfish Lure from Helin Tackle Co.,https://hibid.com/lot/321408955
597C,321408956,184877,3.0,0,2,5,OPEN,107078.557,Sporting Goods - Fishing | Sporting Goods,Wooden Fishing Lure with Fisherman De-Liar,https://hibid.com/lot/321408956
598,321408957,182956,4.0,0,3,6,OPEN,107088.553,Sporting Goods - Fishing | Sporting Goods,Wooden Fishing Lures(3),https://hibid.com/lot/321408957
599,321408958,182957,2.0,0,1,5,OPEN,107098.54999999999,Sporting Goods - Fishing | Sporting Goods,Fishing Lures with Spinner Baits,https://hibid.com/lot/321408958
600,321408959,182958,41.0,0,9,7,OPEN,107108.54699999999,Sporting Goods - Fishing | Sporting Goods,"Wooden Frog Fishing Lure, Wooden Mouse Fishing",https://hibid.com/lot/321408959
601,321408960,182959,5.0,0,4,12,OPEN,107118.54299999999,Sporting Goods - Fishing | Sporting Goods,"3 Wooden Lures: Paw Paw, C.C.B. Co., Heddons",https://hibid.com/lot/321408960
602,321408961,182960,5.0,0,4,6,OPEN,107128.537,Sporting Goods - Fishing | Sporting Goods,Wooden Fishing Lures(3),https://hibid.com/lot/321408961
603,321408962,182961,2.0,0,1,5,OPEN,107138.533,"Jewelry, Watches & Gemstones - Watches - Pocket Watches | Jewelry, Watches & Gemstones - Watches | Jewelry, Watches & Gemstones",Wooden Framed Velvet Lined Pocket Watch Holder(2),https://hibid.com/lot/321408962
604,321408963,182962,2.0,0,1,6,OPEN,107148.53,Fashion - Men's Accessories | Fashion,"Leather Backed Shoe Brush, Oiled Leather Sponge,",https://hibid.com/lot/321408963
605,321408964,182963,6.0,0,4,6,OPEN,107158.53,"Jewelry, Watches & Gemstones - Jewelry - Fine Jewelry - Necklaces / Pendants | Jewelry, Watches & Gemstones - Jewelry - Fine Jewelry | Jewelry, Watches & Gemstones - Jewelry | Jewelry, Watches & Gemstones","1950 New Brunswick Guide License Badge, Eagle",https://hibid.com/lot/321408964
606,321408965,182964,6.0,0,4,8,OPEN,107168.523,Sporting Goods - Firearms / Weapons - Knives / Blades | Sporting Goods - Firearms / Weapons | Sporting Goods,"Case XX Pocket Knife, Small 1\20 12k Pocket",https://hibid.com/lot/321408965
607,321408966,182965,16.0,0,6,8,OPEN,107178.51999999999,Fashion - Men's Accessories | Fashion,Silver 0950 Engraved Belt Buckle and Tie Clip,https://hibid.com/lot/321408966
608,321408967,182966,3.0,0,3,5,OPEN,107188.51999999999,Lawn & Garden - Tools/Hand held items - Hand Tools | Lawn & Garden - Tools/Hand held items | Lawn & Garden,Detroit Metallic Caskets Co. Pocket Tape M,https://hibid.com/lot/321408967
609,321408968,182967,7.0,0,5,5,OPEN,107198.51699999999,Home Goods & Decor - Home Goods - Kitchen / Housewares | Home Goods & Decor - Home Goods | Home Goods & Decor,Barlow Waterfowl Coaster Set(4),https://hibid.com/lot/321408968
610,321408969,182968,9.0,0,9,6,OPEN,107208.51,Home Goods & Decor - Home Goods - Musical Instruments | Home Goods & Decor - Home Goods | Home Goods & Decor,Hohner Chrometta 8 Chromatic Harmonica,https://hibid.com/lot/321408969
611,321408970,182969,5.0,0,4,5,OPEN,107218.507,Antiques & Collectibles - Collectibles - Advertising | Antiques & Collectibles - Collectibles | Antiques & Collectibles,Schlitz Brewing Company Promotional Bottle O,https://hibid.com/lot/321408970
612,321408971,182970,2.0,0,1,5,OPEN,107228.503,Antiques & Collectibles - Antiques - Antique Tools | Antiques & Collectibles - Antiques | Antiques & Collectibles,"Assorted Keys: Skeleton Keys, Vintage Door Keys,",https://hibid.com/lot/321408971
613,321408972,182971,2.0,0,1,7,OPEN,107238.5,Home Goods & Decor - Home Goods - Bed / Bath Items | Home Goods & Decor - Home Goods | Home Goods & Decor,"Cara Nome Travel Powder Container, Vintage",https://hibid.com/lot/321408972
614,322336588,185499,0.0,0,0,21,OPEN,107248.49699999999,Antiques & Collectibles - Collectibles - Kitchen / Home | Antiques & Collectibles - Collectibles | Antiques & Collectibles,Collectible Tins,https://hibid.com/lot/322336588
615,322336589,185500,3.0,0,2,8,OPEN,107258.493,Antiques & Collectibles - Collectibles - Advertising | Antiques & Collectibles - Collectibles | Antiques & Collectibles,Wurzbury Department Store Bank of Grand Rapids,https://hibid.com/lot/322336589
616,322336590,185501,2.0,0,1,6,OPEN,107268.48999999999,Fashion - Women's Accessories | Fashion,Leather Money Belt 40-42,https://hibid.com/lot/322336590
624,321408973,182982,8.0,0,6,7,OPEN,107278.487,Sporting Goods - Hunting & Trapping | Sporting Goods,1930 Michigan Resident Small Game Hunting,https://hibid.com/lot/321408973
625,321408974,182983,2.0,0,1,8,OPEN,107288.483,Furniture - Desks / Home Office | Furniture,"Rifle Shaped Novelty Bolt Action Pen, Antique",https://hibid.com/lot/321408974
632,321408975,182990,2.0,0,1,5,OPEN,107298.48,Furniture - Dressers / Wardrobes / Armoires | Furniture,Men’s Wooden Dresser Valet,https://hibid.com/lot/321408975
633,321408976,182991,6.0,0,5,5,OPEN,107308.477,Business & Industrial - Business / Retail - Displays / Display Cases | Business & Industrial - Business / Retail | Business & Industrial,"Ceramic Display Hands(2), Plastic Display Hand Set",https://hibid.com/lot/321408976
634,321408977,182992,4.0,0,3,5,OPEN,107318.473,Home Goods & Decor - Home Goods - Kitchen / Housewares | Home Goods & Decor - Home Goods | Home Goods & Decor,Wooden Barrel Coin Piggy Bank with,https://hibid.com/lot/321408977
635,321408978,182993,2.0,0,1,8,OPEN,107328.47,Art - Sculptures / Carvings / Statues | Art,Bronze Tone Baby Shoe Bookends(2),https://hibid.com/lot/321408978
636,321408979,182994,16.0,0,12,11,OPEN,107338.46699999999,Home Goods & Decor - Home Goods - Kitchen / Housewares | Home Goods & Decor - Home Goods | Home Goods & Decor,"Fiesta Green Mixing Bowl, Fiesta Green Casserole",https://hibid.com/lot/321408979
637,321408980,182995,0.0,0,0,16,OPEN,107348.45999999999,Antiques & Collectibles - Collectibles - Kitchen / Home | Antiques & Collectibles - Collectibles | Antiques & Collectibles,"Various Green Fiesta Ware Pieces, Orange Fiesta",https://hibid.com/lot/321408980
638,321408981,182996,2.0,0,1,13,OPEN,107358.457,Antiques & Collectibles - Collectibles - Kitchen / Home | Antiques & Collectibles - Collectibles | Antiques & Collectibles,Fiesta Ware Green Pitcher with Sugar and Creamer,https://hibid.com/lot/321408981
639,321408982,182997,9.0,0,7,10,OPEN,107368.45,Antiques & Collectibles - Collectibles - Kitchen / Home | Antiques & Collectibles - Collectibles | Antiques & Collectibles,"Fiesta Ware Green Fruit Bowls(6), Green Sugar",https://hibid.com/lot/321408982
640,321408983,182998,8.0,0,7,5,OPEN,107378.45,Home Goods & Decor - Home Goods - Kitchen / Housewares | Home Goods & Decor - Home Goods | Home Goods & Decor,Fiesta Ware Green Bulb Candle Holder(2),https://hibid.com/lot/321408983
641,321408984,182999,3.0,0,2,5,OPEN,107388.447,Antiques & Collectibles - Collectibles - Kitchen / Home | Antiques & Collectibles - Collectibles | Antiques & Collectibles,Fiesta Ware Green Salt And Pepper Shakers,https://hibid.com/lot/321408984
642,321408985,183000,4.0,0,3,8,OPEN,107398.443,Home Goods & Decor - Home Goods - Kitchen / Housewares | Home Goods & Decor - Home Goods | Home Goods & Decor,"Fiesta Ware Green Dinner Plates(5), Fiesta Ware",https://hibid.com/lot/321408985
643,321408986,183001,6.0,0,5,12,OPEN,107408.44,Antiques & Collectibles - Collectibles - Kitchen / Home | Antiques & Collectibles - Collectibles | Antiques & Collectibles,"Black Glass Round Bowl, Black Footed Candy Dish,",https://hibid.com/lot/321408986
644,321408987,183002,5.0,0,4,7,OPEN,107418.43699999999,Antiques & Collectibles - Collectibles - Kitchen / Home | Antiques & Collectibles - Collectibles | Antiques & Collectibles,"Deep Amethyst Rose Goblets(4), Black Glass",https://hibid.com/lot/321408987
645,321408988,183003,36.0,0,21,9,OPEN,107428.43,Home Goods & Decor - Home Goods - Kitchen / Housewares | Home Goods & Decor - Home Goods | Home Goods & Decor,"Black Glass Dishes: Candle Stick Holders(4), T",https://hibid.com/lot/321408988
646,321408989,183004,8.0,0,5,7,OPEN,107438.43,Home Goods & Decor - Home Goods - Kitchen / Housewares | Home Goods & Decor - Home Goods | Home Goods & Decor,"Black Glass Dishes: Decanter, Footed Round Bowl,",https://hibid.com/lot/321408989
647,321408990,183005,6.0,0,5,14,OPEN,107448.423,Antiques & Collectibles - Collectibles - Kitchen / Home | Antiques & Collectibles - Collectibles | Antiques & Collectibles,"Hobnail Milkglass Dishes, China Dishes",https://hibid.com/lot/321408990
647B,321408991,184878,78.0,0,47,4,OPEN,107458.42,Home Goods & Decor - Home Goods - Lighting - Lamps | Home Goods & Decor - Home Goods - Lighting | Home Goods & Decor - Home Goods | Home Goods & Decor,Hobnail Milk Glass Fairy Lamp,https://hibid.com/lot/321408991
648,321408992,183006,19.0,0,15,14,OPEN,107468.417,Antiques & Collectibles - Collectibles - Decorative - Vases / Jars | Antiques & Collectibles - Collectibles - Decorative | Antiques & Collectibles - Collectibles | Antiques & Collectibles,Fenton and Hobnail Milk Glass,https://hibid.com/lot/321408992
649,321408993,183007,5.0,0,4,18,OPEN,107478.413,Antiques & Collectibles - Collectibles - Kitchen / Home | Antiques & Collectibles - Collectibles | Antiques & Collectibles,Vintage Hobnail Milk Glass - Fenton Boot,https://hibid.com/lot/321408993
650,321408994,183008,4.0,0,3,10,OPEN,107488.40999999999,Antiques & Collectibles - Collectibles - Kitchen / Home | Antiques & Collectibles - Collectibles | Antiques & Collectibles,"Fenton 2-Handled Candy Dish, Sugar Jar, Saucer",https://hibid.com/lot/321408994
651,321408995,183010,12.0,0,11,9,OPEN,107498.40299999999,Antiques & Collectibles - Collectibles - Decorative - Vases / Jars | Antiques & Collectibles - Collectibles - Decorative | Antiques & Collectibles - Collectibles | Antiques & Collectibles,Fenton Vases,https://hibid.com/lot/321408995
652,321408996,183011,13.0,0,11,5,OPEN,107508.4,Antiques & Collectibles - Collectibles - Kitchen / Home | Antiques & Collectibles - Collectibles | Antiques & Collectibles,Fenton Rose Overlay Melon Shaped Small Pitcher,https://hibid.com/lot/321408996
653,321408997,183012,5.0,0,5,6,OPEN,107518.4,Antiques & Collectibles - Collectibles - Mixing Bowls | Antiques & Collectibles - Collectibles | Antiques & Collectibles,"Depression Glass Green Uranium 5.5"" Mixing Bowl",https://hibid.com/lot/321408997
654,321408998,183013,13.0,0,8,8,OPEN,107528.393,Antiques & Collectibles - Collectibles - Kitchen / Home | Antiques & Collectibles - Collectibles | Antiques & Collectibles,Fenton Lime Green Uranium 2-Handled Compote,https://hibid.com/lot/321408998
655,321408999,183014,89.0,0,30,5,OPEN,107538.39,Antiques & Collectibles - Collectibles - Decorative - Vases / Jars | Antiques & Collectibles - Collectibles - Decorative | Antiques & Collectibles - Collectibles | Antiques & Collectibles,Fenton Orange Amberina Swung Vase,https://hibid.com/lot/321408999
656,321409000,183015,20.0,0,8,8,OPEN,107548.38699999999,Antiques & Collectibles - Collectibles - Decorative - Bowls | Antiques & Collectibles - Collectibles - Decorative | Antiques & Collectibles - Collectibles | Antiques & Collectibles,Fenton Uranium Satin Lime Green 3-footed Bowl,https://hibid.com/lot/321409000
657,321409001,183016,2.0,0,1,11,OPEN,107558.383,Antiques & Collectibles - Collectibles - Kitchen / Home | Antiques & Collectibles - Collectibles | Antiques & Collectibles,Anchor Hocking White Opalescent Hobnail Glass,https://hibid.com/lot/321409001
658,321409002,183017,10.0,0,9,16,OPEN,107568.37999999999,Antiques & Collectibles - Collectibles - Kitchen / Home | Antiques & Collectibles - Collectibles | Antiques & Collectibles,"Fenton Basket, Compote, Salt & Pepper Shakers",https://hibid.com/lot/321409002
659,321409003,183018,2.0,0,2,10,OPEN,107578.377,Antiques & Collectibles - Collectibles - Kitchen / Home | Antiques & Collectibles - Collectibles | Antiques & Collectibles,Fenton Blue Edge Opalescent Pieces Circa 1930’s,https://hibid.com/lot/321409003
660,321409004,183019,6.0,0,5,11,OPEN,107588.37299999999,Antiques & Collectibles - Collectibles - Decorative - Vases / Jars | Antiques & Collectibles - Collectibles - Decorative | Antiques & Collectibles - Collectibles | Antiques & Collectibles,"Fenton Marigold Pattern Dishes, Floral Vase",https://hibid.com/lot/321409004
661,321409005,183020,2.0,0,1,11,OPEN,107598.37,Antiques & Collectibles - Collectibles - Kitchen / Home | Antiques & Collectibles - Collectibles | Antiques & Collectibles,Child’s Tin Lithograph Teapot & Cup,https://hibid.com/lot/321409005
662,321409006,183021,0.0,0,0,12,OPEN,107608.363,Antiques & Collectibles - Collectibles - Kitchen / Home | Antiques & Collectibles - Collectibles | Antiques & Collectibles,"Pink Depression Glassware, Covered Candy Dish",https://hibid.com/lot/321409006
663,321409007,183022,5.0,0,4,9,OPEN,107618.36,Antiques & Collectibles - Collectibles - Pitchers / Decanters | Antiques & Collectibles - Collectibles | Antiques & Collectibles,Jeanette Marigold Carnival Pitcher & Tumbler set,https://hibid.com/lot/321409007
664,321409008,183023,40.0,0,12,22,OPEN,107628.35299999999,Antiques & Collectibles - Collectibles - Kitchen / Home | Antiques & Collectibles - Collectibles | Antiques & Collectibles,Fostoria Frosted Coin Handled dishes (2),https://hibid.com/lot/321409008
665,321409009,183024,7.0,0,3,12,OPEN,107638.34999999999,Antiques & Collectibles - Collectibles - Decorative - Vases / Jars | Antiques & Collectibles - Collectibles - Decorative | Antiques & Collectibles - Collectibles | Antiques & Collectibles,Pear Shaped Hand Painted Magnolias Lidded Jar,https://hibid.com/lot/321409009
666,321409010,183025,3.0,0,2,17,OPEN,107648.347,Antiques & Collectibles - Collectibles - Kitchen / Home | Antiques & Collectibles - Collectibles | Antiques & Collectibles,Anchor Hocking Green Pitcher and 5 Tumblers,https://hibid.com/lot/321409010
667,321409011,183026,4.0,0,3,13,OPEN,107658.343,Antiques & Collectibles - Collectibles - Kitchen / Home | Antiques & Collectibles - Collectibles | Antiques & Collectibles,Pink and Gold Leaf Salad Plates Circa 1940’s,https://hibid.com/lot/321409011
668,321409012,183027,0.0,0,0,14,OPEN,107668.34,Antiques & Collectibles - Collectibles - Kitchen / Home | Antiques & Collectibles - Collectibles | Antiques & Collectibles,"Pink Cambridge ""Decagon"" Glassware",https://hibid.com/lot/321409012
669,321409013,183028,11.0,0,11,11,OPEN,107678.337,Antiques & Collectibles - Collectibles - Pitchers / Decanters | Antiques & Collectibles - Collectibles | Antiques & Collectibles,"Fenton Amberina Footed Compote, Small Vase",https://hibid.com/lot/321409013
670,321409014,183029,13.0,0,10,23,OPEN,107688.33,Antiques & Collectibles - Collectibles - Decorative - Plates | Antiques & Collectibles - Collectibles - Decorative | Antiques & Collectibles - Collectibles | Antiques & Collectibles,"Uranium Jack in the Pulpit Vase, Collector Plates",https://hibid.com/lot/321409014
671,321409015,183030,0.0,0,0,8,OPEN,107698.32699999999,Antiques & Collectibles - Collectibles - Decorative - Vases / Jars | Antiques & Collectibles - Collectibles - Decorative | Antiques & Collectibles - Collectibles | Antiques & Collectibles,""" Old Colony"" Torte Platter, White Hobnail Vase",https://hibid.com/lot/321409015
672,321409016,183031,23.0,0,15,12,OPEN,107708.32299999999,Antiques & Collectibles - Collectibles - Kitchen / Home | Antiques & Collectibles - Collectibles | Antiques & Collectibles,Indiana Glass Tiara Sandwich Amber Butter Dish,https://hibid.com/lot/321409016
673,321409017,183032,4.0,0,3,8,OPEN,107716.99699999999,Antiques & Collectibles - Collectibles - Kitchen / Home | Antiques & Collectibles - Collectibles | Antiques & Collectibles,Hazel Atlas Black Depression Glass Assortment,https://hibid.com/lot/321409017
674,321409018,183033,2.0,0,1,10,OPEN,107726.98999999999,Antiques & Collectibles - Collectibles - Pitchers / Decanters | Antiques & Collectibles - Collectibles | Antiques & Collectibles,"Indiana Glass ""Sweet Pear"" Pitcher and Tumblers",https://hibid.com/lot/321409018
675,321409019,183034,0.0,0,0,9,OPEN,107736.98999999999,Antiques & Collectibles - Collectibles - Blue Glass | Antiques & Collectibles - Collectibles | Antiques & Collectibles,Indiana Glass Mt Vernon Glass Blue Goblets 1960’s,https://hibid.com/lot/321409019
676,321409020,183035,3.0,0,2,11,OPEN,107746.987,Antiques & Collectibles - Collectibles - Pitchers / Decanters | Antiques & Collectibles - Collectibles | Antiques & Collectibles,Indiana Glass Sweet Pear Burnt Honey Amber Pitcher,https://hibid.com/lot/321409020
677,321409021,183036,2.0,0,1,9,OPEN,107756.983,Antiques & Collectibles - Collectibles - Decorative - Vases / Jars | Antiques & Collectibles - Collectibles - Decorative | Antiques & Collectibles - Collectibles | Antiques & Collectibles,"Ruby Red Footed Tumblers, Lilac Glass vase",https://hibid.com/lot/321409021
678,321409022,183037,2.0,0,1,7,OPEN,107766.98,Antiques & Collectibles - Collectibles - Glassware / Kitchenware | Antiques & Collectibles - Collectibles | Antiques & Collectibles,Indiana Glass Avocado Green Deviled egg relish,https://hibid.com/lot/321409022
679,321409023,183038,2.0,0,2,16,OPEN,107776.977,Antiques & Collectibles - Collectibles - Kitchen / Home | Antiques & Collectibles - Collectibles | Antiques & Collectibles,Made in Germany Bowl with Creamer and Sugar D,https://hibid.com/lot/321409023
680,321409024,183039,13.0,0,4,11,OPEN,107786.973,Antiques & Collectibles - Collectibles - Kitchen / Home | Antiques & Collectibles - Collectibles | Antiques & Collectibles,"English Ceramic Cheese Keeper, Blue Fluted",https://hibid.com/lot/321409024
681,321409025,183040,5.0,0,4,12,OPEN,107796.97,Home Goods & Decor - Home Goods - Kitchen / Housewares | Home Goods & Decor - Home Goods | Home Goods & Decor,"Regent Sheffield Knife Set, Hull Ebbtide",https://hibid.com/lot/321409025
682,321409026,183041,13.0,0,11,9,OPEN,107806.96699999999,Antiques & Collectibles - Collectibles - Kitchen / Home | Antiques & Collectibles - Collectibles | Antiques & Collectibles,1881 Rogers Silverplate Cutlery Set with Box,https://hibid.com/lot/321409026
683,321409027,183042,0.0,0,0,5,OPEN,107816.96299999999,Antiques & Collectibles - Collectibles - Kitchen / Home | Antiques & Collectibles - Collectibles | Antiques & Collectibles,"EAPG Green Beaded Grape Plates(8), Anchor H",https://hibid.com/lot/321409027
684,321409028,183043,51.0,0,27,9,OPEN,107826.95999999999,Home Goods & Decor - Home Goods - Kitchen / Housewares | Home Goods & Decor - Home Goods | Home Goods & Decor,Turquoise and Blue Pyrex Bowls,https://hibid.com/lot/321409028
685,321409030,183044,62.0,0,21,13,OPEN,107836.957,Home Goods & Decor - Home Goods - Kitchen / Housewares | Home Goods & Decor - Home Goods | Home Goods & Decor,"Pyrex Bowls- Orange, Green, and Yellow",https://hibid.com/lot/321409030
686,321409032,183045,11.0,0,7,10,OPEN,107846.957,Antiques & Collectibles - Collectibles - Kitchen / Home | Antiques & Collectibles - Collectibles | Antiques & Collectibles,Vintage American Clay Bowls,https://hibid.com/lot/321409032
687,321409034,183046,2.0,0,1,19,OPEN,107856.953,Antiques & Collectibles - Collectibles - Kitchen / Home | Antiques & Collectibles - Collectibles | Antiques & Collectibles,"Porcelain Serving Plates, Lidded Sugar Bowl",https://hibid.com/lot/321409034
688,321409036,183047,2.0,0,1,16,OPEN,107866.95,Antiques & Collectibles - Collectibles - Kitchen / Home | Antiques & Collectibles - Collectibles | Antiques & Collectibles,Teacup Collection,https://hibid.com/lot/321409036
689,321409038,183048,11.0,0,4,20,OPEN,107876.947,Antiques & Collectibles - Collectibles - Decorative - Plates | Antiques & Collectibles - Collectibles - Decorative | Antiques & Collectibles - Collectibles | Antiques & Collectibles,Natures Heritage Collector Plates 1-9,https://hibid.com/lot/321409038
690,321409040,183049,0.0,0,0,25,OPEN,107886.94,Antiques & Collectibles - Collectibles - Kitchen / Home | Antiques & Collectibles - Collectibles | Antiques & Collectibles,"Norman Rockwell Collection, Plates,Cups Bell",https://hibid.com/lot/321409040
691,321409041,183050,20.0,0,15,10,OPEN,107896.94,Antiques & Collectibles - Collectibles - Decorative - Vases / Jars | Antiques & Collectibles - Collectibles - Decorative | Antiques & Collectibles - Collectibles | Antiques & Collectibles,Royal Haeger Nymphs Holding Cornicopia Vases,https://hibid.com/lot/321409041
692,321409043,183051,2.0,0,1,12,OPEN,107906.93699999999,Home Goods & Decor - Home Goods - Kitchen / Housewares | Home Goods & Decor - Home Goods | Home Goods & Decor,"Amaryllis Embossed Tin bowl, Tin White Tail Buck",https://hibid.com/lot/321409043
693,321409044,183052,2.0,0,2,20,OPEN,107916.93,Antiques & Collectibles - Collectibles - Kitchen / Home | Antiques & Collectibles - Collectibles | Antiques & Collectibles,Vintage R.S. Prussia Floral Bowls and Celery,https://hibid.com/lot/321409044
694,321409045,183053,2.0,0,1,13,OPEN,107926.923,Antiques & Collectibles - Collectibles - Decorative - Planters | Antiques & Collectibles - Collectibles - Decorative | Antiques & Collectibles - Collectibles | Antiques & Collectibles,Roseville Pottery Planter- broken- don’t lift in,https://hibid.com/lot/321409045
695,321409051,183054,7.0,0,5,7,OPEN,107936.92,Antiques & Collectibles - Collectibles - Decorative - Bowls | Antiques & Collectibles - Collectibles - Decorative | Antiques & Collectibles - Collectibles | Antiques & Collectibles,Anchor Hocking Jadeite Batter Bowl,https://hibid.com/lot/321409051
696,321409054,183055,2.0,0,1,19,OPEN,107946.917,Antiques & Collectibles - Collectibles - Kitchen / Home | Antiques & Collectibles - Collectibles | Antiques & Collectibles,"Floral Vintage Dishes, Roseville Candlestick",https://hibid.com/lot/321409054
697,321409057,183056,2.0,0,1,19,OPEN,107956.913,Home Goods & Decor - Home Goods - Kitchen / Housewares | Home Goods & Decor - Home Goods | Home Goods & Decor,Decorative Floral Dishes,https://hibid.com/lot/321409057
698,321409059,183057,0.0,0,0,5,OPEN,107966.90999999999,Antiques & Collectibles - Collectibles - Kitchen / Home | Antiques & Collectibles - Collectibles | Antiques & Collectibles,"Porcelana Brazil Demitasee Tea Set,",https://hibid.com/lot/321409059
699,321409060,183058,0.0,0,0,16,OPEN,107976.90699999999,Antiques & Collectibles - Collectibles - Kitchen / Home | Antiques & Collectibles - Collectibles | Antiques & Collectibles,Eye Winker Covered Candy Dish in Ruby Red,https://hibid.com/lot/321409060
700,321409061,183059,2.0,0,1,9,OPEN,107986.90299999999,Antiques & Collectibles - Collectibles - Figurines | Antiques & Collectibles - Collectibles | Antiques & Collectibles,Home Interiors Farm Boy and Girl Figurines,https://hibid.com/lot/321409061
701,321409062,183060,2.0,0,3,17,OPEN,107996.897,Antiques & Collectibles - Collectibles - Kitchen / Home | Antiques & Collectibles - Collectibles | Antiques & Collectibles,Antique Floral Dishes- R S Prussia maker,https://hibid.com/lot/321409062
702,321409065,183061,2.0,0,1,15,OPEN,108006.893,Antiques & Collectibles - Collectibles - Kitchen / Home | Antiques & Collectibles - Collectibles | Antiques & Collectibles,"R.S Germany Green Floral Plates, Lidded Bowl",https://hibid.com/lot/321409065
703,321409067,183062,2.0,0,1,17,OPEN,108016.89,Antiques & Collectibles - Collectibles - Kitchen / Home | Antiques & Collectibles - Collectibles | Antiques & Collectibles,"Assorted China Dishes:Bowls(2), Snack Plates(7),",https://hibid.com/lot/321409067
704,321409070,183063,3.0,0,2,11,OPEN,108026.88699999999,Antiques & Collectibles - Collectibles - Decorative - Vases / Jars | Antiques & Collectibles - Collectibles - Decorative | Antiques & Collectibles - Collectibles | Antiques & Collectibles,"California Green Elf Bud Vase, USA Brown 5in",https://hibid.com/lot/321409070
705,321409076,183064,0.0,0,0,8,OPEN,108036.883,Antiques & Collectibles - Collectibles - Kitchen / Home | Antiques & Collectibles - Collectibles | Antiques & Collectibles,"3 Tiered Silver Tone Dessert Tray, Silver Tone",https://hibid.com/lot/321409076
706,321409077,183065,2.0,0,1,12,OPEN,108046.87999999999,Home Goods & Decor - Home Goods - Kitchen / Housewares | Home Goods & Decor - Home Goods | Home Goods & Decor,"Oven Ware Small Dishes, Ceramic Brown Dish, C",https://hibid.com/lot/321409077
707,321409078,183066,2.0,0,1,11,OPEN,108056.877,Antiques & Collectibles - Collectibles - China / Lenox Dinnerware | Antiques & Collectibles - Collectibles | Antiques & Collectibles,"Floral Germany Made China Dishes: Teapot,",https://hibid.com/lot/321409078
708,321409080,183067,0.0,0,0,15,OPEN,108066.87299999999,Antiques & Collectibles - Collectibles - Kitchen / Home | Antiques & Collectibles - Collectibles | Antiques & Collectibles,"R.S. Prussia Floral Bowl(has crack), Dayspring",https://hibid.com/lot/321409080
709,321409082,183068,2.0,0,1,14,OPEN,108076.87,Antiques & Collectibles - Collectibles - Kitchen / Home | Antiques & Collectibles - Collectibles | Antiques & Collectibles,"R.S. Prussia Floral Bowl, F.S. Germany Celery",https://hibid.com/lot/321409082
710,321409083,183069,3.0,0,2,5,OPEN,108086.87,Home Goods & Decor - Home Goods - Kitchen / Housewares | Home Goods & Decor - Home Goods | Home Goods & Decor,"Plate Stands, Ceramic Pots(3), Angel Figurine",https://hibid.com/lot/321409083
711,321409084,183070,0.0,0,0,4,OPEN,108096.867,Home Goods & Decor - Home Goods - Kitchen / Housewares | Home Goods & Decor - Home Goods | Home Goods & Decor,Clear Glass Dishes,https://hibid.com/lot/321409084
712,321409085,183071,0.0,0,0,5,OPEN,108106.863,Home Goods & Decor - Home Goods - Kitchen / Housewares | Home Goods & Decor - Home Goods | Home Goods & Decor,"Etched Glass Decanter, Glass Champagne",https://hibid.com/lot/321409085
713,321409086,183072,0.0,0,0,6,OPEN,108116.86,Home Goods & Decor - Home Goods - Kitchen / Housewares | Home Goods & Decor - Home Goods | Home Goods & Decor,"Bar Aide Bartender Helper Rolodex, Midcentury",https://hibid.com/lot/321409086
714,321409087,183073,0.0,0,0,5,OPEN,108126.85699999999,Home Goods & Decor - Home Goods - Kitchen / Housewares | Home Goods & Decor - Home Goods | Home Goods & Decor,Etched Fluted Wine Glasses(13),https://hibid.com/lot/321409087
715,321409088,183074,0.0,0,0,6,OPEN,108136.85699999999,Antiques & Collectibles - Collectibles - Kitchen / Home | Antiques & Collectibles - Collectibles | Antiques & Collectibles,"Century by Salem 23kt Gold Dinner Plates(3),",https://hibid.com/lot/321409088
716,321409089,183075,0.0,0,0,5,OPEN,108146.85299999999,Home Goods & Decor - Home Goods - Kitchen / Housewares | Home Goods & Decor - Home Goods | Home Goods & Decor,"German Made Beer Glasses(4), Purple Martini",https://hibid.com/lot/321409089
717,321409090,183076,0.0,0,0,5,OPEN,108156.84999999999,Home Goods & Decor - Home Goods - Kitchen / Housewares | Home Goods & Decor - Home Goods | Home Goods & Decor,"Cut Glass Decanter, Cut Glass Rocks Glasses(6),",https://hibid.com/lot/321409090
718,321409091,183077,0.0,0,0,5,OPEN,108166.847,Home Goods & Decor - Home Goods - Kitchen / Housewares | Home Goods & Decor - Home Goods | Home Goods & Decor,Various Glass Alcohol Beverage Glasses,https://hibid.com/lot/321409091
719,321409092,183078,0.0,0,0,4,OPEN,108176.843,Home Goods & Decor - Home Goods - Kitchen / Housewares | Home Goods & Decor - Home Goods | Home Goods & Decor,"Glass Creamer and Sugar Sets, Small Glass Cups",https://hibid.com/lot/321409092
720,321409093,183079,2.0,0,1,6,OPEN,108186.84,Home Goods & Decor - Home Goods - Kitchen / Housewares | Home Goods & Decor - Home Goods | Home Goods & Decor,"Cut Glass Decanters(5), Bar Maker Set, Steel C",https://hibid.com/lot/321409093
721,321409094,183080,0.0,0,0,6,OPEN,108196.84,Home Goods & Decor - Home Goods - Kitchen / Housewares | Home Goods & Decor - Home Goods | Home Goods & Decor,"Cut Glass Decanters(2), Bottle Openers, Bar",https://hibid.com/lot/321409094
722,321409095,183081,0.0,0,0,5,OPEN,108206.837,Home Goods & Decor - Home Goods - Kitchen / Housewares | Home Goods & Decor - Home Goods | Home Goods & Decor,Various Alcohol Branded Glasses,https://hibid.com/lot/321409095
723,321409096,183082,0.0,0,0,9,OPEN,108216.833,Home Goods & Decor - Home Goods - Kitchen / Housewares | Home Goods & Decor - Home Goods | Home Goods & Decor,"Alma College Collectors Plate, Red Luminarc Wine",https://hibid.com/lot/321409096
724,321409097,183083,0.0,0,0,6,OPEN,108226.83,Home Goods & Decor - Home Goods - Kitchen / Housewares | Home Goods & Decor - Home Goods | Home Goods & Decor,"Glass Pitcher, Alcohol Glasses, Beer Coasters,",https://hibid.com/lot/321409097
725,321409098,183084,2.0,0,1,5,OPEN,108236.82699999999,Antiques & Collectibles - Collectibles - Kitchen / Home | Antiques & Collectibles - Collectibles | Antiques & Collectibles,"Iridescent Glass Bowl, Iridescent Cups(9, some",https://hibid.com/lot/321409098
726,321409099,183085,0.0,0,0,8,OPEN,108246.82299999999,Home Goods & Decor - Home Goods - Kitchen / Housewares | Home Goods & Decor - Home Goods | Home Goods & Decor,"Glass Dip Cups(10), Large Glass Bowl, Glass Oval",https://hibid.com/lot/321409099
727,321409100,183086,0.0,0,0,4,OPEN,108256.81999999999,Antiques & Collectibles - Collectibles - Kitchen / Home | Antiques & Collectibles - Collectibles | Antiques & Collectibles,Glass Steins(5),https://hibid.com/lot/321409100
728,321409101,183087,2.0,0,1,9,OPEN,108266.81999999999,Home Goods & Decor - Home Goods - Kitchen / Housewares | Home Goods & Decor - Home Goods | Home Goods & Decor,"Bubble Foot Sherbet Glasses(5), Bubble Foot",https://hibid.com/lot/321409101
729,321409102,183088,0.0,0,0,6,OPEN,108276.817,Home Goods & Decor - Home Goods - Kitchen / Housewares | Home Goods & Decor - Home Goods | Home Goods & Decor,"Clear Glass Sorbet Glasses(6), Clear Glass",https://hibid.com/lot/321409102
730,321409103,183089,0.0,0,0,7,OPEN,108286.81,Home Goods & Decor - Home Goods - Kitchen / Housewares | Home Goods & Decor - Home Goods | Home Goods & Decor,"Cut Glass Bowl, Divided Glass Dish, Glass",https://hibid.com/lot/321409103
731,321409104,183090,0.0,0,0,7,OPEN,108296.81,Home Goods & Decor - Home Goods - Kitchen / Housewares | Home Goods & Decor - Home Goods | Home Goods & Decor,"Bubble Foot Sorbet Glasses(3), Small Champagne",https://hibid.com/lot/321409104
732,321409105,183091,0.0,0,0,12,OPEN,108306.807,Home Goods & Decor - Home Goods - Kitchen / Housewares | Home Goods & Decor - Home Goods | Home Goods & Decor,"Cut Glass Bowls(3), Glass Divided Dishes(2),",https://hibid.com/lot/321409105
733,321409106,183092,0.0,0,0,6,OPEN,108316.803,Antiques & Collectibles - Collectibles - Decorative - Vases / Jars | Antiques & Collectibles - Collectibles - Decorative | Antiques & Collectibles - Collectibles | Antiques & Collectibles,"2 Glass Pitchers, Glass Vase, China Bone Plates(4)",https://hibid.com/lot/321409106
734,321409107,183093,0.0,0,0,11,OPEN,108326.79999999999,Home Goods & Decor - Home Goods - Kitchen / Housewares | Home Goods & Decor - Home Goods | Home Goods & Decor,"Glass Cups(8), Glass Plates(3), Glass Bowls(2)",https://hibid.com/lot/321409107
735,321409108,183094,0.0,0,0,10,OPEN,108336.79699999999,Home Goods & Decor - Home Goods - Kitchen / Housewares | Home Goods & Decor - Home Goods | Home Goods & Decor,"Crystal Footed Standing Bowl, Glass Divided D",https://hibid.com/lot/321409108
736,321409109,183095,0.0,0,0,10,OPEN,108346.79299999999,Home Goods & Decor - Home Goods - Kitchen / Housewares | Home Goods & Decor - Home Goods | Home Goods & Decor,"Glass Sherbet Glasses(3), Various Creamer and",https://hibid.com/lot/321409109
737,321409110,183096,0.0,0,0,7,OPEN,108356.79,Home Goods & Decor - Home Goods - Kitchen / Housewares | Home Goods & Decor - Home Goods | Home Goods & Decor,"Iridescent Sherbet Glasses(10), Glass Water",https://hibid.com/lot/321409110
738,321409111,183097,0.0,0,0,9,OPEN,108366.787,Home Goods & Decor - Home Goods - Kitchen / Housewares | Home Goods & Decor - Home Goods | Home Goods & Decor,"Clear Glass Candlestick Holders, Glass Bell,",https://hibid.com/lot/321409111
739,321409112,183098,0.0,0,0,8,OPEN,108376.783,Antiques & Collectibles - Collectibles - Decorative - Vases / Jars | Antiques & Collectibles - Collectibles - Decorative | Antiques & Collectibles - Collectibles | Antiques & Collectibles,"Cut Glass Vase, Glass Bowl, Glass Platters(3)",https://hibid.com/lot/321409112
740,321409113,183099,0.0,0,0,6,OPEN,108386.78,Antiques & Collectibles - Collectibles - Decorative - Vases / Jars | Antiques & Collectibles - Collectibles - Decorative | Antiques & Collectibles - Collectibles | Antiques & Collectibles,"Frosted Rose Glass Vase, Creamer and Sugar Dishes",https://hibid.com/lot/321409113
741,321409114,183100,0.0,0,0,10,OPEN,108396.78,Home Goods & Decor - Home Goods - Kitchen / Housewares | Home Goods & Decor - Home Goods | Home Goods & Decor,"Large Glass Bowl, .5 Gallon Glass Jug, Glass Jar",https://hibid.com/lot/321409114
742,321409115,183101,0.0,0,0,10,OPEN,108406.773,Home Goods & Decor - Home Goods - Kitchen / Housewares | Home Goods & Decor - Home Goods | Home Goods & Decor,"Light Blue Glass Platters(2), Glass Bowls(3),",https://hibid.com/lot/321409115
743,321409116,183102,0.0,0,0,9,OPEN,108416.773,Home Goods & Decor - Home Goods - Kitchen / Housewares | Home Goods & Decor - Home Goods | Home Goods & Decor,"Etched Glass Pitcher, Glass Cube Pattern Vase,",https://hibid.com/lot/321409116
744,321409117,183103,0.0,0,0,11,OPEN,108426.76999999999,Home Goods & Decor - Home Goods - Kitchen / Housewares | Home Goods & Decor - Home Goods | Home Goods & Decor,"Cut Glass Bowl(2), Pyrex Glass Pie Pan, Pyrex",https://hibid.com/lot/321409117
745,321409118,183104,15.0,0,7,10,OPEN,108436.76699999999,Sporting Goods - Hunting & Trapping | Sporting Goods,C.F. Orvis Maker Manchester. VT Glass Pig Style,https://hibid.com/lot/321409118
746,321409119,183105,8.0,0,4,6,OPEN,108446.76299999999,Home Goods & Decor - Home Goods - Kitchen / Housewares | Home Goods & Decor - Home Goods | Home Goods & Decor,6.5 Gallon Glass Carboy,https://hibid.com/lot/321409119
747,321409120,183106,0.0,0,0,8,OPEN,108456.76,Antiques & Collectibles - Collectibles - Figurines | Antiques & Collectibles - Collectibles | Antiques & Collectibles,"Precious Moments Figurine, Bell, Mug, Dreamsicle",https://hibid.com/lot/321409120
748,321409121,183107,3.0,0,3,8,OPEN,108466.757,Antiques & Collectibles - Collectibles - Decorative - Planters | Antiques & Collectibles - Collectibles - Decorative | Antiques & Collectibles - Collectibles | Antiques & Collectibles,"Aztec Planter, Ceramic Mexican Pottery, Wooden",https://hibid.com/lot/321409121
749,321409122,183108,2.0,0,1,9,OPEN,108476.753,Antiques & Collectibles - Collectibles - Kitchen / Home | Antiques & Collectibles - Collectibles | Antiques & Collectibles,W.M.CO. Pitcher with Wash Basin,https://hibid.com/lot/321409122
750,321409123,183109,2.0,0,1,6,OPEN,108486.753,Antiques & Collectibles - Antiques - Antique Lamps | Antiques & Collectibles - Antiques | Antiques & Collectibles,"Glass Oil Lamps with Chimneys(2), Oil Lamp with",https://hibid.com/lot/321409123
751,321409124,183110,11.0,0,9,9,OPEN,108496.75,Antiques & Collectibles - Collectibles - Kitchen / Home | Antiques & Collectibles - Collectibles | Antiques & Collectibles,10 Liter Westerwald Salt Glazed Stoneware Crock,https://hibid.com/lot/321409124
752,321409125,183111,9.0,0,7,8,OPEN,108506.74699999999,Art - Pottery / Ceramics | Art,Cobalt Blue Salt Glazed Pottery Pitcher,https://hibid.com/lot/321409125
752B,321409126,184905,7.0,0,7,8,OPEN,108516.743,Art - Pottery / Ceramics | Art,Small Cobalt Blue Salt Glazed Pottery Pitcher,https://hibid.com/lot/321409126
752C,321409127,184906,6.0,0,5,7,OPEN,108526.73999999999,Antiques & Collectibles - Collectibles - Kitchen / Home | Antiques & Collectibles - Collectibles | Antiques & Collectibles,Conner Prairie 1984 Primitive Style Crock with Lid,https://hibid.com/lot/321409127
752D,321409128,184907,12.0,0,9,8,OPEN,108536.73999999999,Antiques & Collectibles - Collectibles - Kitchen / Home | Antiques & Collectibles - Collectibles | Antiques & Collectibles,Small Crock with Floral Cobalt Pattern,https://hibid.com/lot/321409128
753,321409129,183112,6.0,0,5,9,OPEN,108546.737,Antiques & Collectibles - Collectibles - Kitchen / Home | Antiques & Collectibles - Collectibles | Antiques & Collectibles,Stoneware Keuluse Pot with Cobalt Design,https://hibid.com/lot/321409129
753B,321409130,184908,7.0,0,6,9,OPEN,108556.733,Antiques & Collectibles - Collectibles - Pitchers / Decanters | Antiques & Collectibles - Collectibles | Antiques & Collectibles,M.Shilz Salt Glazed Stoneware Pitcher With C,https://hibid.com/lot/321409130
753C,321409131,184909,8.0,0,7,9,OPEN,108566.73,Antiques & Collectibles - Collectibles - Kitchen / Home | Antiques & Collectibles - Collectibles | Antiques & Collectibles,Blue Cobalt Salt Glazed Stoneware Pot 1 Liter,https://hibid.com/lot/321409131
753D,321409132,184910,8.0,0,6,16,OPEN,108576.727,Antiques & Collectibles - Collectibles - Kitchen / Home | Antiques & Collectibles - Collectibles | Antiques & Collectibles,European Salt Glazed Crock with Cobalt Design,https://hibid.com/lot/321409132
754,321409133,183113,3.0,0,2,22,OPEN,108586.723,Antiques & Collectibles - Collectibles - Stoneware / Pfaltzgraff /Earthenware | Antiques & Collectibles - Collectibles | Antiques & Collectibles,"Stoneware Growler, Curlique Advertisement Crock,",https://hibid.com/lot/321409133
755,321409134,183114,5.0,0,4,8,OPEN,108596.72,Home Goods & Decor - Home Goods - Kitchen / Housewares | Home Goods & Decor - Home Goods | Home Goods & Decor,"West Bend Aluminum Cannisters(5), MCM Textured",https://hibid.com/lot/321409134
756,321409135,183115,5.0,0,4,10,OPEN,108606.71699999999,Home Goods & Decor - Home Goods - Kitchen / Housewares | Home Goods & Decor - Home Goods | Home Goods & Decor,"Aluminum Rose Gold Teapot, Spice Containers,",https://hibid.com/lot/321409135
757,321409136,183116,0.0,0,0,10,OPEN,108616.707,Home Goods & Decor - Home Goods - Kitchen / Housewares | Home Goods & Decor - Home Goods | Home Goods & Decor,"Platter, White Gravy Boat, SeaShell Rectangle",https://hibid.com/lot/321409136
758,321409137,183117,2.0,0,1,7,OPEN,108626.7,Home Goods & Decor - Home Goods - Kitchen / Housewares | Home Goods & Decor - Home Goods | Home Goods & Decor,"Star Cardinal Dishes(2), Snowman Bowl, Christmas",https://hibid.com/lot/321409137
759,321409138,183118,3.0,0,2,6,OPEN,108636.697,Antiques & Collectibles - Collectibles - Kitchen / Home | Antiques & Collectibles - Collectibles | Antiques & Collectibles,"Salt and Pepper Shakers: Duck Heads, Puppies,",https://hibid.com/lot/321409138
760,321409139,183119,5.0,0,4,8,OPEN,108646.69,Antiques & Collectibles - Collectibles - Kitchen / Home | Antiques & Collectibles - Collectibles | Antiques & Collectibles,"Made in Italy Pepper Grinder, Salt Shaker, F",https://hibid.com/lot/321409139
761,321409140,183120,4.0,0,3,13,OPEN,108656.68699999999,Antiques & Collectibles - Collectibles - Kitchen / Home | Antiques & Collectibles - Collectibles | Antiques & Collectibles,Victorian Crumb Catchers(3),https://hibid.com/lot/321409140
762,321409141,183121,2.0,0,1,10,OPEN,108666.68299999999,Antiques & Collectibles - Collectibles - Kitchen / Home | Antiques & Collectibles - Collectibles | Antiques & Collectibles,Hemingray Blue Glass Insulators(2),https://hibid.com/lot/321409141
763,321409142,183122,72.0,0,13,9,OPEN,108676.68,Antiques & Collectibles - Collectibles - Kitchen / Home | Antiques & Collectibles - Collectibles | Antiques & Collectibles,"3 Wooden Butter Mold Press, Wooden Barrel Tap",https://hibid.com/lot/321409142
764,321409143,183123,3.0,0,2,8,OPEN,108686.673,Antiques & Collectibles - Collectibles - Kitchen / Home | Antiques & Collectibles - Collectibles | Antiques & Collectibles,"Cast Iron Lattice Top Steamer, Copper Kettle",https://hibid.com/lot/321409143
765,321409144,183124,9.0,0,6,12,OPEN,108696.67,Antiques & Collectibles - Collectibles - Cookware | Antiques & Collectibles - Collectibles | Antiques & Collectibles,"Cast Iron Griswold Griddle, 2 Small Wagner Pans,",https://hibid.com/lot/321409144
766,321409145,183125,7.0,0,4,12,OPEN,108706.667,Lawn & Garden - Outdoors | Lawn & Garden,"Cast Iron Mail Drop Box, Small Metal Box",https://hibid.com/lot/321409145
767,321409146,183126,7.0,0,7,9,OPEN,108715.34999999999,Home Goods & Decor - Home Goods - Kitchen / Housewares | Home Goods & Decor - Home Goods | Home Goods & Decor,"Cast Iron Pans(5), Cast Iron Griddle",https://hibid.com/lot/321409146
768,321409147,183127,5.0,0,4,16,OPEN,108725.34999999999,Home Goods & Decor - Home Goods - Kitchen / Housewares | Home Goods & Decor - Home Goods | Home Goods & Decor,"Lodge Cast Iron Pot with Lid, Lodge Cast Iron",https://hibid.com/lot/321409147
769,321409148,183128,5.0,0,4,4,OPEN,108735.343,Business & Industrial - Restaurant / Food Industry - Bar Machines | Business & Industrial - Restaurant / Food Industry | Business & Industrial,"Beer Tap Handles:Strohs Beer(2), Coors",https://hibid.com/lot/321409148
770,321409149,183129,2.0,0,1,16,OPEN,108745.34,Antiques & Collectibles - Collectibles - Kitchen / Home | Antiques & Collectibles - Collectibles | Antiques & Collectibles,"Vanguard Thermosonic Heat Detector Alarm, M",https://hibid.com/lot/321409149
771,321409150,183130,4.0,0,3,15,OPEN,108755.337,Antiques & Collectibles - Antiques - Antique Tools | Antiques & Collectibles - Antiques | Antiques & Collectibles,"Mining Calipers, Starline Wooden Pulley, Wooden",https://hibid.com/lot/321409150
771B,321409151,185110,0.0,0,0,10,OPEN,108765.333,Home Goods & Decor - Home Goods - Lighting - Fixtures / Sconces | Home Goods & Decor - Home Goods - Lighting | Home Goods & Decor - Home Goods | Home Goods & Decor,Mercury Light Cover and Halo Recessed Housing (2),https://hibid.com/lot/321409151
772,321409152,183131,18.0,0,11,5,OPEN,108775.33,Furniture - Cabinets | Furniture,Cabinet from Gambles Edmore Late 50s Early 60s,https://hibid.com/lot/321409152
773,321409153,183132,2.0,0,1,7,OPEN,108785.32699999999,Antiques & Collectibles - Collectibles - Kitchen / Home | Antiques & Collectibles - Collectibles | Antiques & Collectibles,"Leather Bottle, Brass Pocket Change Dish, Bucks",https://hibid.com/lot/321409153
774,321409154,183133,11.0,0,9,8,OPEN,108795.32299999999,Antiques & Collectibles - Collectibles - Tobacciana / Lighters / Tobacco Pipes | Antiques & Collectibles - Collectibles | Antiques & Collectibles,Art Deco Aluminum Pipe,https://hibid.com/lot/321409154
775,321409155,183134,2.0,0,1,12,OPEN,108805.31999999999,Antiques & Collectibles - Collectibles - Tobacciana / Lighters / Tobacco Pipes | Antiques & Collectibles - Collectibles | Antiques & Collectibles,"Imported Briar Italian Made Pipe, White Plastic",https://hibid.com/lot/321409155
776,321409156,183135,8.0,0,6,5,OPEN,108815.317,Antiques & Collectibles - Collectibles - Tobacciana / Lighters / Tobacco Pipes | Antiques & Collectibles - Collectibles | Antiques & Collectibles,Aristocob Aluminum Smoking Pipe,https://hibid.com/lot/321409156
777,321409157,183136,16.0,0,9,20,OPEN,108825.31,Antiques & Collectibles - Collectibles - Decorative - Vases / Jars | Antiques & Collectibles - Collectibles - Decorative | Antiques & Collectibles - Collectibles | Antiques & Collectibles,"Tobacco Stand with Jar, Dog Tobacco Pipe Stand",https://hibid.com/lot/321409157
778,321409158,183137,10.0,0,9,21,OPEN,108835.307,Antiques & Collectibles - Collectibles - Tobacciana / Lighters / Tobacco Pipes | Antiques & Collectibles - Collectibles | Antiques & Collectibles,"Wooden Tobacco Stand with Pipes(5), Prince A",https://hibid.com/lot/321409158
778B,321409159,185111,0.0,0,0,5,OPEN,108845.29999999999,Business & Industrial - Medical Supplies / Lab Equipment | Business & Industrial,Bed Pans (2),https://hibid.com/lot/321409159
779,321409160,183138,8.0,0,6,5,OPEN,108855.29999999999,Business & Industrial - Business / Retail - Displays / Display Cases | Business & Industrial - Business / Retail | Business & Industrial,S-K Tools Retail Display Board,https://hibid.com/lot/321409160
779B,321409161,185109,2.0,0,1,9,OPEN,108865.29699999999,Business & Industrial - Business / Retail - Racks / Shelving | Business & Industrial - Business / Retail | Business & Industrial,Empire Household Brushes Rack,https://hibid.com/lot/321409161
780,321409162,183139,28.0,0,14,7,OPEN,108875.29299999999,Antiques & Collectibles - Collectibles - Kitchen / Home | Antiques & Collectibles - Collectibles | Antiques & Collectibles,Brass Expandable Bookrack with Embossed Native,https://hibid.com/lot/321409162
781,321409163,183140,2.0,0,1,15,OPEN,108885.29,Antiques & Collectibles - Antiques - Clocks - Mantle | Antiques & Collectibles - Antiques - Clocks | Antiques & Collectibles - Antiques | Antiques & Collectibles,Seth Thomas Adamantine Rosewood Mantle Clock,https://hibid.com/lot/321409163
782,321409164,183141,4.0,0,3,10,OPEN,108895.287,Home Goods & Decor - Home Goods - Clocks | Home Goods & Decor - Home Goods | Home Goods & Decor,Seth Thomas Lynton Model Corded Electric Desk,https://hibid.com/lot/321409164
783,321409165,183142,4.0,0,3,9,OPEN,108905.283,Antiques & Collectibles - Antiques - Clocks - Wall | Antiques & Collectibles - Antiques - Clocks | Antiques & Collectibles - Antiques | Antiques & Collectibles,Waterbury Clock Co. Ogee Style Shelf Clock,https://hibid.com/lot/321409165
784,321409166,183143,100.0,0,38,16,OPEN,108915.28,Sporting Goods - Camping | Sporting Goods,"Ducks Unlimited Yeti Cooler, Ducks Unlimited",https://hibid.com/lot/321409166
785,321409167,183144,2.0,0,1,8,OPEN,108925.277,Art - Prints / Lithographs | Art,"Signed Christopher Smith ""Redhead Respite"" Print",https://hibid.com/lot/321409167
786,321409168,183145,2.0,0,1,7,OPEN,108935.26999999999,Art - Prints / Lithographs | Art,"Janet Long Signed Print of ""Widgeon Waters"" from",https://hibid.com/lot/321409168
787,321409170,183146,11.0,0,4,7,OPEN,108945.26699999999,Art - Prints / Lithographs | Art,"Signed John Harris ""Morning Magic"" Print from",https://hibid.com/lot/321409170
788,321409171,183147,2.0,0,1,7,OPEN,108955.26299999999,Art - Prints / Lithographs | Art,"Signed Mark Anderson ""On The Ice"" Print from 2",https://hibid.com/lot/321409171
789,321409172,183148,13.0,0,13,8,OPEN,108965.26,Antiques & Collectibles - Collectibles - Figurines | Antiques & Collectibles - Collectibles | Antiques & Collectibles,Ducks Unlimited Upland Game Bird Feather,https://hibid.com/lot/321409172
790,321409173,183149,8.0,0,7,6,OPEN,108975.26,Art - Prints / Lithographs | Art,1928 Black and White Photo of Hunting Party,https://hibid.com/lot/321409173
791,321409174,183150,2.0,0,1,8,OPEN,108985.257,Art - Prints / Lithographs | Art,Les C. Kouba Collectors Edition Print from,https://hibid.com/lot/321409174
792,321409175,183151,5.0,0,5,8,OPEN,108995.253,Art - Prints / Lithographs | Art,Ducks Unlimited Pencil Sketch Print by Jett Brunet,https://hibid.com/lot/321409175
793,321409176,183152,9.0,0,6,9,OPEN,109005.25,Art - Prints / Lithographs | Art,"25 ""Wildfowl"" Cigarette Cards Painted by Peter",https://hibid.com/lot/321409176
794,321409177,183153,11.0,0,5,16,OPEN,109015.243,Art - Prints / Lithographs | Art,"Sporting Dog Prints(3): Edmund Osthaus, Henry",https://hibid.com/lot/321409177
795,321409178,183154,0.0,0,0,7,OPEN,109025.243,Computers & Electronics - Computers - Desktop / All-in-Ones | Computers & Electronics - Computers | Computers & Electronics,Macintosh Performa 5300CD Box,https://hibid.com/lot/321409178
795B,321409179,185075,2.0,0,2,13,OPEN,109035.23999999999,Construction & Farm - Shop / Warehouse - Safety | Construction & Farm - Shop / Warehouse | Construction & Farm,First Aid Containers with Supplies,https://hibid.com/lot/321409179
796,321409180,183155,11.0,0,6,19,OPEN,109045.233,Art - Prints / Lithographs | Art,Hunting Dog Prints(3): Berghoff Brewing,https://hibid.com/lot/321409180
797,321409181,183156,2.0,0,1,9,OPEN,109055.233,Art - Prints / Lithographs | Art,"Doug Lindstrand Print ""The Christmas Tree"",",https://hibid.com/lot/321409181
798,321409182,183157,10.0,0,3,10,OPEN,109065.23,Art - Prints / Lithographs | Art,"""Good Friends"" Print(has damage), Hunting Dog",https://hibid.com/lot/321409182
799,321409183,183158,11.0,0,5,13,OPEN,109075.227,Art - Prints / Lithographs | Art,"Clara Turley Newberry ""Kitten"" Print, Playful",https://hibid.com/lot/321409183
800,321409184,184615,3.0,0,2,15,OPEN,109085.223,Art - Prints / Lithographs | Art,"Walter Bohl ""Labrador Retriever"" Print, Black L",https://hibid.com/lot/321409184
801,321409185,184616,26.0,0,7,10,OPEN,109095.22,Art - Prints / Lithographs | Art,The Rivals By: Burton Barber,https://hibid.com/lot/321409185
802,321409186,184617,17.0,0,9,7,OPEN,109105.21699999999,Art - Prints / Lithographs | Art,Floral Cross Print and Leaf Frames,https://hibid.com/lot/321409186
803,321409187,184618,3.0,0,2,10,OPEN,109115.21299999999,Art - Paintings | Art,Floral Painting on Canvas (2),https://hibid.com/lot/321409187
804,321409188,184619,2.0,0,1,5,OPEN,109125.20999999999,Art - Prints / Lithographs | Art,"“Nr. 5050 Au Milieu des Grandes Dunes"" Print",https://hibid.com/lot/321409188
805,321409189,184620,21.0,0,15,6,OPEN,109135.207,Art - Prints / Lithographs | Art,Gold Toned Frame with Boy and Girl Portrait,https://hibid.com/lot/321409189
806,321409190,184621,15.0,0,13,6,OPEN,109145.203,Art - Prints / Lithographs | Art,Framed Portrait of a Woman,https://hibid.com/lot/321409190
807,321409191,184622,11.0,0,6,13,OPEN,109155.2,Art - Prints / Lithographs | Art,Color Foil Etching (4) By: Lionel Barrymore,https://hibid.com/lot/321409191
808,321409192,184623,21.0,0,13,19,OPEN,109165.197,Art - Prints / Lithographs | Art,Outdoor Scene Prints (4),https://hibid.com/lot/321409192
809,321409193,184624,11.0,0,6,21,OPEN,109175.19,Home Goods & Decor - Home Goods - Kitchen / Housewares | Home Goods & Decor - Home Goods | Home Goods & Decor,Wall Decor (6),https://hibid.com/lot/321409193
810,321409194,184625,0.0,0,0,7,OPEN,109185.19,Home Goods & Decor - Home Goods - Kitchen / Housewares | Home Goods & Decor - Home Goods | Home Goods & Decor,Hasko De Luxe Lap Trays (8),https://hibid.com/lot/321409194
811,321409195,184626,6.0,0,4,11,OPEN,109195.18299999999,Antiques & Collectibles - Collectibles - Sports Cards / Memorabilia - Memorabilia | Antiques & Collectibles - Collectibles - Sports Cards / Memorabilia | Antiques & Collectibles - Collectibles | Antiques & Collectibles,1940s Tin Tray Ole Larsen (4),https://hibid.com/lot/321409195
812,321409196,184627,3.0,0,2,28,OPEN,109205.18,Art - Prints / Lithographs | Art,"Hunting Dog Wall Plaque, Sporting Dog Artwork",https://hibid.com/lot/321409196
813,321409197,184628,0.0,0,0,8,OPEN,109215.177,Home Goods & Decor - Home Goods - Kitchen / Housewares | Home Goods & Decor - Home Goods | Home Goods & Decor,Wall Decor (8),https://hibid.com/lot/321409197
814,321409198,184629,0.0,0,0,9,OPEN,109225.173,Art - Prints / Lithographs | Art,Framed Autumn Landscaping,https://hibid.com/lot/321409198
815,321409199,184630,0.0,0,0,13,OPEN,109235.17,Art - Prints / Lithographs | Art,Photo Albums (3) and Picture Frames (8),https://hibid.com/lot/321409199
816,321409200,184631,2.0,0,1,13,OPEN,109245.167,Antiques & Collectibles - Collectibles - Figurines | Antiques & Collectibles - Collectibles | Antiques & Collectibles,Dog Figurines(12),https://hibid.com/lot/321409200
817,321409201,184632,9.0,0,7,15,OPEN,109255.15999999999,Antiques & Collectibles - Collectibles - Figurines | Antiques & Collectibles - Collectibles | Antiques & Collectibles,Dog Figurines (10),https://hibid.com/lot/321409201
818,321409202,184633,3.0,0,2,9,OPEN,109265.15699999999,Antiques & Collectibles - Collectibles - Figurines | Antiques & Collectibles - Collectibles | Antiques & Collectibles,Dog Figurines 8),https://hibid.com/lot/321409202
819,321409203,184634,0.0,0,0,11,OPEN,109275.15299999999,Antiques & Collectibles - Collectibles - Figurines | Antiques & Collectibles - Collectibles | Antiques & Collectibles,Dog Figurines (13),https://hibid.com/lot/321409203
820,321409204,184636,2.0,0,1,16,OPEN,109285.15,Antiques & Collectibles - Collectibles - Figurines | Antiques & Collectibles - Collectibles | Antiques & Collectibles,Dog Figurines (17),https://hibid.com/lot/321409204
821,321409205,184637,0.0,0,0,7,OPEN,109295.147,Antiques & Collectibles - Collectibles - Figurines | Antiques & Collectibles - Collectibles | Antiques & Collectibles,Dog Figurines (4),https://hibid.com/lot/321409205
822,321409206,184638,3.0,0,2,15,OPEN,109305.143,Antiques & Collectibles - Collectibles - Decorative - Planters | Antiques & Collectibles - Collectibles - Decorative | Antiques & Collectibles - Collectibles | Antiques & Collectibles,Small Plant Holders (5),https://hibid.com/lot/321409206
823,321409207,184639,2.0,0,1,11,OPEN,109315.14,Antiques & Collectibles - Collectibles - Kitchen / Home | Antiques & Collectibles - Collectibles | Antiques & Collectibles,Avon Dog Bottles,https://hibid.com/lot/321409207
824,321409208,184640,3.0,0,2,10,OPEN,109325.13699999999,Antiques & Collectibles - Collectibles - Kitchen / Home | Antiques & Collectibles - Collectibles | Antiques & Collectibles,"Dog Salt & Pepper Shaker, Dog Figurine (6)",https://hibid.com/lot/321409208
825,321409209,184641,6.0,0,4,4,OPEN,109335.133,Antiques & Collectibles - Collectibles - Advertising | Antiques & Collectibles - Collectibles | Antiques & Collectibles,Coca-Cola Bottle Opener (2),https://hibid.com/lot/321409209
826,321409210,184642,0.0,0,0,7,OPEN,109345.12999999999,Antiques & Collectibles - Collectibles - Advertising | Antiques & Collectibles - Collectibles | Antiques & Collectibles,Glass Soda Bottles (7),https://hibid.com/lot/321409210
827,321409211,184643,2.0,0,1,5,OPEN,109355.127,Antiques & Collectibles - Collectibles - Advertising | Antiques & Collectibles - Collectibles | Antiques & Collectibles,Mountain Dew Glass Bottles (11),https://hibid.com/lot/321409211
828,321409212,184644,2.0,0,1,9,OPEN,109365.12299999999,Antiques & Collectibles - Collectibles - Advertising | Antiques & Collectibles - Collectibles | Antiques & Collectibles,Pepsi Glass Bottles (22),https://hibid.com/lot/321409212
829,321409213,184645,2.0,0,1,10,OPEN,109375.12,Antiques & Collectibles - Collectibles - Advertising | Antiques & Collectibles - Collectibles | Antiques & Collectibles,Coca-Cola Glass Bottles In Coca-Cola Crate,https://hibid.com/lot/321409213
830,321409214,184646,6.0,0,3,10,OPEN,109385.117,Antiques & Collectibles - Collectibles - Advertising | Antiques & Collectibles - Collectibles | Antiques & Collectibles,Coca-Cola Crates(2) Glass Soda Bottles,https://hibid.com/lot/321409214
831,321409215,184647,2.0,0,1,8,OPEN,109395.113,Antiques & Collectibles - Collectibles - Kitchen / Home | Antiques & Collectibles - Collectibles | Antiques & Collectibles,Pratts Liniment (5) Glass Bottles,https://hibid.com/lot/321409215
832,321409216,184648,0.0,0,0,12,OPEN,109405.11,Antiques & Collectibles - Collectibles - Advertising | Antiques & Collectibles - Collectibles | Antiques & Collectibles,1950s Famous Athletes Carstairs Whisky’s Banner,https://hibid.com/lot/321409216
833,321409217,184649,6.0,0,3,4,OPEN,109415.10699999999,Antiques & Collectibles - Collectibles - Sports Cards / Memorabilia - Baseball Trading Cards | Antiques & Collectibles - Collectibles - Sports Cards / Memorabilia | Antiques & Collectibles - Collectibles | Antiques & Collectibles,1989 Donruss Baseball Cards,https://hibid.com/lot/321409217
834,321409218,184650,3.0,0,2,7,OPEN,109425.10299999999,Antiques & Collectibles - Collectibles - Sports Cards / Memorabilia - Baseball Trading Cards | Antiques & Collectibles - Collectibles - Sports Cards / Memorabilia | Antiques & Collectibles - Collectibles | Antiques & Collectibles,1989 Topps Baseball Cards,https://hibid.com/lot/321409218
835,321409219,184651,2.0,0,1,6,OPEN,109435.09999999999,Antiques & Collectibles - Collectibles - Sports Cards / Memorabilia - Baseball Trading Cards | Antiques & Collectibles - Collectibles - Sports Cards / Memorabilia | Antiques & Collectibles - Collectibles | Antiques & Collectibles,1990 Fleer Baseball Trading Cards,https://hibid.com/lot/321409219
836,321409220,184652,2.0,0,1,7,OPEN,109445.097,Antiques & Collectibles - Collectibles - Sports Cards / Memorabilia - Baseball Trading Cards | Antiques & Collectibles - Collectibles - Sports Cards / Memorabilia | Antiques & Collectibles - Collectibles | Antiques & Collectibles,1990 Donruss Baseball Cards,https://hibid.com/lot/321409220
837,321409221,184653,2.0,0,1,5,OPEN,109455.093,Antiques & Collectibles - Collectibles - Sports Cards / Memorabilia - Baseball Trading Cards | Antiques & Collectibles - Collectibles - Sports Cards / Memorabilia | Antiques & Collectibles - Collectibles | Antiques & Collectibles,Topps Baseball Cards,https://hibid.com/lot/321409221
838,321409222,184654,10.0,0,3,6,OPEN,109465.09,Antiques & Collectibles - Collectibles - Sports Cards / Memorabilia - Baseball Trading Cards | Antiques & Collectibles - Collectibles - Sports Cards / Memorabilia | Antiques & Collectibles - Collectibles | Antiques & Collectibles,Fleer Baseball Trading Card,https://hibid.com/lot/321409222
839,321409223,184655,2.0,0,1,5,OPEN,109475.087,Antiques & Collectibles - Collectibles - Sports Cards / Memorabilia - Baseball Trading Cards | Antiques & Collectibles - Collectibles - Sports Cards / Memorabilia | Antiques & Collectibles - Collectibles | Antiques & Collectibles,Topps Baseball Trading Cards,https://hibid.com/lot/321409223
840,321409224,184656,2.0,0,1,6,OPEN,109485.083,Antiques & Collectibles - Collectibles - Sports Cards / Memorabilia - Baseball Trading Cards | Antiques & Collectibles - Collectibles - Sports Cards / Memorabilia | Antiques & Collectibles - Collectibles | Antiques & Collectibles,1991 Donruss Baseball Cards,https://hibid.com/lot/321409224
841,321409225,184657,2.0,0,1,7,OPEN,109495.08,Antiques & Collectibles - Collectibles - Sports Cards / Memorabilia - Baseball Trading Cards | Antiques & Collectibles - Collectibles - Sports Cards / Memorabilia | Antiques & Collectibles - Collectibles | Antiques & Collectibles,Baseball Trading Cards,https://hibid.com/lot/321409225
842,321409226,184658,2.0,0,1,4,OPEN,109505.08,Antiques & Collectibles - Collectibles - Sports Cards / Memorabilia - Baseball Trading Cards | Antiques & Collectibles - Collectibles - Sports Cards / Memorabilia | Antiques & Collectibles - Collectibles | Antiques & Collectibles,Fleer Baseball Cards,https://hibid.com/lot/321409226
843,321409227,184659,2.0,0,1,6,OPEN,109515.07699999999,Antiques & Collectibles - Collectibles - Sports Cards / Memorabilia - Baseball Trading Cards | Antiques & Collectibles - Collectibles - Sports Cards / Memorabilia | Antiques & Collectibles - Collectibles | Antiques & Collectibles,Fleer 91 Baseball Cards,https://hibid.com/lot/321409227
844,321409228,184660,2.0,0,1,6,OPEN,109525.07299999999,Antiques & Collectibles - Collectibles - Sports Cards / Memorabilia - Baseball Trading Cards | Antiques & Collectibles - Collectibles - Sports Cards / Memorabilia | Antiques & Collectibles - Collectibles | Antiques & Collectibles,Fleer Baseball Cards,https://hibid.com/lot/321409228
845,321409232,184661,2.0,0,1,5,OPEN,109535.06999999999,Antiques & Collectibles - Collectibles - Sports Cards / Memorabilia - Baseball Trading Cards | Antiques & Collectibles - Collectibles - Sports Cards / Memorabilia | Antiques & Collectibles - Collectibles | Antiques & Collectibles,1990 Topps Baseball Cards (2),https://hibid.com/lot/321409232
846,321409233,184662,2.0,0,1,9,OPEN,109545.067,Antiques & Collectibles - Collectibles - Sports Cards / Memorabilia - Baseball Trading Cards | Antiques & Collectibles - Collectibles - Sports Cards / Memorabilia | Antiques & Collectibles - Collectibles | Antiques & Collectibles,1988 Fleer Baseball Cards and Topps Baseball Cards,https://hibid.com/lot/321409233
847,321409235,184663,2.0,0,1,13,OPEN,109555.06,Antiques & Collectibles - Collectibles - Sports Cards / Memorabilia - Baseball Trading Cards | Antiques & Collectibles - Collectibles - Sports Cards / Memorabilia | Antiques & Collectibles - Collectibles | Antiques & Collectibles,"Baseball Cards In Binders, Grand Rapids Press",https://hibid.com/lot/321409235
848,321409237,184664,2.0,0,1,17,OPEN,109565.057,Toys - Vintage / Antique Toys | Toys,"Hubley Kiddie Toy, Tin Litho Chicken",https://hibid.com/lot/321409237
849,321409239,184665,0.0,0,0,16,OPEN,109575.053,Toys - Games | Toys,"Trivial Pursuit (2), Outdoor Life Trading Game",https://hibid.com/lot/321409239
850,321409241,184666,0.0,0,0,10,OPEN,109585.04699999999,Toys - Games | Toys,"Peg Board Play Tiles, Porker Chips, Playing Card",https://hibid.com/lot/321409241
851,321409243,184667,2.0,0,1,17,OPEN,109595.04,Toys - Bears / Stuffed Animals | Toys,"Tweak n’ Squeak Bunny, Sitting Siamese Plush Kitty",https://hibid.com/lot/321409243
852,321409246,184668,5.0,0,4,18,OPEN,109605.037,Toys - Vintage / Antique Toys | Toys,Wolverine Tin Litho Kitchen Sink,https://hibid.com/lot/321409246
853,321409247,184669,5.0,0,4,8,OPEN,109615.033,Toys - Vintage / Antique Toys | Toys,"1950s-1960s Toy Handcuffs, Sure Shot Toy Cap Gun",https://hibid.com/lot/321409247
854,321409248,184670,2.0,0,1,9,OPEN,109625.03,Antiques & Collectibles - Collectibles - Books | Antiques & Collectibles - Collectibles | Antiques & Collectibles,"Big Big Story Book, Pet Books, Encyclopedia of",https://hibid.com/lot/321409248
855,321409249,184671,11.0,0,8,6,OPEN,109635.03,Home Goods & Decor - Home Goods - Music - CDs / Records / Cassettes | Home Goods & Decor - Home Goods | Home Goods & Decor,Mr. Wonderful,https://hibid.com/lot/321409249
856,321409250,184672,2.0,0,1,13,OPEN,109645.027,Toys - Games | Toys,"Chess Players, Mini Chess Board",https://hibid.com/lot/321409250
857,321409251,184673,2.0,0,1,6,OPEN,109655.01999999999,"Sporting Goods - Sporting Goods / Outdoor Recreation - Bicycles, Scooters & More | Sporting Goods - Sporting Goods / Outdoor Recreation | Sporting Goods",Champion Fastback Snow Sled,https://hibid.com/lot/321409251
858,321409252,184674,10.0,0,9,6,OPEN,109665.01999999999,Cars & Vehicles - Motorsports - Motorcycles - Trike | Cars & Vehicles - Motorsports - Motorcycles | Cars & Vehicles - Motorsports | Cars & Vehicles,2 Seater Pedal Trike,https://hibid.com/lot/321409252
859,321409253,184675,3.0,0,2,7,OPEN,109675.01699999999,Lawn & Garden - Tools/Hand held items - Hand Tools | Lawn & Garden - Tools/Hand held items | Lawn & Garden,1949-1954 Kids Shovels,https://hibid.com/lot/321409253
860,321409254,184676,4.0,0,3,7,OPEN,109685.01299999999,Lawn & Garden - Outdoors | Lawn & Garden,Kids Metal Wheelbarrow,https://hibid.com/lot/321409254
861,321409255,184677,3.0,0,2,10,OPEN,109695.01,Home Goods & Decor - Home Goods - Small Appliances | Home Goods & Decor - Home Goods | Home Goods & Decor,Dayton Metal Fan and Diehl Fan,https://hibid.com/lot/321409255
862,321409256,184678,6.0,0,5,6,OPEN,109705.007,Home Goods & Decor - Home Goods - Small Appliances | Home Goods & Decor - Home Goods | Home Goods & Decor,Diehl Metal Fan,https://hibid.com/lot/321409256
863,321409257,184679,7.0,0,6,6,OPEN,109713.677,Home Goods & Decor - Home Goods - Small Appliances | Home Goods & Decor - Home Goods | Home Goods & Decor,Vornado Metal Fan,https://hibid.com/lot/321409257
864,321409258,184680,4.0,0,3,6,OPEN,109723.67,Home Goods & Decor - Home Goods - Small Appliances | Home Goods & Decor - Home Goods | Home Goods & Decor,Signal JR Metal Fan,https://hibid.com/lot/321409258
865,321409259,184681,3.0,0,2,9,OPEN,109733.667,Home Goods & Decor - Home Goods - Small Appliances | Home Goods & Decor - Home Goods | Home Goods & Decor,Metal Fans (2),https://hibid.com/lot/321409259
866,321409260,184682,2.0,0,1,4,OPEN,109743.663,Home Goods & Decor - Home Goods - Small Appliances | Home Goods & Decor - Home Goods | Home Goods & Decor,Metal Fan,https://hibid.com/lot/321409260
866B,321409261,184896,2.0,0,1,5,OPEN,109753.65999999999,Home Goods & Decor - Home Goods - Small Appliances | Home Goods & Decor - Home Goods | Home Goods & Decor,Nova Airmaster Metal Fan,https://hibid.com/lot/321409261
867,321409262,184683,2.0,0,1,11,OPEN,109763.65699999999,Home Goods & Decor - Home Goods - Lighting - Lamps | Home Goods & Decor - Home Goods - Lighting | Home Goods & Decor - Home Goods | Home Goods & Decor,Dayton Machine/ Work Lamp and Desk lamp,https://hibid.com/lot/321409262
868,321409263,184684,14.0,0,11,19,OPEN,109773.65,Sporting Goods - Hunting & Trapping | Sporting Goods,Ducks Unlimited Decoys 2023 & 2011,https://hibid.com/lot/321409263
869,321409264,184686,2.0,0,1,13,OPEN,109783.647,Home Goods & Decor - Art & Craft Supplies | Home Goods & Decor,Wooden Stamps,https://hibid.com/lot/321409264
870,321409266,184687,2.0,0,1,12,OPEN,109793.643,Home Goods & Decor - Home Goods - Kitchen / Housewares | Home Goods & Decor - Home Goods | Home Goods & Decor,Metal Serving Trays (3),https://hibid.com/lot/321409266
871,321409268,184688,4.0,0,3,8,OPEN,109803.64,Home Goods & Decor - Home Goods - Lighting - Lamps | Home Goods & Decor - Home Goods - Lighting | Home Goods & Decor - Home Goods | Home Goods & Decor,Parlor Table Lamp,https://hibid.com/lot/321409268
872,321409269,184689,0.0,0,0,10,OPEN,109813.63699999999,Sporting Goods - Hunting & Trapping | Sporting Goods,"Rat Trap, Trolling Line, Lead Wire",https://hibid.com/lot/321409269
873,321409270,184690,3.0,0,2,8,OPEN,109823.633,Art - Sculptures / Carvings / Statues | Art,Armor Book End,https://hibid.com/lot/321409270
874,321409271,184691,4.0,0,3,8,OPEN,109833.62999999999,Construction & Farm - Building Supplies - Building Hardware | Construction & Farm - Building Supplies | Construction & Farm,Door Knobs (10),https://hibid.com/lot/321409271
875,321409272,184692,76.0,0,4,6,OPEN,109843.627,Sporting Goods - Camping | Sporting Goods,"Coleman Mantle Propane Lantern, Propane Fuel",https://hibid.com/lot/321409272
876,321409273,184693,4.0,0,3,15,OPEN,109853.62,Antiques & Collectibles - Collectibles - Advertising | Antiques & Collectibles - Collectibles | Antiques & Collectibles,"Bills Economy Service Ash Tray, Auto Compass",https://hibid.com/lot/321409273
877,321409274,184694,0.0,0,0,14,OPEN,109863.617,Antiques & Collectibles - Collectibles - Phones | Antiques & Collectibles - Collectibles | Antiques & Collectibles,Rotary Desk Phones (2),https://hibid.com/lot/321409274
878,321409275,184696,6.0,0,5,8,OPEN,109873.61,Construction & Farm - Shop / Warehouse - Scales / Hoists | Construction & Farm - Shop / Warehouse | Construction & Farm,Hanson Model 2000 Utility Scale,https://hibid.com/lot/321409275
879,321409276,184697,37.0,0,11,8,OPEN,109883.60699999999,Antiques & Collectibles - Collectibles - Railroad | Antiques & Collectibles - Collectibles | Antiques & Collectibles,Pere Marquette Railroad Lantern,https://hibid.com/lot/321409276
880,321409277,184698,8.0,0,6,11,OPEN,109893.60299999999,Home Goods & Decor - Home Goods - Kitchen / Housewares | Home Goods & Decor - Home Goods | Home Goods & Decor,Wall Hanging Box and Tea Caddy,https://hibid.com/lot/321409277
881,321409278,184699,4.0,0,3,8,OPEN,109903.59999999999,Antiques & Collectibles - Collectibles - Kitchen / Home | Antiques & Collectibles - Collectibles | Antiques & Collectibles,Wooden Sewing Box,https://hibid.com/lot/321409278
882,321409279,184700,0.0,0,0,13,OPEN,109913.597,Antiques & Collectibles - Collectibles - Newspapers | Antiques & Collectibles - Collectibles | Antiques & Collectibles,"Hand-Tooled Leather Album, Newspaper 1986 Flood",https://hibid.com/lot/321409279
883,321409280,184701,2.0,0,1,9,OPEN,109923.593,Home Goods & Decor - Home Goods - Kitchen / Housewares | Home Goods & Decor - Home Goods | Home Goods & Decor,"Irvinware Handheld Ice Crusher, Lemon Wedge Press",https://hibid.com/lot/321409280
884,321409281,184702,11.0,0,4,8,OPEN,109933.59,Antiques & Collectibles - Collectibles - Figurines | Antiques & Collectibles - Collectibles | Antiques & Collectibles,Field Birds (4),https://hibid.com/lot/321409281
885,321409282,184703,11.0,0,3,13,OPEN,109943.587,Antiques & Collectibles - Collectibles - Kitchen / Home | Antiques & Collectibles - Collectibles | Antiques & Collectibles,Field Bird Bottles (4) Flora & Fauna Series #3,https://hibid.com/lot/321409282
886,321409283,184704,3.0,0,2,4,OPEN,109953.583,Lawn & Garden - Tools/Hand held items - Hand Tools | Lawn & Garden - Tools/Hand held items | Lawn & Garden,Stanley Defiance 1299 Cast Iron Utility Knife (3),https://hibid.com/lot/321409283
887,321409284,184705,3.0,0,2,6,OPEN,109963.58,Art - Sculptures / Carvings / Statues | Art,Sliding Book End,https://hibid.com/lot/321409284
888,321409285,184706,4.0,0,3,4,OPEN,109973.57699999999,Home Goods & Decor - Home Goods - Kitchen / Housewares | Home Goods & Decor - Home Goods | Home Goods & Decor,"Santa Claus Taper Candles, Candle Stick Holder",https://hibid.com/lot/321409285
889,321409286,184707,2.0,0,1,4,OPEN,109983.57299999999,Antiques & Collectibles - Collectibles - Automobilia | Antiques & Collectibles - Collectibles | Antiques & Collectibles,License Plates,https://hibid.com/lot/321409286
890,321409287,184708,2.0,0,1,5,OPEN,109993.56999999999,Antiques & Collectibles - Collectibles - License Plates | Antiques & Collectibles - Collectibles | Antiques & Collectibles,"Trailer License Plates(4), Alaska Plate, M",https://hibid.com/lot/321409287
891,321409288,184709,0.0,0,0,6,OPEN,110003.567,Antiques & Collectibles - Collectibles - Automobilia | Antiques & Collectibles - Collectibles | Antiques & Collectibles,Michigan Great State Lake License Plates (11),https://hibid.com/lot/321409288
892,321409289,184710,0.0,0,0,5,OPEN,110013.563,Antiques & Collectibles - Collectibles - Automobilia | Antiques & Collectibles - Collectibles | Antiques & Collectibles,Michigan Great Lakes License Plates (8),https://hibid.com/lot/321409289
893,321409290,184711,0.0,0,0,10,OPEN,110023.56,Business & Industrial - Business / Retail - Racks / Shelving | Business & Industrial - Business / Retail | Business & Industrial,Hand-Painted Black Toleware Magazine Rack,https://hibid.com/lot/321409290
894,321409291,184712,0.0,0,0,14,OPEN,110033.553,Home Goods & Decor - Home Goods - Kitchen / Housewares | Home Goods & Decor - Home Goods | Home Goods & Decor,Abercrombie & Fitch Leather Case for,https://hibid.com/lot/321409291
895,321409292,184713,4.0,0,3,7,OPEN,110043.54999999999,Antiques & Collectibles - Collectibles - Advertising | Antiques & Collectibles - Collectibles | Antiques & Collectibles,"1940s Pabst Blue Ribbon Bottle Opener,",https://hibid.com/lot/321409292
896,321409293,184714,0.0,0,0,8,OPEN,110053.54699999999,Home Goods & Decor - Home Goods - Kitchen / Housewares | Home Goods & Decor - Home Goods | Home Goods & Decor,"Chase Bar Tool, I.W. Bottle Opener",https://hibid.com/lot/321409293
897,321409294,184715,23.0,0,8,7,OPEN,110063.54299999999,Art - Sculptures / Carvings / Statues | Art,Brass Flying Ducks Duo Sculpture,https://hibid.com/lot/321409294
898,321409295,184716,8.0,0,7,6,OPEN,110073.54,Antiques & Collectibles - Collectibles - Advertising | Antiques & Collectibles - Collectibles | Antiques & Collectibles,Thermometer from 1933 Chicago World's Fair,https://hibid.com/lot/321409295
899,321409296,184717,3.0,0,2,5,OPEN,110083.537,Antiques & Collectibles - Collectibles - Advertising | Antiques & Collectibles - Collectibles | Antiques & Collectibles,Winston Ash Trays (13),https://hibid.com/lot/321409296
900,321409297,184718,2.0,0,1,11,OPEN,110093.533,Antiques & Collectibles - Collectibles - Advertising | Antiques & Collectibles - Collectibles | Antiques & Collectibles,"John Deere Pocket Toothpick, Hand Drill Hole",https://hibid.com/lot/321409297
901,321409298,184719,53.0,0,22,6,OPEN,110103.53,Antiques & Collectibles - Collectibles - Books | Antiques & Collectibles - Collectibles | Antiques & Collectibles,First Edition American Women’s Home 1869,https://hibid.com/lot/321409298
902,321409299,184720,0.0,0,0,6,OPEN,110113.527,Construction & Farm - Shop / Warehouse - Safety | Construction & Farm - Shop / Warehouse | Construction & Farm,Security Fire Extinguisher,https://hibid.com/lot/321409299
903,321409300,184721,2.0,0,1,26,OPEN,110123.51999999999,Home Goods & Decor - Home Goods - Kitchen / Housewares | Home Goods & Decor - Home Goods | Home Goods & Decor,"Aluminum Trays, Bowl",https://hibid.com/lot/321409300
904,321409301,184722,2.0,0,1,19,OPEN,110133.51699999999,Home Goods & Decor - Home Goods - Kitchen / Housewares | Home Goods & Decor - Home Goods | Home Goods & Decor,Aluminum Pitchers (3) Two-Tiered Tidbit Serving,https://hibid.com/lot/321409301
905,321409302,184723,5.0,0,4,19,OPEN,110143.51,Home Goods & Decor - Home Goods - Kitchen / Housewares | Home Goods & Decor - Home Goods | Home Goods & Decor,Aluminum Serving Trays(3) and Lazy Susan,https://hibid.com/lot/321409302
906,321409303,184724,2.0,0,1,29,OPEN,110153.503,Home Goods & Decor - Home Goods - Kitchen / Housewares | Home Goods & Decor - Home Goods | Home Goods & Decor,"Stylemaster ""Tray-Plaque"" From Grand Rapids Mi(2)",https://hibid.com/lot/321409303
907,321409304,184725,2.0,0,1,18,OPEN,110163.49699999999,Home Goods & Decor - Home Goods - Kitchen / Housewares | Home Goods & Decor - Home Goods | Home Goods & Decor,Aluminum Divide Trays (2) Serving Trays (2),https://hibid.com/lot/321409304
908,321409305,184726,5.0,0,4,19,OPEN,110173.493,Home Goods & Decor - Home Goods - Kitchen / Housewares | Home Goods & Decor - Home Goods | Home Goods & Decor,Wrought Aluminum Two-Tiered Serving Tray.,https://hibid.com/lot/321409305
909,321409306,184727,0.0,0,0,7,OPEN,110183.48999999999,Lawn & Garden - Tools/Hand held items - Hand Tools | Lawn & Garden - Tools/Hand held items | Lawn & Garden,K.M.O Valve Gage Tool & ACME Valve Cores Tin,https://hibid.com/lot/321409306
910,321409307,184728,0.0,0,0,14,OPEN,110193.487,Lawn & Garden - Tools/Hand held items - Hand Tools | Lawn & Garden - Tools/Hand held items | Lawn & Garden,"Hex Drive Sockets, Sherman Diamond Hose Nozzle",https://hibid.com/lot/321409307
911,321409308,184729,0.0,0,0,12,OPEN,110203.483,Construction & Farm - Chemical Applicators - Fertilizer Applicators - Anhydrous | Construction & Farm - Chemical Applicators - Fertilizer Applicators | Construction & Farm - Chemical Applicators | Construction & Farm,"Bassick Hand-L-Hold, Aug-Eze Co Tool",https://hibid.com/lot/321409308
912,321409309,184730,2.0,0,1,6,OPEN,110213.48,Sporting Goods - Sporting Goods / Outdoor Recreation - Outdoor Games & Sports Equipment | Sporting Goods - Sporting Goods / Outdoor Recreation | Sporting Goods,Hand-Held Clay Target Launchers (2),https://hibid.com/lot/321409309
913,321409310,184731,0.0,0,0,8,OPEN,110223.477,Lawn & Garden - Tools/Hand held items - Hand Tools | Lawn & Garden - Tools/Hand held items | Lawn & Garden,Wooden Hand Plane,https://hibid.com/lot/321409310
914,321409311,184732,0.0,0,0,7,OPEN,110233.473,Lawn & Garden - Tools/Hand held items - Hand Tools | Lawn & Garden - Tools/Hand held items | Lawn & Garden,Wooden Hand Plane,https://hibid.com/lot/321409311
915,321409312,184733,2.0,0,1,8,OPEN,110243.47,Lawn & Garden - Tools/Hand held items - Hand Tools | Lawn & Garden - Tools/Hand held items | Lawn & Garden,Wooden Hand Plane,https://hibid.com/lot/321409312
916,321409313,184734,0.0,0,0,13,OPEN,110253.46699999999,Lawn & Garden - Tools/Hand held items - Hand Tools | Lawn & Garden - Tools/Hand held items | Lawn & Garden,Stanley Wooden Levels (2),https://hibid.com/lot/321409313
917,321409314,184735,0.0,0,0,12,OPEN,110263.45999999999,Lawn & Garden - Tools/Hand held items - Hand Tools | Lawn & Garden - Tools/Hand held items | Lawn & Garden,Stanley Wooden Levels (2),https://hibid.com/lot/321409314
918,321409315,184736,0.0,0,0,12,OPEN,110273.457,Lawn & Garden - Tools/Hand held items - Hand Tools | Lawn & Garden - Tools/Hand held items | Lawn & Garden,Wooden Levels (2),https://hibid.com/lot/321409315
919,321409316,184737,0.0,0,0,13,OPEN,110283.453,Lawn & Garden - Tools/Hand held items - Hand Tools | Lawn & Garden - Tools/Hand held items | Lawn & Garden,Stanley Wooden Levels (2),https://hibid.com/lot/321409316
920,321409317,184738,0.0,0,0,11,OPEN,110293.45,Lawn & Garden - Tools/Hand held items - Hand Tools | Lawn & Garden - Tools/Hand held items | Lawn & Garden,Winchester Wooden Level and Red Wooden Level,https://hibid.com/lot/321409317
921,321409318,184739,2.0,0,1,19,OPEN,110303.447,Lawn & Garden - Tools/Hand held items - Hand Tools | Lawn & Garden - Tools/Hand held items | Lawn & Garden,"Hand Plane(2) Saw Gauge, Cabinet Scraper Plane(2)",https://hibid.com/lot/321409318
922,321409319,184740,2.0,0,1,23,OPEN,110313.43999999999,Lawn & Garden - Tools/Hand held items - Hand Tools | Lawn & Garden - Tools/Hand held items | Lawn & Garden,"Stanley Duplex Rabbet & Fillister Plane, Level",https://hibid.com/lot/321409319
923,321409320,184741,0.0,0,0,14,OPEN,110323.43999999999,Lawn & Garden - Tools/Hand held items - Toolboxes | Lawn & Garden - Tools/Hand held items | Lawn & Garden,Ramset Tool Box and Ice Hooks (2),https://hibid.com/lot/321409320
924,321409321,184742,0.0,0,0,6,OPEN,110333.43299999999,Antiques & Collectibles - Antiques - Antique Tools | Antiques & Collectibles - Antiques | Antiques & Collectibles,Rope Pulley System,https://hibid.com/lot/321409321
925,321409322,184743,0.0,0,0,4,OPEN,110343.43,Construction & Farm - Pumps | Construction & Farm,Manual Air Pumps (2),https://hibid.com/lot/321409322
926,321409323,184744,2.0,0,1,6,OPEN,110353.43,Lawn & Garden - Lawn / Garden | Lawn & Garden,Planet Jr Edger(2),https://hibid.com/lot/321409323
927,321409324,184745,4.0,0,3,5,OPEN,110363.427,Home Goods & Decor - Home Goods - Kitchen / Housewares | Home Goods & Decor - Home Goods | Home Goods & Decor,Clothes Drying Rack,https://hibid.com/lot/321409324
928,321409325,184746,0.0,0,0,9,OPEN,110373.423,Lawn & Garden - Tools/Hand held items - Hand Tools | Lawn & Garden - Tools/Hand held items | Lawn & Garden,"Tripod, Hand Auger, Hay Scythe",https://hibid.com/lot/321409325
929,321409326,184747,5.0,0,4,10,OPEN,110383.42,Construction & Farm - Shop / Warehouse - Tiedowns / Binders | Construction & Farm - Shop / Warehouse | Construction & Farm,"Barrel, Copper, Rope",https://hibid.com/lot/321409326
930,321409327,184748,3.0,0,2,12,OPEN,110393.417,Construction & Farm - Livestock Equipment - Feeders | Construction & Farm - Livestock Equipment | Construction & Farm,"Wooden Barrel, Chicken Wire",https://hibid.com/lot/321409327
931,321409328,184749,2.0,0,1,6,OPEN,110403.40999999999,Lawn & Garden - Outdoor Power Equipment - Lawn Mowers - Walk-Behind | Lawn & Garden - Outdoor Power Equipment - Lawn Mowers | Lawn & Garden - Outdoor Power Equipment | Lawn & Garden,Hand Monta Mower,https://hibid.com/lot/321409328
932,321409329,184750,120.0,0,47,9,OPEN,110413.40999999999,Antiques & Collectibles - Collectibles - Books | Antiques & Collectibles - Collectibles | Antiques & Collectibles,1881 Holy Bible Old and New Testaments,https://hibid.com/lot/321409329
933,321409330,184751,5.0,0,4,6,OPEN,110423.40299999999,Antiques & Collectibles - Collectibles - Books | Antiques & Collectibles - Collectibles | Antiques & Collectibles,Books By: Louisa M Alcott(3),https://hibid.com/lot/321409330
934,321409331,184752,5.0,0,4,4,OPEN,110433.4,Antiques & Collectibles - Collectibles - Books | Antiques & Collectibles - Collectibles | Antiques & Collectibles,The War First-Sixth Year,https://hibid.com/lot/321409331
935,321409332,184753,18.0,0,7,5,OPEN,110443.4,Antiques & Collectibles - Collectibles - Books | Antiques & Collectibles - Collectibles | Antiques & Collectibles,Charles Dickens Set of Books Copyright 1890’s,https://hibid.com/lot/321409332
936,321409333,184754,5.0,0,4,18,OPEN,110453.393,Antiques & Collectibles - Collectibles - 1st Edition Books | Antiques & Collectibles - Collectibles | Antiques & Collectibles,"Zane Grey books (4), J Curwood (1), JohnFox (1)",https://hibid.com/lot/321409333
937,321409334,184755,4.0,0,3,4,OPEN,110463.39,Antiques & Collectibles - Collectibles - Books | Antiques & Collectibles - Collectibles | Antiques & Collectibles,Tales by J. Fenmore Cooper All Published 1930’s,https://hibid.com/lot/321409334
938,321409335,184756,16.0,0,11,6,OPEN,110473.38699999999,Antiques & Collectibles - Collectibles - Books | Antiques & Collectibles - Collectibles | Antiques & Collectibles,Mark Twain set of books copyright 1884 in USA,https://hibid.com/lot/321409335
939,321409336,184757,14.0,0,10,6,OPEN,110483.383,Antiques & Collectibles - Collectibles - Books | Antiques & Collectibles - Collectibles | Antiques & Collectibles,"John Steinbeck Set of Books Copyright 1942,",https://hibid.com/lot/321409336
940,321409337,184758,5.0,0,4,14,OPEN,110493.37999999999,Art - Prints / Lithographs | Art,Gems of Art By Funk & Wagnalls,https://hibid.com/lot/321409337
941,321409338,184759,3.0,0,2,11,OPEN,110503.377,Antiques & Collectibles - Collectibles - Advertising | Antiques & Collectibles - Collectibles | Antiques & Collectibles,Yard Sticks- Vintage Business Ads,https://hibid.com/lot/321409338
942,321409339,184760,11.0,0,9,9,OPEN,110513.37299999999,Antiques & Collectibles - Collectibles - Advertising | Antiques & Collectibles - Collectibles | Antiques & Collectibles,Yard Stick Ads- Vintage,https://hibid.com/lot/321409339
943,321409340,184761,2.0,0,1,14,OPEN,110523.37,Antiques & Collectibles - Collectibles - Advertising | Antiques & Collectibles - Collectibles | Antiques & Collectibles,Yard Stick Business Ad’s- Vintage,https://hibid.com/lot/321409340
944,321409341,184762,2.0,0,1,15,OPEN,110533.367,Antiques & Collectibles - Collectibles - Advertising | Antiques & Collectibles - Collectibles | Antiques & Collectibles,Yard Sticks Business Ad- Vintage,https://hibid.com/lot/321409341
945,321409342,184763,2.0,0,1,3,OPEN,110543.363,Antiques & Collectibles - Collectibles - Books | Antiques & Collectibles - Collectibles | Antiques & Collectibles,Various Dog Books,https://hibid.com/lot/321409342
946,321409343,184764,0.0,0,0,3,OPEN,110553.36,Antiques & Collectibles - Collectibles - Books | Antiques & Collectibles - Collectibles | Antiques & Collectibles,Books-Pottery & Stoneware,https://hibid.com/lot/321409343
947,321409344,184765,2.0,0,1,3,OPEN,110563.35699999999,Antiques & Collectibles - Antiques - Maps / Globes | Antiques & Collectibles - Antiques | Antiques & Collectibles,"Maps-Michigan, Iowa, Maine & Alaska",https://hibid.com/lot/321409344
948,321409345,184766,0.0,0,0,6,OPEN,110573.35299999999,Antiques & Collectibles - Collectibles - Religious Books | Antiques & Collectibles - Collectibles | Antiques & Collectibles,"Books- Medical Home Remedies, Helpful Hints",https://hibid.com/lot/321409345
949,321409346,184767,0.0,0,0,3,OPEN,110583.34999999999,Antiques & Collectibles - Collectibles - Nonfiction Books | Antiques & Collectibles - Collectibles | Antiques & Collectibles,"Variety of Books-Mental Health Books, A woman in",https://hibid.com/lot/321409346
950,321409347,184768,0.0,0,0,4,OPEN,110593.347,Antiques & Collectibles - Collectibles - Books | Antiques & Collectibles - Collectibles | Antiques & Collectibles,"Books for Pottery, Porcelain & Glass",https://hibid.com/lot/321409347
951,321409348,184769,0.0,0,0,7,OPEN,110603.343,Antiques & Collectibles - Collectibles - Books | Antiques & Collectibles - Collectibles | Antiques & Collectibles,Official Gazettes for United States Patent O,https://hibid.com/lot/321409348
952,321409349,184770,0.0,0,0,5,OPEN,110613.34,Antiques & Collectibles - Collectibles - Books | Antiques & Collectibles - Collectibles | Antiques & Collectibles,"Books- Fitness, Health for Dogs & Cats, Fishing",https://hibid.com/lot/321409349
953,321409350,184771,3.0,0,2,8,OPEN,110623.34,Antiques & Collectibles - Collectibles - Books | Antiques & Collectibles - Collectibles | Antiques & Collectibles,Assorted Books,https://hibid.com/lot/321409350
954,321409351,184772,7.0,0,6,3,OPEN,110633.337,Sporting Goods - Fishing | Sporting Goods,Fishing Tackle Book Ends,https://hibid.com/lot/321409351
955,321409352,184773,0.0,0,0,5,OPEN,110643.333,Antiques & Collectibles - Collectibles - Books | Antiques & Collectibles - Collectibles | Antiques & Collectibles,"Kids Books, Poetry Books,",https://hibid.com/lot/321409352
956,321409353,184774,0.0,0,0,3,OPEN,110653.33,Antiques & Collectibles - Collectibles - Books | Antiques & Collectibles - Collectibles | Antiques & Collectibles,Spiritual Books,https://hibid.com/lot/321409353
957,321409354,184775,2.0,0,1,3,OPEN,110663.32699999999,Antiques & Collectibles - Collectibles - Books | Antiques & Collectibles - Collectibles | Antiques & Collectibles,"Seasons Of The Whitetail (4), Whitetail Country,",https://hibid.com/lot/321409354
958,321409355,184776,0.0,0,0,7,OPEN,110673.32299999999,Antiques & Collectibles - Collectibles - Books | Antiques & Collectibles - Collectibles | Antiques & Collectibles,"Spiritual Books,",https://hibid.com/lot/321409355
959,321409356,184777,0.0,0,0,12,OPEN,110683.31999999999,Antiques & Collectibles - Collectibles - Nonfiction Books | Antiques & Collectibles - Collectibles | Antiques & Collectibles,"Books, Spiritual Books,",https://hibid.com/lot/321409356
960,321409357,184778,0.0,0,0,6,OPEN,110693.313,Antiques & Collectibles - Collectibles - Books | Antiques & Collectibles - Collectibles | Antiques & Collectibles,Spiritual Books,https://hibid.com/lot/321409357
961,321409358,184779,2.0,0,1,8,OPEN,110703.31,Antiques & Collectibles - Collectibles - Books | Antiques & Collectibles - Collectibles | Antiques & Collectibles,"Office Supplies, Webster Dictionary, Modern",https://hibid.com/lot/321409358
962,321409359,184780,2.0,0,1,8,OPEN,110711.987,Home Goods & Decor - Home Goods - Music - CDs / Records / Cassettes | Home Goods & Decor - Home Goods | Home Goods & Decor,"DiscGear 50 Disc Holder, CDS",https://hibid.com/lot/321409359
963,321409360,184781,3.0,0,2,6,OPEN,110721.983,Home Goods & Decor - Home Goods - Movies | Home Goods & Decor - Home Goods | Home Goods & Decor,DVDS,https://hibid.com/lot/321409360
964,321409361,184782,2.0,0,1,14,OPEN,110731.98,Furniture - Desks / Home Office | Furniture,"Cribbage Boards, Laptop Rest, Binder, Floating",https://hibid.com/lot/321409361
965,321409362,184783,4.0,0,3,9,OPEN,110741.977,Antiques & Collectibles - Collectibles - Decorative - Plates | Antiques & Collectibles - Collectibles - Decorative | Antiques & Collectibles - Collectibles | Antiques & Collectibles,"American Wild Turkey Franklin Mint Plate, H",https://hibid.com/lot/321409362
966,321409363,184784,2.0,0,1,9,OPEN,110751.973,Sporting Goods - Sporting Goods / Outdoor Recreation - Fitness & Exercise Equipment | Sporting Goods - Sporting Goods / Outdoor Recreation | Sporting Goods,"Cap Barbell 8 LBS (2), Hand Weight, Gaiam",https://hibid.com/lot/321409363
967,321409364,184785,0.0,0,0,8,OPEN,110761.96699999999,Furniture - Desks / Home Office | Furniture,"Cash Box, File Holder, Label Maker, Can Openers,",https://hibid.com/lot/321409364
968,321409365,184786,2.0,0,1,11,OPEN,110771.96299999999,Computers & Electronics - Cameras & Camera Accessories - Cameras | Computers & Electronics - Cameras & Camera Accessories | Computers & Electronics,PentaxZX-30 35 MM Camera,https://hibid.com/lot/321409365
969,321409366,184787,2.0,0,1,14,OPEN,110781.95999999999,Computers & Electronics - Cameras & Camera Accessories - Cameras | Computers & Electronics - Cameras & Camera Accessories | Computers & Electronics,"Yashica TL Electro X 35 MM Camera, Vivitar Lens,",https://hibid.com/lot/321409366
970,321409367,184788,6.0,0,3,17,OPEN,110791.953,Computers & Electronics - Consumer Electronics - Home Audio - Speakers | Computers & Electronics - Consumer Electronics - Home Audio | Computers & Electronics - Consumer Electronics | Computers & Electronics,"Tri-Pod, Bose Noise Canceling Headphones, Germ",https://hibid.com/lot/321409367
971,321409368,184789,0.0,0,0,6,OPEN,110801.95,Art - Prints / Lithographs | Art,"Rome Post Cards (20, Tenker Digital Photo Frame",https://hibid.com/lot/321409368
972,321409369,184790,0.0,0,0,6,OPEN,110811.95,Sporting Goods - Sporting Goods / Outdoor Recreation - Fitness & Exercise Equipment | Sporting Goods - Sporting Goods / Outdoor Recreation | Sporting Goods,"Fitbit Inspire 2 (2), Fitbit Watch Bands(3)",https://hibid.com/lot/321409369
973,321409370,184791,16.0,0,10,5,OPEN,110821.943,Computers & Electronics - Cameras & Camera Accessories - Cameras | Computers & Electronics - Cameras & Camera Accessories | Computers & Electronics,"Nikon Coolpix S 8000, Nikon Coolpix 5200 Digital",https://hibid.com/lot/321409370
974,321409371,184792,2.0,0,1,7,OPEN,110831.93999999999,Computers & Electronics - Consumer Electronics - Tablets | Computers & Electronics - Consumer Electronics | Computers & Electronics,"Ipad Model A1566, Keyboard , Coax Cable",https://hibid.com/lot/321409371
975,321409372,184793,0.0,0,0,9,OPEN,110841.93699999999,Computers & Electronics - Consumer Electronics - Tablets | Computers & Electronics - Consumer Electronics | Computers & Electronics,"Samsung Galaxy Tablet 7.0 Powers On, Shutterfly",https://hibid.com/lot/321409372
976,321409373,184794,7.0,0,5,4,OPEN,110851.93299999999,Antiques & Collectibles - Collectibles - Radios | Antiques & Collectibles - Collectibles | Antiques & Collectibles,RCA Boom Box Powers On,https://hibid.com/lot/321409373
977,321409374,184795,2.0,0,1,4,OPEN,110861.93,Computers & Electronics - Consumer Electronics - TVs | Computers & Electronics - Consumer Electronics | Computers & Electronics,Magnavox Digital To Analog Converter Box(3),https://hibid.com/lot/321409374
978,321409375,184796,0.0,0,0,5,OPEN,110871.927,Furniture - Desks / Home Office | Furniture,Binders(10),https://hibid.com/lot/321409375
979,321409376,184797,0.0,0,0,7,OPEN,110881.923,Furniture - Desks / Home Office | Furniture,Office Supplies,https://hibid.com/lot/321409376
980,321409377,184798,2.0,0,1,12,OPEN,110891.92,"Sporting Goods - Sporting Goods / Outdoor Recreation - Bicycles, Scooters & More | Sporting Goods - Sporting Goods / Outdoor Recreation | Sporting Goods","Top Flight Golf Balls (2), Golf Tees, Bike S",https://hibid.com/lot/321409377
981,321409378,184799,2.0,0,1,6,OPEN,110901.917,Furniture - Desks / Home Office | Furniture,Binders (5),https://hibid.com/lot/321409378
982,321409379,184800,0.0,0,0,7,OPEN,110911.913,Furniture - Desks / Home Office | Furniture,Office Supplies,https://hibid.com/lot/321409379
983,321409380,184801,3.0,0,2,9,OPEN,110921.90999999999,Antiques & Collectibles - Collectibles - Signs | Antiques & Collectibles - Collectibles | Antiques & Collectibles,"Deer Thermometer, Tin Saturday Evening Post S",https://hibid.com/lot/321409380
984,321409381,184802,2.0,0,1,7,OPEN,110931.90699999999,Antiques & Collectibles - Collectibles - Radios | Antiques & Collectibles - Collectibles | Antiques & Collectibles,"Panasonic Weather Radio, Hitachi VCR",https://hibid.com/lot/321409381
985,321409382,184803,4.0,0,3,7,OPEN,110941.9,Lawn & Garden - Outdoors | Lawn & Garden,"American Flag & Pole, 4 Mil Cover Plastic",https://hibid.com/lot/321409382
986,321409383,184804,5.0,0,4,7,OPEN,110951.9,Sporting Goods - Sporting Goods / Outdoor Recreation - Outdoor Games & Sports Equipment | Sporting Goods - Sporting Goods / Outdoor Recreation | Sporting Goods,Vintage-Strand Ski Company- Unique collectible,https://hibid.com/lot/321409383
987,321409384,184805,0.0,0,0,8,OPEN,110961.893,Home Goods & Decor - Home Goods - Kitchen / Housewares | Home Goods & Decor - Home Goods | Home Goods & Decor,"Metal Ash And Coal Shovel, Shoe Horns, Turkey Hook",https://hibid.com/lot/321409384
988,321409385,184806,2.0,0,1,12,OPEN,110971.89,Construction & Farm - Shop / Warehouse - Automotive | Construction & Farm - Shop / Warehouse | Construction & Farm,"Ford Radiator Cap, Head Light, Utility Knife S",https://hibid.com/lot/321409385
989,321409386,184807,2.0,0,1,9,OPEN,110981.88699999999,Antiques & Collectibles - Antiques - Maps / Globes | Antiques & Collectibles - Antiques | Antiques & Collectibles,Maps,https://hibid.com/lot/321409386
990,321409387,184808,2.0,0,1,3,OPEN,110991.883,Fashion - Men's Accessories | Fashion,"Men’s Shoe Insoles Size 11,12, Areocore Back Pad",https://hibid.com/lot/321409387
991,321409388,184809,2.0,0,1,7,OPEN,111001.87999999999,Home Goods & Decor - Home Goods - Kitchen / Housewares | Home Goods & Decor - Home Goods | Home Goods & Decor,"Ducks Unlimited Hat, Ducks Unlimited Shot Glass,",https://hibid.com/lot/321409388
992,321409389,184810,2.0,0,1,13,OPEN,111011.877,Sporting Goods - Sporting Goods / Outdoor Recreation - Fitness & Exercise Equipment | Sporting Goods - Sporting Goods / Outdoor Recreation | Sporting Goods,"Co- Flex(9), Lead 3LB Scuba Diving Weight (2),",https://hibid.com/lot/321409389
993,321409390,184811,0.0,0,0,5,OPEN,111021.87299999999,Construction & Farm - Shop / Warehouse - Safety | Construction & Farm - Shop / Warehouse | Construction & Farm,"Ear Plugs (11), Large Nitrile Gloves, S",https://hibid.com/lot/321409390
994,321409391,184812,6.0,0,5,27,OPEN,111031.87,Fashion - Women's Accessories | Fashion,"The Woodward Shops Hat Box, Black Velvet Pillbox",https://hibid.com/lot/321409391
995,321409392,184813,4.0,0,3,12,OPEN,111041.863,Antiques & Collectibles - Collectibles - Decorative - Ornaments | Antiques & Collectibles - Collectibles - Decorative | Antiques & Collectibles - Collectibles | Antiques & Collectibles,"Nativity Made In Mexico, Faith Sign, Reindeer",https://hibid.com/lot/321409392
996,321409393,184814,0.0,0,0,8,OPEN,111051.86,Home Goods & Decor - Home Goods - Kitchen / Housewares | Home Goods & Decor - Home Goods | Home Goods & Decor,"Molson Coasters, Molson Picture, Decks Of Cards,",https://hibid.com/lot/321409393
997,321409394,184815,2.0,0,2,17,OPEN,111061.85699999999,Construction & Farm - Shop / Warehouse - Safety | Construction & Farm - Shop / Warehouse | Construction & Farm,"Fire Extinguisher, Flares, Wrench, Choker C",https://hibid.com/lot/321409394
998,321409395,184816,2.0,0,1,9,OPEN,111071.85299999999,Home Goods & Decor - Home Goods - Kitchen / Housewares | Home Goods & Decor - Home Goods | Home Goods & Decor,"Hair Clips, Lighted Magnifying Glass, Strohs B",https://hibid.com/lot/321409395
999,321409396,184817,0.0,0,0,5,OPEN,111081.84999999999,Home Goods & Decor - Home Goods - Bed / Bath Items | Home Goods & Decor - Home Goods | Home Goods & Decor,"Vinyl Shower Curtains(2), Bags (5), Hats Ducks",https://hibid.com/lot/321409396
1000,321409397,184818,2.0,0,1,4,OPEN,111091.847,Home Goods & Decor - Home Goods - Small Appliances | Home Goods & Decor - Home Goods | Home Goods & Decor,Chi Machine Tested And Works,https://hibid.com/lot/321409397
1001,321409398,184819,2.0,0,1,5,OPEN,111101.843,Home Goods & Decor - Home Goods - Kitchen / Housewares | Home Goods & Decor - Home Goods | Home Goods & Decor,"Anchor Glass Microware Super Server W/ Cover,",https://hibid.com/lot/321409398
1002,321409399,184820,0.0,0,0,4,OPEN,111111.837,Home Goods & Decor - Home Goods - Small Appliances | Home Goods & Decor - Home Goods | Home Goods & Decor,Waring Push Button Blender NIB,https://hibid.com/lot/321409399
1003,321409400,184821,0.0,0,0,12,OPEN,111121.833,Home Goods & Decor - Home Goods - Small Appliances | Home Goods & Decor - Home Goods | Home Goods & Decor,General Electric Toast - R- Oven,https://hibid.com/lot/321409400
1004,321409401,184822,2.0,0,1,11,OPEN,111131.83,Home Goods & Decor - Home Goods - Kitchen / Housewares | Home Goods & Decor - Home Goods | Home Goods & Decor,"Thermos, Coffee Percolator, Black And White",https://hibid.com/lot/321409401
1005,321409402,184823,0.0,0,0,9,OPEN,111141.82699999999,Sporting Goods - Fishing | Sporting Goods,"Coffee Cups (6), Pocket Size Tackle Box(2), L",https://hibid.com/lot/321409402
1006,321409403,184824,9.0,0,8,6,OPEN,111151.82299999999,Home Goods & Decor - Home Goods - Small Appliances | Home Goods & Decor - Home Goods | Home Goods & Decor,"West Bend 11"" Electric Skillet",https://hibid.com/lot/321409403
1007,321409404,184825,0.0,0,0,3,OPEN,111161.81999999999,Home Goods & Decor - Home Goods - Kitchen / Housewares | Home Goods & Decor - Home Goods | Home Goods & Decor,"Cabinet Aides Under Cabinet Knife Rack, Cookbook",https://hibid.com/lot/321409404
1008,321409405,184826,10.0,0,9,9,OPEN,111171.817,Home Goods & Decor - Home Goods - Kitchen / Housewares | Home Goods & Decor - Home Goods | Home Goods & Decor,"Canner Sieve (2), Metal Candy Scoops (4), Ball",https://hibid.com/lot/321409405
1009,321409406,184828,0.0,0,0,3,OPEN,111181.813,Home Goods & Decor - Home Goods - Kitchen / Housewares | Home Goods & Decor - Home Goods | Home Goods & Decor,Hells Kitchen & Sear Station,https://hibid.com/lot/321409406
1010,321409407,184829,0.0,0,0,6,OPEN,111191.81,Home Goods & Decor - Home Goods - Lighting - Light Bulbs | Home Goods & Decor - Home Goods - Lighting | Home Goods & Decor - Home Goods | Home Goods & Decor,"Ferns(3), Light Bulb, Rain Gauge, Non Slip Shelf",https://hibid.com/lot/321409407
1011,321409408,184830,5.0,0,3,3,OPEN,111201.807,Lawn & Garden - Outdoors | Lawn & Garden,Dog Weathervane ( Not Complete),https://hibid.com/lot/321409408
1012,321409409,184831,0.0,0,0,4,OPEN,111211.803,Business & Industrial - Business / Retail - Janitorial - Cleaners / Cleaning Supplies | Business & Industrial - Business / Retail - Janitorial | Business & Industrial - Business / Retail | Business & Industrial,Art Van Clean Team Leather Cleaner (2),https://hibid.com/lot/321409409
1013,321409410,184832,2.0,0,1,14,OPEN,111221.79999999999,Antiques & Collectibles - Collectibles - Decorative - Plates | Antiques & Collectibles - Collectibles - Decorative | Antiques & Collectibles - Collectibles | Antiques & Collectibles,"Christmas Plates (2), Christmas Ornaments",https://hibid.com/lot/321409410
1014,321409411,184833,71.0,0,15,21,OPEN,111231.79699999999,Antiques & Collectibles - Collectibles - Decorative - Ornaments | Antiques & Collectibles - Collectibles - Decorative | Antiques & Collectibles - Collectibles | Antiques & Collectibles,"Hallmark Keepsake Ornaments, Candles",https://hibid.com/lot/321409411
1015,321409412,184834,0.0,0,0,16,OPEN,111241.79299999999,Antiques & Collectibles - Collectibles - Advertising | Antiques & Collectibles - Collectibles | Antiques & Collectibles,"Coca-Cola Santa Snow Globe, Bottle Opener,",https://hibid.com/lot/321409412
1016,321409413,184835,0.0,0,0,13,OPEN,111251.79,Antiques & Collectibles - Collectibles - Decorative - Ornaments | Antiques & Collectibles - Collectibles - Decorative | Antiques & Collectibles - Collectibles | Antiques & Collectibles,Christmas Ornaments and Signs and Socks,https://hibid.com/lot/321409413
1017,321409414,184836,3.0,0,2,14,OPEN,111261.787,Home Goods & Decor - Home Goods - Lighting - Lamps | Home Goods & Decor - Home Goods - Lighting | Home Goods & Decor - Home Goods | Home Goods & Decor,"Vintage Brass Bouilotte Style Lamp (works), Boy",https://hibid.com/lot/321409414
1018,321409415,184837,0.0,0,0,6,OPEN,111271.783,Home Goods & Decor - Home Goods - Kitchen / Housewares | Home Goods & Decor - Home Goods | Home Goods & Decor,Stainless Steel Thermos's,https://hibid.com/lot/321409415
1019,321409416,184838,4.0,0,3,15,OPEN,111281.78,Toys - Vintage / Antique Toys | Toys,"Mid Century Battery Operated Lanterns, Vintage",https://hibid.com/lot/321409416
1020,321409417,184839,0.0,0,0,6,OPEN,111291.777,Antiques & Collectibles - Collectibles - Newspapers | Antiques & Collectibles - Collectibles | Antiques & Collectibles,San Francisco Quake Grand Rapids Press Paper (Oct,https://hibid.com/lot/321409417
1021,321409418,184840,0.0,0,0,8,OPEN,111301.76999999999,Construction & Farm - Building Supplies - Fencing | Construction & Farm - Building Supplies | Construction & Farm,Computerized Underground Fence (with extra wire),https://hibid.com/lot/321409418
1022,321409419,184841,2.0,0,1,14,OPEN,111311.76999999999,Antiques & Collectibles - Collectibles - Decorative - Planters | Antiques & Collectibles - Collectibles - Decorative | Antiques & Collectibles - Collectibles | Antiques & Collectibles,"Planters- Puppy with Mailbox, Terracotta Tower",https://hibid.com/lot/321409419
1023,321409420,184842,3.0,0,2,30,OPEN,111321.76299999999,Art - Pottery / Ceramics | Art,"Indian Pottery (handmade), Papago Indian Basket",https://hibid.com/lot/321409420
1024,321409421,184843,0.0,0,0,7,OPEN,111331.76,Home Goods & Decor - Home Goods - Kitchen / Housewares | Home Goods & Decor - Home Goods | Home Goods & Decor,"Garden Stones, Jewelry Box, Coffee Cup, Picture",https://hibid.com/lot/321409421
1025,321409422,184844,0.0,0,0,5,OPEN,111341.76,Home Goods & Decor - Home Goods - Pet Food & Supplies | Home Goods & Decor - Home Goods | Home Goods & Decor,"Dog Items, Leashes, Storage Container, Cable &",https://hibid.com/lot/321409422
1026,321409423,184845,0.0,0,0,10,OPEN,111351.757,Home Goods & Decor - Home Goods - Small Appliances | Home Goods & Decor - Home Goods | Home Goods & Decor,"Honeywell Warm Mist Humidifier, Space Heater,",https://hibid.com/lot/321409423
1027,321409424,184846,0.0,0,0,20,OPEN,111361.75,Home Goods & Decor - Home Goods - Pet Food & Supplies | Home Goods & Decor - Home Goods | Home Goods & Decor,"Dog Treat Dish, Leashes, Tie Outs, Heated Water",https://hibid.com/lot/321409424
1028,321409425,184847,0.0,0,0,5,OPEN,111371.75,Home Goods & Decor - Home Goods - Pet Food & Supplies | Home Goods & Decor - Home Goods | Home Goods & Decor,Aquarium With Heater And Filter,https://hibid.com/lot/321409425
1029,321409426,184848,2.0,0,1,7,OPEN,111381.743,Home Goods & Decor - Home Goods - Kitchen / Housewares | Home Goods & Decor - Home Goods | Home Goods & Decor,Samsonite Hard Suit Case (4 pivot wheels),https://hibid.com/lot/321409426
1030,321409427,184849,0.0,0,0,8,OPEN,111391.73999999999,Home Goods & Decor - Home Goods - Kitchen / Housewares | Home Goods & Decor - Home Goods | Home Goods & Decor,"Suit/ Garment Bag, Brown Leather Suitcase",https://hibid.com/lot/321409427
1031,321409428,184850,4.0,0,3,16,OPEN,111401.737,Home Goods & Decor - Home Goods - Kitchen / Housewares | Home Goods & Decor - Home Goods | Home Goods & Decor,Woven Wicker Picnic Basket- Geometric Band Design,https://hibid.com/lot/321409428
1032,321409429,184851,3.0,0,2,13,OPEN,111411.73,Home Goods & Decor - Home Goods - Kitchen / Housewares | Home Goods & Decor - Home Goods | Home Goods & Decor,"Lock Box, Wooden Crate With Handles",https://hibid.com/lot/321409429
1033,321409430,184852,8.0,0,6,20,OPEN,111421.727,Antiques & Collectibles - Collectibles - Advertising | Antiques & Collectibles - Collectibles | Antiques & Collectibles,"Goebel Brewing Company Detroit Wooden Crate,",https://hibid.com/lot/321409430
1034,321409431,184853,6.0,0,5,22,OPEN,111431.723,Antiques & Collectibles - Collectibles - Advertising | Antiques & Collectibles - Collectibles | Antiques & Collectibles,Wooden Crate,https://hibid.com/lot/321409431
1035,321409432,184854,2.0,0,1,20,OPEN,111441.72,Home Goods & Decor - Home Goods - Kitchen / Housewares | Home Goods & Decor - Home Goods | Home Goods & Decor,"Wooden Caddy, Wooden Drawer",https://hibid.com/lot/321409432
1036,321409433,184855,9.0,0,3,13,OPEN,111451.71299999999,Antiques & Collectibles - Collectibles - Kitchen / Home | Antiques & Collectibles - Collectibles | Antiques & Collectibles,Sunnybrook Chicken Transport,https://hibid.com/lot/321409433
1037,321409434,184856,4.0,0,3,13,OPEN,111461.70999999999,Home Goods & Decor - Home Goods - Kitchen / Housewares | Home Goods & Decor - Home Goods | Home Goods & Decor,Wooden Chicken Transport Cage and Wooden Create,https://hibid.com/lot/321409434
1038,321409435,184857,6.0,0,5,8,OPEN,111471.707,Sporting Goods - Camping | Sporting Goods,GCI Outdoor Freestyle Rocker and Folding Chairs(2),https://hibid.com/lot/321409435
1039,321409436,184858,8.0,0,7,3,OPEN,111481.707,Lawn & Garden - Outdoors | Lawn & Garden,"29"" Outdoor Fire Pit Black",https://hibid.com/lot/321409436
1040,321409437,184859,7.0,0,5,6,OPEN,111491.703,Computers & Electronics - Consumer Electronics - TVs | Computers & Electronics - Consumer Electronics | Computers & Electronics,Samsung Box Tv w/ VCR Player,https://hibid.com/lot/321409437
1041,321409438,184860,3.0,0,2,8,OPEN,111501.7,Home Goods & Decor - Home Goods - Small Appliances | Home Goods & Decor - Home Goods | Home Goods & Decor,Westing House De Luxe Fan,https://hibid.com/lot/321409438
1042,321409439,184861,3.0,0,2,9,OPEN,111511.697,Home Goods & Decor - Home Goods - Small Appliances | Home Goods & Decor - Home Goods | Home Goods & Decor,Westinghouse Fan,https://hibid.com/lot/321409439
1043,321409440,184862,0.0,0,0,9,OPEN,111521.693,Construction & Farm - Building Supplies - Other Building Materials | Construction & Farm - Building Supplies | Construction & Farm,Glass Bricks (7) Tile,https://hibid.com/lot/321409440
1044,321409441,184863,2.0,0,1,10,OPEN,111531.68999999999,Home Goods & Decor - Home Goods - Kitchen / Housewares | Home Goods & Decor - Home Goods | Home Goods & Decor,"Lidded Trash Can, Non Lidded Trash Cans(2)",https://hibid.com/lot/321409441
1045,321409442,184864,0.0,0,0,4,OPEN,111541.68299999999,Business & Industrial - Medical Supplies / Lab Equipment | Business & Industrial,Crutches (2sets),https://hibid.com/lot/321409442
1046,321409443,184865,0.0,0,0,4,OPEN,111551.68,Sporting Goods - Sporting Goods / Outdoor Recreation - Outdoor Games & Sports Equipment | Sporting Goods - Sporting Goods / Outdoor Recreation | Sporting Goods,Champion Badminton/Volleyball Kit,https://hibid.com/lot/321409443
1047,321409444,184866,2.0,0,3,9,OPEN,111561.677,Cars & Vehicles - Motorsports - ATVs - Recreation / Utility | Cars & Vehicles - Motorsports - ATVs | Cars & Vehicles - Motorsports | Cars & Vehicles,Cover Fits a Polaris Ranger,https://hibid.com/lot/321409444
1048,321409445,184867,0.0,0,0,10,OPEN,111571.673,Furniture - Entertainment Centers / TV Stands | Furniture,Tv Mount,https://hibid.com/lot/321409445
1049,321409446,184868,0.0,0,0,14,OPEN,111581.67,Home Goods & Decor - Home Goods - Kitchen / Housewares | Home Goods & Decor - Home Goods | Home Goods & Decor,Seat Cushions (8),https://hibid.com/lot/321409446
1050,321409447,184869,2.0,0,1,19,OPEN,111591.667,Home Goods & Decor - Home Goods - Bed / Bath Items | Home Goods & Decor - Home Goods | Home Goods & Decor,"Full Heated Blanket, Throw Blanket and Rug",https://hibid.com/lot/321409447
1050B,322169412,185116,16.0,0,7,4,OPEN,111601.663,Home Goods & Decor - Home Goods - Bed / Bath Items | Home Goods & Decor - Home Goods | Home Goods & Decor,"40’s-50’s Handmade Quilt 71""x 64""",https://hibid.com/lot/322169412
1050C,322169413,185117,71.0,0,14,5,OPEN,111611.65999999999,Home Goods & Decor - Home Goods - Bed / Bath Items | Home Goods & Decor - Home Goods | Home Goods & Decor,"40’s-50’s Handmade Quilt 83""x78""",https://hibid.com/lot/322169413
1051,321409448,184917,2.0,0,1,10,OPEN,111621.65699999999,Home Goods & Decor - Home Goods - Linens / Curtains | Home Goods & Decor - Home Goods | Home Goods & Decor,"Lace/ Crocheted Curtains, Valence",https://hibid.com/lot/321409448
1052,321409449,184918,4.0,0,3,10,OPEN,111631.65,Home Goods & Decor - Home Goods - Bed / Bath Items | Home Goods & Decor - Home Goods | Home Goods & Decor,"Full/ Queen Quilt, Dellwood Blanket 80x90",https://hibid.com/lot/321409449
1052B,322734329,185731,24.0,0,11,8,OPEN,111641.65,Home Goods & Decor - Home Goods - Bed / Bath Items | Home Goods & Decor - Home Goods | Home Goods & Decor,"1900’s Hand Stitched Quilt, machine Quilt, Blanket",https://hibid.com/lot/322734329
1053,321409450,184919,0.0,0,0,7,OPEN,111651.647,Home Goods & Decor - Home Goods - Bed / Bath Items | Home Goods & Decor - Home Goods | Home Goods & Decor,Queen Flannel Blanket,https://hibid.com/lot/321409450
1054,321409451,184920,8.0,0,4,9,OPEN,111661.643,Home Goods & Decor - Home Goods - Bed / Bath Items | Home Goods & Decor - Home Goods | Home Goods & Decor,Bed Spread and Throw Blanket,https://hibid.com/lot/321409451
1055,321409452,184921,4.0,0,2,6,OPEN,111671.64,Sporting Goods - Sporting Goods / Outdoor Recreation - Outdoor Games & Sports Equipment | Sporting Goods - Sporting Goods / Outdoor Recreation | Sporting Goods,Croquet 6 Balls and 6 Mallets,https://hibid.com/lot/321409452
1056,321409453,184922,11.0,0,7,11,OPEN,111681.63699999999,Sporting Goods - Hunting & Trapping | Sporting Goods,Large and Small Live Traps,https://hibid.com/lot/321409453
1057,321409454,184923,0.0,0,0,5,OPEN,111691.62999999999,Construction & Farm - Turf Equipment - Sprayers | Construction & Farm - Turf Equipment | Construction & Farm,Pump Plastic Sprayers (2),https://hibid.com/lot/321409454
1058,321409455,184924,2.0,0,1,5,OPEN,111701.61,Lawn & Garden - Outdoors | Lawn & Garden,Scott Hand Header Spreader,https://hibid.com/lot/321409455
1059,321409456,184925,0.0,0,0,12,OPEN,111710.26299999999,Lawn & Garden - Outdoors | Lawn & Garden,Seed Easy Seed Spreader,https://hibid.com/lot/321409456
1060,321409457,184926,11.0,0,3,12,OPEN,111720.26,Construction & Farm - Shop / Warehouse - Racks / Shelves | Construction & Farm - Shop / Warehouse | Construction & Farm,"Cream Plastic Shelves (2), Metal Shelf (1)",https://hibid.com/lot/321409457
1061,321409458,184927,0.0,0,0,4,OPEN,111730.257,Lawn & Garden - Tools/Hand held items - Hand Tools | Lawn & Garden - Tools/Hand held items | Lawn & Garden,Roof Snow Scraper,https://hibid.com/lot/321409458
1062,321409459,184928,4.0,0,3,15,OPEN,111740.25,Home Goods & Decor - Home Goods - Kitchen / Housewares | Home Goods & Decor - Home Goods | Home Goods & Decor,"Clear Acrylic, White Acrylic Pieces, Glass Pcs(3)",https://hibid.com/lot/321409459
1063,321409460,184929,2.0,0,1,8,OPEN,111750.25,Lawn & Garden - Outdoors | Lawn & Garden,"Garden Flags w/ Stand, Wreath Stands, Small Hook",https://hibid.com/lot/321409460
1064,321409461,184930,2.0,0,1,13,OPEN,111760.243,Sporting Goods - Fishing | Sporting Goods,"Fishing Net, Spear, Hose Extension Wand",https://hibid.com/lot/321409461
1065,321409462,184931,3.0,0,2,6,OPEN,111770.23999999999,Sporting Goods - Sporting Goods / Outdoor Recreation - Outdoor Games & Sports Equipment | Sporting Goods - Sporting Goods / Outdoor Recreation | Sporting Goods,"Paddles (Wood, Plastic)",https://hibid.com/lot/321409462
1066,321409463,184932,0.0,0,0,5,OPEN,111780.237,Construction & Farm - Shop / Warehouse - Automotive | Construction & Farm - Shop / Warehouse | Construction & Farm,Adjustable Stabilizers,https://hibid.com/lot/321409463
1067,321409464,184933,27.0,0,16,6,OPEN,111790.233,Home Goods & Decor - Home Goods - Kitchen / Housewares | Home Goods & Decor - Home Goods | Home Goods & Decor,Cast Iron Flat Plates,https://hibid.com/lot/321409464
1068,321409465,184934,26.0,0,11,6,OPEN,111800.23,Sporting Goods - Sporting Goods / Outdoor Recreation - Fitness & Exercise Equipment | Sporting Goods - Sporting Goods / Outdoor Recreation | Sporting Goods,Cast Iron Toledo Weight Block 50lbs,https://hibid.com/lot/321409465
1069,321409466,184935,26.0,0,7,6,OPEN,111810.23,Sporting Goods - Sporting Goods / Outdoor Recreation - Fitness & Exercise Equipment | Sporting Goods - Sporting Goods / Outdoor Recreation | Sporting Goods,Cast Iron Toledo Weight Block 50lbs,https://hibid.com/lot/321409466
1070,321409467,184936,27.0,0,15,6,OPEN,111820.227,Sporting Goods - Sporting Goods / Outdoor Recreation - Fitness & Exercise Equipment | Sporting Goods - Sporting Goods / Outdoor Recreation | Sporting Goods,Cast Iron Toledo Weight Block 50lbs,https://hibid.com/lot/321409467
1071,321409468,184937,26.0,0,7,6,OPEN,111830.22,Sporting Goods - Sporting Goods / Outdoor Recreation - Fitness & Exercise Equipment | Sporting Goods - Sporting Goods / Outdoor Recreation | Sporting Goods,Cast Iron Toledo Weight Block 50lbs,https://hibid.com/lot/321409468
1072,321409469,184938,0.0,0,0,8,OPEN,111840.22,Lawn & Garden - Tools/Hand held items - Hand Tools | Lawn & Garden - Tools/Hand held items | Lawn & Garden,"Miter Clamp, Cast Iron Stove Legs or Feet",https://hibid.com/lot/321409469
1073,321409470,184939,3.0,0,2,4,OPEN,111850.21699999999,Home Goods & Decor - Home Goods - Other Items - Other,Cast Iron Marine Ballast Weight,https://hibid.com/lot/321409470
1074,321409471,184940,11.0,0,9,6,OPEN,111860.21299999999,Antiques & Collectibles - Antiques - Antique Tools | Antiques & Collectibles - Antiques | Antiques & Collectibles,Timberjack Log Carrier,https://hibid.com/lot/321409471
1075,321409472,184941,2.0,0,1,10,OPEN,111870.20999999999,Lawn & Garden - Tools/Hand held items - Hand Tools | Lawn & Garden - Tools/Hand held items | Lawn & Garden,"Hay Cutting Saw, Ice Chisel",https://hibid.com/lot/321409472
1076,321409473,184942,3.0,0,2,8,OPEN,111880.207,Lawn & Garden - Tools/Hand held items - Hand Tools | Lawn & Garden - Tools/Hand held items | Lawn & Garden,Point Bars,https://hibid.com/lot/321409473
1077,321409474,184943,2.0,0,1,7,OPEN,111890.2,Construction & Farm - Shop / Warehouse - Pipe Bending / Threading | Construction & Farm - Shop / Warehouse | Construction & Farm,Galvanized Steel Pipe w/ Threaded,https://hibid.com/lot/321409474
1078,321409475,184944,5.0,0,4,6,OPEN,111900.197,Lawn & Garden - Tools/Hand held items - Hand Tools | Lawn & Garden - Tools/Hand held items | Lawn & Garden,"Pole Saw, Double Bit Axe",https://hibid.com/lot/321409475
1079,321409476,184945,3.0,0,2,14,OPEN,111910.18999999999,Lawn & Garden - Tools/Hand held items - Hand Tools | Lawn & Garden - Tools/Hand held items | Lawn & Garden,"Pitch Fork, Axe",https://hibid.com/lot/321409476
1080,321409477,184946,8.0,0,7,13,OPEN,111920.18699999999,Lawn & Garden - Tools/Hand held items - Hand Tools | Lawn & Garden - Tools/Hand held items | Lawn & Garden,"Scoop Shovel, Axes",https://hibid.com/lot/321409477
1081,321409478,184947,3.0,0,2,16,OPEN,111930.18299999999,Lawn & Garden - Tools/Hand held items - Hand Tools | Lawn & Garden - Tools/Hand held items | Lawn & Garden,Wooden Handle for Axes and Pitchfork,https://hibid.com/lot/321409478
1082,321409479,184948,0.0,0,0,11,OPEN,111940.18,Antiques & Collectibles - Antiques - Antique Tools | Antiques & Collectibles - Antiques | Antiques & Collectibles,"Wheel Pulley, Cultivator Sweep",https://hibid.com/lot/321409479
1083,321409480,184949,0.0,0,0,12,OPEN,111950.177,Lawn & Garden - Tools/Hand held items - Hand Tools | Lawn & Garden - Tools/Hand held items | Lawn & Garden,"Shovels (2) Hoe, Pitch Fork, Rakes(2)",https://hibid.com/lot/321409480
1084,321409481,184950,0.0,0,0,12,OPEN,111960.173,Lawn & Garden - Tools/Hand held items - Hand Tools | Lawn & Garden - Tools/Hand held items | Lawn & Garden,"Square Shovels (2) Pitch Fork, Rakes (2)",https://hibid.com/lot/321409481
1085,321409482,184951,2.0,0,1,4,OPEN,111970.17,Lawn & Garden - Tools/Hand held items - Hand Tools | Lawn & Garden - Tools/Hand held items | Lawn & Garden,Rake(2) Shovel (2),https://hibid.com/lot/321409482
1086,321409483,184952,2.0,0,1,12,OPEN,111980.167,Lawn & Garden - Tools/Hand held items - Hand Tools | Lawn & Garden - Tools/Hand held items | Lawn & Garden,"Pitch Fork, Shovels (2) Hand Auger, Rake",https://hibid.com/lot/321409483
1087,321409484,184953,2.0,0,1,8,OPEN,111990.15999999999,Construction & Farm - Building Supplies - Fencing | Construction & Farm - Building Supplies | Construction & Farm,"T-Post, Metal Rods and Big Drill Bit",https://hibid.com/lot/321409484
1088,321409485,184954,0.0,0,0,6,OPEN,112000.15699999999,Lawn & Garden - Tools/Hand held items - Hand Tools | Lawn & Garden - Tools/Hand held items | Lawn & Garden,Shovels (4),https://hibid.com/lot/321409485
1089,321409486,184955,2.0,0,1,6,OPEN,112010.15299999999,Lawn & Garden - Tools/Hand held items - Hand Tools | Lawn & Garden - Tools/Hand held items | Lawn & Garden,Shovels (5),https://hibid.com/lot/321409486
1090,321409487,184956,0.0,0,0,6,OPEN,112020.15,Lawn & Garden - Tools/Hand held items - Hand Tools | Lawn & Garden - Tools/Hand held items | Lawn & Garden,"Snow Shovels, Door Bottom, Hand Broom",https://hibid.com/lot/321409487
1091,321409488,184957,0.0,0,0,5,OPEN,112030.147,Business & Industrial - Business / Retail - Janitorial - Cleaning Equipment | Business & Industrial - Business / Retail - Janitorial | Business & Industrial - Business / Retail | Business & Industrial,Brooms,https://hibid.com/lot/321409488
1092,321409489,184958,3.0,0,2,3,OPEN,112040.147,Lawn & Garden - Tools/Hand held items - Hand Tools | Lawn & Garden - Tools/Hand held items | Lawn & Garden,Drywall T-Square,https://hibid.com/lot/321409489
1093,321409490,184959,11.0,0,7,3,OPEN,112050.14,Lawn & Garden - Tools/Hand held items - Hand Tools | Lawn & Garden - Tools/Hand held items | Lawn & Garden,T-Post Driver,https://hibid.com/lot/321409490
1094,321409491,184960,2.0,0,1,4,OPEN,112060.13699999999,Antiques & Collectibles - Collectibles - Decorative - Planters | Antiques & Collectibles - Collectibles - Decorative | Antiques & Collectibles - Collectibles | Antiques & Collectibles,Corn Planter,https://hibid.com/lot/321409491
1095,321409492,184961,2.0,0,1,12,OPEN,112070.133,Lawn & Garden - Outdoors | Lawn & Garden,Stihl & Weed Eater Gas Weed Whip,https://hibid.com/lot/321409492
1097,321409493,184963,0.0,0,0,7,OPEN,112080.12999999999,Lawn & Garden - Tools/Hand held items - Power Tools | Lawn & Garden - Tools/Hand held items | Lawn & Garden,Black & Decker Electric Edger & Trimmer,https://hibid.com/lot/321409493
1098,321409494,184964,0.0,0,0,6,OPEN,112090.127,Lawn & Garden - Tools/Hand held items - Power Tools | Lawn & Garden - Tools/Hand held items | Lawn & Garden,Black & Decker Trimmer Edger & Weed Eater,https://hibid.com/lot/321409494
1099,321409495,184965,0.0,0,0,1,OPEN,112100.12299999999,Antiques & Collectibles - Collectibles - Advertising | Antiques & Collectibles - Collectibles | Antiques & Collectibles,Lubriplate Bucket From Fiske Brothers Refining Co.,https://hibid.com/lot/321409495
1100,321409496,184966,3.0,0,2,8,OPEN,112110.12,Construction & Farm - Pumps | Construction & Farm,Double Diaphragm Pump,https://hibid.com/lot/321409496
1101,321409497,184967,11.0,0,6,6,OPEN,112120.117,Construction & Farm - Pumps | Construction & Farm,Ingersoll Rand ARO Diaphragm Pump,https://hibid.com/lot/321409497
1102,321409498,184968,0.0,0,0,5,OPEN,112130.113,Lawn & Garden - Outdoors | Lawn & Garden,"Yellow Step Stool, Water Hose Holder (2)",https://hibid.com/lot/321409498
1103,321409499,184969,11.0,0,5,5,OPEN,112140.11,Construction & Farm - Compactors - Walk/Tow Behind | Construction & Farm - Compactors | Construction & Farm,Sand Compactor,https://hibid.com/lot/321409499
1104,321409500,184970,0.0,0,0,6,OPEN,112150.10299999999,Construction & Farm - Building Supplies - Roofing | Construction & Farm - Building Supplies | Construction & Farm,Roofing Paper and Shingle Rolls,https://hibid.com/lot/321409500
1105,321409501,184971,5.0,0,3,5,OPEN,112160.10299999999,Lawn & Garden - Outdoors | Lawn & Garden,Metal Barrel,https://hibid.com/lot/321409501
1106,321409502,184972,11.0,0,7,6,OPEN,112170.09999999999,Construction & Farm - Shop / Warehouse - Tiedowns / Binders | Construction & Farm - Shop / Warehouse | Construction & Farm,Come A Long,https://hibid.com/lot/321409502
1107,321409503,184973,16.0,0,11,9,OPEN,112180.097,Construction & Farm - Shop / Warehouse - Tiedowns / Binders | Construction & Farm - Shop / Warehouse | Construction & Farm,"4 Leg Chain Sling, Chains w/ Hooks, Lg link Chain",https://hibid.com/lot/321409503
1108,321409504,184974,0.0,0,0,8,OPEN,112190.093,Construction & Farm - Livestock Equipment - Feeders | Construction & Farm - Livestock Equipment | Construction & Farm,Poultry Feeder,https://hibid.com/lot/321409504
1109,321409505,184975,0.0,0,0,11,OPEN,112200.09,Business & Industrial - Business / Retail - Carts / Baskets | Business & Industrial - Business / Retail | Business & Industrial,Cart Wheels,https://hibid.com/lot/321409505
1110,321409506,184976,2.0,0,1,2,OPEN,112210.083,Lawn & Garden - Tools/Hand held items - Hand Tools | Lawn & Garden - Tools/Hand held items | Lawn & Garden,4-Way Lug Wrench,https://hibid.com/lot/321409506
1111,321409507,184977,12.0,0,6,6,OPEN,112220.07699999999,Construction & Farm - Shop / Warehouse - Tiedowns / Binders | Construction & Farm - Shop / Warehouse | Construction & Farm,Come Along,https://hibid.com/lot/321409507
1112,321409508,184978,5.0,0,4,4,OPEN,112230.07299999999,Construction & Farm - Shop / Warehouse - Parts / Accessories | Construction & Farm - Shop / Warehouse | Construction & Farm,Three Point Hitch Top Link,https://hibid.com/lot/321409508
1113,321409509,184979,0.0,0,0,13,OPEN,112240.06999999999,Antiques & Collectibles - Antiques - Antique Tools | Antiques & Collectibles - Antiques | Antiques & Collectibles,Antique Handles and Tooling,https://hibid.com/lot/321409509
1114,321409510,184980,8.0,0,6,8,OPEN,112250.063,Construction & Farm - Shop / Warehouse - Electrical | Construction & Farm - Shop / Warehouse | Construction & Farm,"Metal Wire, Electrical Wire",https://hibid.com/lot/321409510
1115,321409511,184981,7.0,0,5,5,OPEN,112260.06,Construction & Farm - Building Supplies - Fencing | Construction & Farm - Building Supplies | Construction & Farm,Wire Fencing,https://hibid.com/lot/321409511
1116,321409512,184982,0.0,0,0,4,OPEN,112270.057,Construction & Farm - Building Supplies - Fencing | Construction & Farm - Building Supplies | Construction & Farm,Wooden Snow Fencing,https://hibid.com/lot/321409512
1117,321409513,184983,2.0,0,1,4,OPEN,112280.053,Construction & Farm - Building Supplies - Fencing | Construction & Farm - Building Supplies | Construction & Farm,Wooden Snow Fencing,https://hibid.com/lot/321409513
1118,321409514,184984,2.0,0,1,4,OPEN,112290.053,Construction & Farm - Building Supplies - Fencing | Construction & Farm - Building Supplies | Construction & Farm,Wooden Snow Fencing,https://hibid.com/lot/321409514
1119,321409515,184985,2.0,0,1,4,OPEN,112300.04999999999,Construction & Farm - Building Supplies - Fencing | Construction & Farm - Building Supplies | Construction & Farm,Wooden Snow Fencing,https://hibid.com/lot/321409515
1120,321409516,184986,0.0,0,0,12,OPEN,112310.04699999999,Furniture - Chairs / Stools | Furniture,Yellow Chairs (2),https://hibid.com/lot/321409516
1121,321409517,184987,2.0,0,1,6,OPEN,112320.04299999999,"Sporting Goods - Sporting Goods / Outdoor Recreation - Bicycles, Scooters & More | Sporting Goods - Sporting Goods / Outdoor Recreation | Sporting Goods",Orange Snow Sleds (2),https://hibid.com/lot/321409517
1122,321409518,184988,0.0,0,0,9,OPEN,112330.04,Sporting Goods - Fishing | Sporting Goods,Parabola Ice Fishing Sled,https://hibid.com/lot/321409518
1123,321409519,184989,19.0,0,12,4,OPEN,112340.037,Sporting Goods - Hunting & Trapping | Sporting Goods,Deer Hauler- Collapsible,https://hibid.com/lot/321409519
1124,321409520,184990,0.0,0,0,6,OPEN,112350.033,Lawn & Garden - Outdoors | Lawn & Garden,Scott’s Model 75-3 Seed Spreader,https://hibid.com/lot/321409520
1125,321409521,184991,11.0,0,7,5,OPEN,112360.03,Antiques & Collectibles - Antiques - Antique Tools | Antiques & Collectibles - Antiques | Antiques & Collectibles,Antique Craftsman Lawn Cutter,https://hibid.com/lot/321409521
1126,321409522,184992,0.0,0,0,4,OPEN,112370.03,Construction & Farm - Building Supplies - Other Building Materials | Construction & Farm - Building Supplies | Construction & Farm,Aluminum Rail,https://hibid.com/lot/321409522
1127,321409523,184993,0.0,0,0,18,OPEN,112380.023,Lawn & Garden - Outdoors | Lawn & Garden,"Mail Box, Wooden Frame Box, Wood Crate",https://hibid.com/lot/321409523
1128,321409524,184994,4.0,0,3,6,OPEN,112390.01999999999,Construction & Farm - Shop / Warehouse - Safety | Construction & Farm - Shop / Warehouse | Construction & Farm,Hazard Cones,https://hibid.com/lot/321409524
1129,321409525,184995,47.0,0,19,7,OPEN,112400.01699999999,Construction & Farm - Shop / Warehouse - Automotive | Construction & Farm - Shop / Warehouse | Construction & Farm,Aluminum Hitch Cargo Hauler,https://hibid.com/lot/321409525
1130,321409526,184996,3.0,0,2,12,OPEN,112410.01,"Sporting Goods - Sporting Goods / Outdoor Recreation - Bicycles, Scooters & More | Sporting Goods - Sporting Goods / Outdoor Recreation | Sporting Goods",Hitch Bike Hauler,https://hibid.com/lot/321409526
1131,321409527,184997,2.0,0,1,3,OPEN,112420.01,Lawn & Garden - Outdoors | Lawn & Garden,Mail Box On Metal Post,https://hibid.com/lot/321409527
1132,321409528,184998,0.0,0,0,7,OPEN,112430.007,Construction & Farm - Tillage Equipment - Field Cultivators | Construction & Farm - Tillage Equipment | Construction & Farm,Cultivator Attachment,https://hibid.com/lot/321409528
1133,321409529,184999,9.0,0,5,7,OPEN,112440.003,Construction & Farm - Building Supplies - Fencing | Construction & Farm - Building Supplies | Construction & Farm,Chain Link Fence Panels and door,https://hibid.com/lot/321409529
1134,321409530,185000,31.0,0,14,5,OPEN,112449.99699999999,Construction & Farm - Building Supplies - Fencing | Construction & Farm - Building Supplies | Construction & Farm,Chain Link Fence Panels,https://hibid.com/lot/321409530
1135,321409531,185001,0.0,0,0,7,OPEN,112459.99299999999,Lawn & Garden - Tools/Hand held items - Power Tools | Lawn & Garden - Tools/Hand held items | Lawn & Garden,Carborundum Grinding Wheel,https://hibid.com/lot/321409531
1136,321409532,185002,11.0,0,10,6,OPEN,112469.98999999999,Construction & Farm - Livestock Equipment - Feeders | Construction & Farm - Livestock Equipment | Construction & Farm,Metal Trough,https://hibid.com/lot/321409532
1137,321409533,185003,9.0,0,6,6,OPEN,112479.987,Construction & Farm - Shop / Warehouse - Metalworking | Construction & Farm - Shop / Warehouse | Construction & Farm,Aluminum Sheet Rolls,https://hibid.com/lot/321409533
1138,321409534,185005,11.0,0,7,10,OPEN,112489.98,Home Goods & Decor - Home Goods - Bed / Bath Items | Home Goods & Decor - Home Goods | Home Goods & Decor,Kohler Dual Tub Porcelain Sink,https://hibid.com/lot/321409534
1139,321409535,185004,2.0,0,1,5,OPEN,112499.98,Home Goods & Decor - Home Goods - Kitchen / Housewares | Home Goods & Decor - Home Goods | Home Goods & Decor,Cast Iron Fire Place log Grate Insert,https://hibid.com/lot/321409535
1140,321409536,185007,8.0,0,7,7,OPEN,112509.973,Antiques & Collectibles - Collectibles - Kitchen / Home | Antiques & Collectibles - Collectibles | Antiques & Collectibles,Dinner Bell on Pole,https://hibid.com/lot/321409536
1141,321409537,185006,0.0,0,0,5,OPEN,112519.97,Lawn & Garden - Outdoors | Lawn & Garden,Expect Hand Insect Sprayer,https://hibid.com/lot/321409537
1142,321409538,185008,2.0,0,1,7,OPEN,112529.96699999999,Antiques & Collectibles - Collectibles - Gas / Oil | Antiques & Collectibles - Collectibles | Antiques & Collectibles,Kerosene Plastic Cans,https://hibid.com/lot/321409538
1143,321409539,185009,4.0,0,2,11,OPEN,112539.95999999999,Antiques & Collectibles - Collectibles - Gas / Oil | Antiques & Collectibles - Collectibles | Antiques & Collectibles,6 Gal Marine Fuel Cans,https://hibid.com/lot/321409539
1144,321409540,185010,0.0,0,0,8,OPEN,112549.957,Antiques & Collectibles - Collectibles - Gas / Oil | Antiques & Collectibles - Collectibles | Antiques & Collectibles,"Metal Safety Can, Plastic Gas Can",https://hibid.com/lot/321409540
1145,321409541,185011,0.0,0,0,11,OPEN,112559.953,Antiques & Collectibles - Collectibles - Gas / Oil | Antiques & Collectibles - Collectibles | Antiques & Collectibles,"Gas Cans (3) Replacements Spouts, Screw Collars",https://hibid.com/lot/321409541
1146,321409542,185012,2.0,0,1,7,OPEN,112569.95,Antiques & Collectibles - Collectibles - Gas / Oil | Antiques & Collectibles - Collectibles | Antiques & Collectibles,Plastic Gas Can (2),https://hibid.com/lot/321409542
1147,321409543,185013,2.0,0,1,7,OPEN,112579.943,Antiques & Collectibles - Collectibles - Gas / Oil | Antiques & Collectibles - Collectibles | Antiques & Collectibles,2 Gal Plastic Gas Cans (2),https://hibid.com/lot/321409543
1148,321409544,185014,0.0,0,0,8,OPEN,112589.93999999999,Antiques & Collectibles - Collectibles - Gas / Oil | Antiques & Collectibles - Collectibles | Antiques & Collectibles,"Metal Kerosene Gas Can, The Gasser Metal Gas Can",https://hibid.com/lot/321409544
1149,321409545,185015,0.0,0,0,7,OPEN,112599.93699999999,Antiques & Collectibles - Collectibles - Gas / Oil | Antiques & Collectibles - Collectibles | Antiques & Collectibles,Metal Gas Cans,https://hibid.com/lot/321409545
1150,321409546,185016,0.0,0,0,7,OPEN,112609.93299999999,Antiques & Collectibles - Collectibles - Gas / Oil | Antiques & Collectibles - Collectibles | Antiques & Collectibles,"Metal Kerosene Gas Can, Metal Safety Gas Can",https://hibid.com/lot/321409546
1151,321409547,185017,0.0,0,0,9,OPEN,112619.927,Antiques & Collectibles - Collectibles - Gas / Oil | Antiques & Collectibles - Collectibles | Antiques & Collectibles,Metal Gas Cans (2),https://hibid.com/lot/321409547
1152,321409548,185018,0.0,0,0,12,OPEN,112629.923,Antiques & Collectibles - Collectibles - Gas / Oil | Antiques & Collectibles - Collectibles | Antiques & Collectibles,"Leonard Motor Oil Can, Safety Gas Can",https://hibid.com/lot/321409548
1153,321409549,185019,9.0,0,8,7,OPEN,112639.92,Antiques & Collectibles - Collectibles - Gas / Oil | Antiques & Collectibles - Collectibles | Antiques & Collectibles,5 Gal Plastic Gas Cans (2),https://hibid.com/lot/321409549
1154,321409550,185020,3.0,0,2,7,OPEN,112649.917,Antiques & Collectibles - Collectibles - Gas / Oil | Antiques & Collectibles - Collectibles | Antiques & Collectibles,Kerosene Plastic Gas Can (2),https://hibid.com/lot/321409550
1155,321409551,185021,0.0,0,0,4,OPEN,112659.913,Antiques & Collectibles - Collectibles - Gas / Oil | Antiques & Collectibles - Collectibles | Antiques & Collectibles,5 Gal & 3 Gal Plastic Gas Containers,https://hibid.com/lot/321409551
1156,321409552,185022,0.0,0,0,7,OPEN,112669.90999999999,Antiques & Collectibles - Collectibles - Gas / Oil | Antiques & Collectibles - Collectibles | Antiques & Collectibles,6 Gal Plastic Gas Cans,https://hibid.com/lot/321409552
1157,321409553,185023,0.0,0,0,6,OPEN,112679.90299999999,Construction & Farm - Turf Equipment - Sprayers | Construction & Farm - Turf Equipment | Construction & Farm,"Green Thumb 2 Gal Sprayer, Kerosene Can",https://hibid.com/lot/321409553
1158,321409554,185024,2.0,0,1,6,OPEN,112689.9,Lawn & Garden - Outdoors | Lawn & Garden,Jackson M-6 Concrete Wheelbarrow,https://hibid.com/lot/321409554
1159,321409555,185025,0.0,0,0,7,OPEN,112699.897,Furniture - Cabinets | Furniture,Metal Cabinet w/ Plastic Shelf inside,https://hibid.com/lot/321409555
1160,321409556,185026,2.0,0,1,6,OPEN,112708.583,Construction & Farm - Storage Bins - Liquid/Dry | Construction & Farm,Single Drum Container,https://hibid.com/lot/321409556
1161,321409557,185027,0.0,0,0,6,OPEN,112718.58,Furniture - Chairs / Stools | Furniture,Step Up Toddler Step Up Stool,https://hibid.com/lot/321409557
1162,321409558,185028,2.0,0,1,5,OPEN,112728.57699999999,Business & Industrial - Medical Supplies / Lab Equipment | Business & Industrial,Transfer Shower Chairs,https://hibid.com/lot/321409558
1163,321409559,185029,15.0,0,10,11,OPEN,112738.57299999999,Furniture - Deck / Patio | Furniture,Suncast Outdoor Storage Bins,https://hibid.com/lot/321409559
1164,321409560,185030,110.0,0,32,17,OPEN,112748.567,Sporting Goods - Fishing | Sporting Goods,Ice Fishing Shanty w/ Rover 2.0 DX Canopy,https://hibid.com/lot/321409560
1165,321409561,185031,0.0,0,0,4,OPEN,112758.563,Lawn & Garden - Outdoor Power Equipment - Lawn Mowers - Walk-Behind | Lawn & Garden - Outdoor Power Equipment - Lawn Mowers | Lawn & Garden - Outdoor Power Equipment | Lawn & Garden,Sickle Mower Blades,https://hibid.com/lot/321409561
1166,321409562,185032,0.0,0,0,13,OPEN,112768.557,Lawn & Garden - Outdoors | Lawn & Garden,"Blue Plastic Barrels, Bird Feeder, Garden Hose",https://hibid.com/lot/321409562
1167,321409563,185033,5.0,0,2,9,OPEN,112778.553,Home Goods & Decor - Home Goods - Kitchen / Housewares | Home Goods & Decor - Home Goods | Home Goods & Decor,Aluminum Trash Can & Bucket,https://hibid.com/lot/321409563
1168,321409564,185034,3.0,0,2,7,OPEN,112788.54999999999,Furniture - Sofas / Loveseats / Benches | Furniture,Wooden Benches (2),https://hibid.com/lot/321409564
1169,321409565,185035,2.0,0,1,2,OPEN,112798.54699999999,Lawn & Garden - Outdoors | Lawn & Garden,Tomato Cages (3),https://hibid.com/lot/321409565
1170,321409566,185036,14.0,0,10,7,OPEN,112808.537,Lawn & Garden - Outdoors | Lawn & Garden,Windmill Tail Vane Kendaville Ind.,https://hibid.com/lot/321409566
1171,321409567,185037,2.0,0,1,17,OPEN,112818.533,Sporting Goods - Camping | Sporting Goods,"Red Rubbermaid, White Igloo Coolers",https://hibid.com/lot/321409567
1172,321409568,185038,2.0,0,1,18,OPEN,112828.527,Sporting Goods - Camping | Sporting Goods,"Green Coleman, Red Igloo Cooler",https://hibid.com/lot/321409568
1173,321409569,185040,2.0,0,1,9,OPEN,112838.523,Sporting Goods - Camping | Sporting Goods,"Coleman Cooler , Gatorade Drink Dispenser",https://hibid.com/lot/321409569
1174,321409570,185041,2.0,0,1,9,OPEN,112848.51999999999,Sporting Goods - Camping | Sporting Goods,Black and White Cooler,https://hibid.com/lot/321409570
1175,321409571,185042,2.0,0,1,5,OPEN,112858.51699999999,Sporting Goods - Hunting & Trapping | Sporting Goods,Small Animal Traps on Boards,https://hibid.com/lot/321409571
1176,321409572,185043,2.0,0,1,5,OPEN,112868.51299999999,Sporting Goods - Hunting & Trapping | Sporting Goods,Small Animal Traps on Boards,https://hibid.com/lot/321409572
1177,321409573,185044,2.0,0,1,5,OPEN,112878.51,Sporting Goods - Hunting & Trapping | Sporting Goods,Small Animal Traps on Boards,https://hibid.com/lot/321409573
1178,321409574,185045,2.0,0,1,5,OPEN,112888.503,Sporting Goods - Hunting & Trapping | Sporting Goods,Small Animal Traps on Boards,https://hibid.com/lot/321409574
1179,321409575,185046,0.0,0,0,5,OPEN,112898.5,Furniture - Deck / Patio | Furniture,Outdoor Chairs (3),https://hibid.com/lot/321409575
1180,321409576,185047,20.0,0,13,5,OPEN,112908.49699999999,Lawn & Garden - Outdoors | Lawn & Garden,Steel / Wood Wagon Wheel,https://hibid.com/lot/321409576
1181,321409577,185048,24.0,0,12,5,OPEN,112918.49299999999,Lawn & Garden - Outdoors | Lawn & Garden,Steel / Wood Wagon Wheel,https://hibid.com/lot/321409577
1182,321409578,185049,0.0,0,0,5,OPEN,112928.48999999999,Lawn & Garden - Outdoors | Lawn & Garden,Half Wagon Wheel Decor,https://hibid.com/lot/321409578
1183,321409579,185050,5.0,0,3,4,OPEN,112938.48999999999,Lawn & Garden - Outdoors | Lawn & Garden,Metal Wagon Wheel,https://hibid.com/lot/321409579
1184,321409580,185051,3.0,0,2,10,OPEN,112948.487,Antiques & Collectibles - Collectibles - Kitchen / Home | Antiques & Collectibles - Collectibles | Antiques & Collectibles,Hand Crank Honey Extractor,https://hibid.com/lot/321409580
1185,321409581,185052,0.0,0,0,9,OPEN,112958.48,Construction & Farm - Shop / Warehouse - Ladders / Scaffolding | Construction & Farm - Shop / Warehouse | Construction & Farm,Wooden Ladders(2),https://hibid.com/lot/321409581
1186,321409582,185053,16.0,0,7,9,OPEN,112968.477,Construction & Farm - Shop / Warehouse - Ladders / Scaffolding | Construction & Farm - Shop / Warehouse | Construction & Farm,Aluminum Ladders(2),https://hibid.com/lot/321409582
1187,321409583,185054,13.0,0,9,6,OPEN,112978.473,Construction & Farm - Shop / Warehouse - Ladders / Scaffolding | Construction & Farm - Shop / Warehouse | Construction & Farm,Louisville 6ft Ladder,https://hibid.com/lot/321409583
1188,321409584,185055,0.0,0,0,6,OPEN,112988.47,Construction & Farm - Shop / Warehouse - Ladders / Scaffolding | Construction & Farm - Shop / Warehouse | Construction & Farm,Wooden Ladder,https://hibid.com/lot/321409584
1189,321409585,185056,0.0,0,0,3,OPEN,112998.47,Construction & Farm - Shop / Warehouse - Ladders / Scaffolding | Construction & Farm - Shop / Warehouse | Construction & Farm,Wooden Extension Ladder,https://hibid.com/lot/321409585
1190,321409586,185057,11.0,0,7,7,OPEN,113008.46299999999,Construction & Farm - Shop / Warehouse - Workbenches / Tables | Construction & Farm - Shop / Warehouse | Construction & Farm,Aluminum Diamond Plated Work Table,https://hibid.com/lot/321409586
1191,321409587,185058,19.0,0,10,12,OPEN,113018.45999999999,Boats & Aviation - Boats - Small Boats | Boats & Aviation - Boats | Boats & Aviation,Mercury 4.5 hp 2-stroke Outboard Motor,https://hibid.com/lot/321409587
1192,321409588,185059,4.0,0,3,12,OPEN,113028.45999999999,Furniture - Deck / Patio | Furniture,Cement Picnic Table and Chairs (4),https://hibid.com/lot/321409588
1193,321409589,185060,0.0,0,0,8,OPEN,113038.453,Furniture - Deck / Patio | Furniture,Outdoor Lounge Chair,https://hibid.com/lot/321409589
1194,321409590,185061,22.0,0,23,7,OPEN,113048.45,Furniture - Chairs / Stools | Furniture,Green Metal Chairs (3) Metal Rocking Chairs (2),https://hibid.com/lot/321409590
1195,321409591,185062,38.0,0,23,8,OPEN,113058.447,Furniture - Chairs / Stools | Furniture,Green Metal Chairs,https://hibid.com/lot/321409591
1196,321409592,185063,0.0,0,0,10,OPEN,113068.443,Furniture - Chairs / Stools | Furniture,Metal Stool and Black Padded Chair,https://hibid.com/lot/321409592
1197,321409593,185064,0.0,0,0,11,OPEN,113078.43999999999,Furniture - Chairs / Stools | Furniture,Green Metal Chairs,https://hibid.com/lot/321409593
1198,321409594,185065,52.0,0,13,9,OPEN,113088.43699999999,Furniture - Chairs / Stools | Furniture,Cast Iron White Decorative Chairs,https://hibid.com/lot/321409594
1199,321409595,185066,3.0,0,2,9,OPEN,113098.427,Lawn & Garden - Outdoors | Lawn & Garden,Dog House,https://hibid.com/lot/321409595
1200,321409596,185067,3.0,0,2,5,OPEN,113108.42,Lawn & Garden - Outdoors | Lawn & Garden,Igloo Style Dog House,https://hibid.com/lot/321409596
1201,321409597,185092,0.0,0,0,13,OPEN,113118.417,Home Goods & Decor - Home Goods - Pet Food & Supplies | Home Goods & Decor - Home Goods | Home Goods & Decor,Dog Carriers (2),https://hibid.com/lot/321409597
1202,321409598,185093,2.0,0,1,13,OPEN,113128.413,Home Goods & Decor - Home Goods - Pet Food & Supplies | Home Goods & Decor - Home Goods | Home Goods & Decor,Small & Large Dog Carrier,https://hibid.com/lot/321409598
1203,321409599,185094,2.0,0,1,11,OPEN,113138.40299999999,Home Goods & Decor - Home Goods - Pet Food & Supplies | Home Goods & Decor - Home Goods | Home Goods & Decor,Small & Large Dog Carriers,https://hibid.com/lot/321409599
1204,321409600,185095,2.0,0,1,14,OPEN,113148.40699999999,Home Goods & Decor - Home Goods - Pet Food & Supplies | Home Goods & Decor - Home Goods | Home Goods & Decor,Red / White Dog Carriers,https://hibid.com/lot/321409600
1205,321409601,185096,0.0,0,0,16,OPEN,113158.4,Lawn & Garden - Outdoors | Lawn & Garden,"Bird Feeder, Livestock Feeder Bins, Blue Barrel",https://hibid.com/lot/321409601
1206,321409602,185097,8.0,0,8,7,OPEN,113168.4,Construction & Farm - Shop / Warehouse - Workbenches / Tables | Construction & Farm - Shop / Warehouse | Construction & Farm,Green Metal Work Table,https://hibid.com/lot/321409602
1207,321409603,185098,10.0,0,8,6,OPEN,113178.397,Construction & Farm - Shop / Warehouse - Workbenches / Tables | Construction & Farm - Shop / Warehouse | Construction & Farm,Blue Mastercraft Tool Stand,https://hibid.com/lot/321409603
1208,321409604,185099,2.0,0,1,8,OPEN,113188.393,"Sporting Goods - Sporting Goods / Outdoor Recreation - Bicycles, Scooters & More | Sporting Goods - Sporting Goods / Outdoor Recreation | Sporting Goods",Cannonsville m400 Bike,https://hibid.com/lot/321409604
1209,321409605,185100,0.0,0,0,6,OPEN,113198.39,Home Goods & Decor - Home Goods - Kitchen / Housewares | Home Goods & Decor - Home Goods | Home Goods & Decor,Bonus Lot,https://hibid.com/lot/321409605
1210,321409606,185101,4.0,0,3,6,OPEN,113208.38699999999,Home Goods & Decor - Home Goods - Kitchen / Housewares | Home Goods & Decor - Home Goods | Home Goods & Decor,Sterilite Underbed Storage Box (3),https://hibid.com/lot/321409606
1211,321409607,185102,3.0,0,2,6,OPEN,113218.383,Home Goods & Decor - Home Goods - Kitchen / Housewares | Home Goods & Decor - Home Goods | Home Goods & Decor,Underbed Storage Totes (3),https://hibid.com/lot/321409607
1212,321409608,185103,15.0,0,12,7,OPEN,113228.37999999999,Home Goods & Decor - Home Goods - Kitchen / Housewares | Home Goods & Decor - Home Goods | Home Goods & Decor,Sterilite 30 Gallon Totes (5),https://hibid.com/lot/321409608
1213,321409609,185104,23.0,0,17,3,OPEN,113238.377,Home Goods & Decor - Home Goods - Kitchen / Housewares | Home Goods & Decor - Home Goods | Home Goods & Decor,Green Totes w/ Lids (11),https://hibid.com/lot/321409609
1214,321409610,185105,6.0,0,2,5,OPEN,113248.37299999999,Home Goods & Decor - Home Goods - Kitchen / Housewares | Home Goods & Decor - Home Goods | Home Goods & Decor,Clear Totes w/Lids (7),https://hibid.com/lot/321409610
1215,321409611,185106,2.0,0,1,8,OPEN,113258.37,Home Goods & Decor - Home Goods - Kitchen / Housewares | Home Goods & Decor - Home Goods | Home Goods & Decor,Totes with Matching Lids,https://hibid.com/lot/321409611
1216,321409612,185107,2.0,0,1,4,OPEN,113268.367,Home Goods & Decor - Home Goods - Kitchen / Housewares | Home Goods & Decor - Home Goods | Home Goods & Decor,Totes w/ Lids,https://hibid.com/lot/321409612
1217,321409613,185108,0.0,0,0,3,OPEN,113278.363,Home Goods & Decor - Home Goods - Kitchen / Housewares | Home Goods & Decor - Home Goods | Home Goods & Decor,3 Totes and Lots of Lids,https://hibid.com/lot/321409613
2000,321409614,184882,0.0,0,0,1,OPEN,113288.36,Home Goods & Decor - Home Goods - Kitchen / Housewares | Home Goods & Decor - Home Goods | Home Goods & Decor,ALL-IN,https://hibid.com/lot/321409614
