entry,lot,id,title,description,category,photo_count,current_bid,bid_count,next_bid,status,score,classification,reasons,anomaly_review,lot_url
1,1,322873413,Important Auction Information,"Auction Location:9946 Polk Rd., Sumner, MI 48889In-Person Preview:Monday. September 28th from 4pm-6pmAuction Closing:Wednesday, September 30th at 6pmItem Pick-Up:FRIDAY, October 2nd from 4pm-11pmSATURDAY, October 3rd from 9am-11am",Antiques & Collectibles - Collectibles - Advertising | Antiques & Collectibles - Collectibles | Antiques & Collectibles,1,0,0,2,OPEN,0,IGNORE,,,https://hibid.com/lot/322873413
2,1A,322873415,Kessler Arms Model 300 12Ga. Bolt Action,Muzzle Break,Sporting Goods - Firearms / Weapons - Shotguns | Sporting Goods - Firearms / Weapons | Sporting Goods,7,41,19,42,OPEN,0,IGNORE,,,https://hibid.com/lot/322873415
3,1B,322873418,JC Higgins Model 58314 16GA Bolt Action,,Sporting Goods - Firearms / Weapons - Shotguns | Sporting Goods - Firearms / Weapons | Sporting Goods,12,51,16,52,OPEN,0,IGNORE,,,https://hibid.com/lot/322873418
4,1C,322873421,Iver Johnson 12Ga Single Barrel,,Sporting Goods - Firearms / Weapons - Shotguns | Sporting Goods - Firearms / Weapons | Sporting Goods,13,36,22,37,OPEN,0,IGNORE,,,https://hibid.com/lot/322873421
5,1D,322873424,Thompson Center 45 Cal. Black Powder,Hex Barrel,Sporting Goods - Firearms / Weapons - Black Powder / Muzzleloader / Percussion | Sporting Goods - Firearms / Weapons | Sporting Goods,13,37,16,38,OPEN,0,IGNORE,,,https://hibid.com/lot/322873424
6,1E,322873427,Industry Brand carabiner Air Rifle,,Sporting Goods - Firearms / Weapons - Airsoft / Paintball / Pellet / BB Guns | Sporting Goods - Firearms / Weapons | Sporting Goods,9,35,12,36,OPEN,0,IGNORE,,,https://hibid.com/lot/322873427
7,2,322873431,Brister’s Trail Wagon 340cc,"Model TW11Runs and Operates good",Construction & Farm - Harvest Equipment - Gravity Wagons | Construction & Farm - Harvest Equipment | Construction & Farm,20,1700,37,1750,OPEN,4,PRICE-DEPENDENT,farm,,https://hibid.com/lot/322873431
8,3,322873433,8ft Utility Trailer,,"Construction & Farm - Trailers - Utility / Light Duty Trailers (up to 7,500 lbs) - Flat | Construction & Farm - Trailers - Utility / Light Duty Trailers (up to 7,500 lbs) | Construction & Farm - Trailers | Construction & Farm",6,425,24,450,OPEN,7,GOOD OPPORTUNITY,farm|auto,,https://hibid.com/lot/322873433
9,4,322873434,Leather Pocket Pool Table,"Buyer is 100% responsible for removal of the Pool Table. Please be sure to plan accordingly with tools and people to assist. A Private Pick up time will be arranged.7ft table one piece slate, leather pockets, Burgundy felt",Sporting Goods - Sporting Goods / Outdoor Recreation - Outdoor Games & Sports Equipment | Sporting Goods - Sporting Goods / Outdoor Recreation | Sporting Goods,5,275,30,300,OPEN,4,PRICE-DEPENDENT,shop,,https://hibid.com/lot/322873434
10,5,322873435,Curved Glass Etched Light-Up China Cabinet,,Furniture - Cabinets | Furniture,11,51,11,52,OPEN,2,IGNORE,property,,https://hibid.com/lot/322873435
11,6,322873436,Dry Wash Stand,,Antiques & Collectibles - Antiques - Antique Furniture | Antiques & Collectibles - Antiques | Antiques & Collectibles,11,11,6,12,OPEN,0,IGNORE,,,https://hibid.com/lot/322873436
12,7,322873437,Display Cabinet,Press Board,Furniture - Cabinets | Furniture,8,3,2,4,OPEN,4,PRICE-DEPENDENT,property,,https://hibid.com/lot/322873437
13,8,322873438,The Quality Line China Hutch,"Marietta, Ohio",Furniture - Cabinets | Furniture,10,30,20,31,OPEN,2,IGNORE,property,,https://hibid.com/lot/322873438
14,9,322873439,1930’s Emerson Tube Radio,Not in working condition,Antiques & Collectibles - Collectibles - Radios | Antiques & Collectibles - Collectibles | Antiques & Collectibles,5,2,1,3,OPEN,0,IGNORE,,,https://hibid.com/lot/322873439
15,10,322873440,Mid Century Ringer Box Phone,,Antiques & Collectibles - Collectibles - Phones | Antiques & Collectibles - Collectibles | Antiques & Collectibles,7,51,15,52,OPEN,0,IGNORE,,,https://hibid.com/lot/322873440
16,11,322873441,Curved Glass Curio Cabinet w/ Wheat Design,Lights up,Furniture - Cabinets | Furniture,9,29,11,30,OPEN,4,PRICE-DEPENDENT,property,,https://hibid.com/lot/322873441
17,12,322873442,Pine Entertainment Cabinet,,Furniture - Entertainment Centers / TV Stands | Furniture,7,46,5,47,OPEN,4,PRICE-DEPENDENT,property,,https://hibid.com/lot/322873442
18,13,322873443,Green Bakers Rack,,Business & Industrial - Business / Retail - Racks / Shelving | Business & Industrial - Business / Retail | Business & Industrial,8,10,10,11,OPEN,4,PRICE-DEPENDENT,property,,https://hibid.com/lot/322873443
19,14,322873444,Sauder Cabinet w/ Table Top Extension,"Extension is not self supporting , would need placed onto something.",Furniture - Cabinets | Furniture,12,3,2,4,OPEN,4,PRICE-DEPENDENT,property,,https://hibid.com/lot/322873444
20,15,322873445,Oak Book Cabinet,,Furniture - Cabinets | Furniture,10,31,16,32,OPEN,4,PRICE-DEPENDENT,property,,https://hibid.com/lot/322873445
21,16,322873446,Light up Curio Cabinet,,Furniture - Cabinets | Furniture,8,11,4,12,OPEN,4,PRICE-DEPENDENT,property,,https://hibid.com/lot/322873446
22,17,322873447,Black Three Bulb Light,,Home Goods & Decor - Home Goods - Lighting - Light Bulbs | Home Goods & Decor - Home Goods - Lighting | Home Goods & Decor - Home Goods | Home Goods & Decor,4,2,1,3,OPEN,0,IGNORE,,,https://hibid.com/lot/322873447
23,18,322873448,"Walking Canes, Anderson Federal Saving Yard Stick",Foot Stool w/ Storage,Furniture - Chairs / Stools | Furniture,13,0,0,2,OPEN,8,GOOD OPPORTUNITY,shop|property,,https://hibid.com/lot/322873448
24,19,322873449,Kenmore Progressive 360 Vacuum,"Whisper BeltAll FloorsWorking condition",Business & Industrial - Business / Retail - Janitorial - Cleaning Equipment | Business & Industrial - Business / Retail - Janitorial | Business & Industrial - Business / Retail | Business & Industrial,6,2,1,3,OPEN,4,PRICE-DEPENDENT,property,,https://hibid.com/lot/322873449
25,20,322873450,Cross Cut Buck Saw,,Construction & Farm - Shop / Warehouse - Saws / Drills | Construction & Farm - Shop / Warehouse | Construction & Farm,5,4,2,5,OPEN,10,STRONG TARGET,farm|shop,,https://hibid.com/lot/322873450
26,21,322873451,Children’s Yolk,,Construction & Farm - Horse Drawn Equipment | Construction & Farm,6,8,7,9,OPEN,7,GOOD OPPORTUNITY,farm,,https://hibid.com/lot/322873451
27,22,322873452,Q.H. Lighting  Marble Base Floor Chandelier Lamp,All the lights work. (Just had a bulb go out),Home Goods & Decor - Home Goods - Lighting - Lamps | Home Goods & Decor - Home Goods - Lighting | Home Goods & Decor - Home Goods | Home Goods & Decor,11,3,2,4,OPEN,0,IGNORE,,,https://hibid.com/lot/322873452
28,23,322873453,Roll Top Desk,,Furniture - Desks / Home Office | Furniture,10,3,2,4,OPEN,0,IGNORE,,,https://hibid.com/lot/322873453
29,24,322873454,Black Side Table,,Furniture - Tables | Furniture,8,3,2,4,OPEN,0,IGNORE,,,https://hibid.com/lot/322873454
30,25,322873455,Corner Television Stand,,Furniture - Entertainment Centers / TV Stands | Furniture,9,0,0,2,OPEN,0,IGNORE,,,https://hibid.com/lot/322873455
31,26,322873456,Solid Oak Writing Desk,,Furniture - Desks / Home Office | Furniture,6,3,3,4,OPEN,0,IGNORE,,,https://hibid.com/lot/322873456
32,27,322873457,Broyhill China Hutch,,Furniture - Cabinets | Furniture,12,0,0,2,OPEN,3,PRICE-DEPENDENT,property,,https://hibid.com/lot/322873457
33,28,322873458,Bassett Shirt Boy Dresser w/ Mirror,,Furniture - Dressers / Wardrobes / Armoires | Furniture,13,0,0,2,OPEN,0,IGNORE,,,https://hibid.com/lot/322873458
34,29,322873459,Bassett Tall Boy Dresser,,Furniture - Dressers / Wardrobes / Armoires | Furniture,10,2,1,3,OPEN,0,IGNORE,,,https://hibid.com/lot/322873459
35,30,322873460,6 Drawer Dresser,,Furniture - Dressers / Wardrobes / Armoires | Furniture,8,2,1,3,OPEN,0,IGNORE,,,https://hibid.com/lot/322873460
36,31,322873461,Wardrobe,,Furniture - Dressers / Wardrobes / Armoires | Furniture,7,6,4,7,OPEN,0,IGNORE,,,https://hibid.com/lot/322873461
37,32,322873462,Dresser w/ Mirror,,Furniture - Dressers / Wardrobes / Armoires | Furniture,14,7,6,8,OPEN,0,IGNORE,,,https://hibid.com/lot/322873462
38,33,322873463,Telephone Stand,,Furniture - Tables | Furniture,6,3,2,4,OPEN,0,IGNORE,,,https://hibid.com/lot/322873463
39,34,322873464,Oak Swivel Desk Chair,,Furniture - Chairs / Stools | Furniture,7,7,6,8,OPEN,4,PRICE-DEPENDENT,shop,,https://hibid.com/lot/322873464
40,35,322873465,Boat Shelf,,Business & Industrial - Business / Retail - Racks / Shelving | Business & Industrial - Business / Retail | Business & Industrial,5,26,18,27,OPEN,4,PRICE-DEPENDENT,property,,https://hibid.com/lot/322873465
41,36,322873466,Antique Dresser with Mirror,,Antiques & Collectibles - Antiques - Antique Furniture | Antiques & Collectibles - Antiques | Antiques & Collectibles,9,4,4,5,OPEN,0,IGNORE,,,https://hibid.com/lot/322873466
42,37,322873467,Cabinet,,Furniture - Cabinets | Furniture,9,0,0,2,OPEN,5,PRICE-DEPENDENT,property,,https://hibid.com/lot/322873467
43,38,322873468,Electric Heat Fireplace,,Home Goods & Decor - Home Goods - Appliances - Heating / Air Conditioning | Home Goods & Decor - Home Goods - Appliances | Home Goods & Decor - Home Goods | Home Goods & Decor,8,14,12,15,OPEN,0,IGNORE,,,https://hibid.com/lot/322873468
44,39,322873469,Mid-century coffee table w/ glass Glass inlay,,Furniture - Tables | Furniture,9,0,0,2,OPEN,0,IGNORE,,,https://hibid.com/lot/322873469
45,40,322873470,Side Table with Magazine Racks,,Furniture - Tables | Furniture,9,5,4,6,OPEN,0,IGNORE,,,https://hibid.com/lot/322873470
46,41,322873471,Drop Leaf Table w/ Chairs,Drop leaves do not self support,Furniture - Dining Room Sets | Furniture,10,2,1,3,OPEN,0,IGNORE,,,https://hibid.com/lot/322873471
47,42,322873472,19th Century Victorian Triangle Corner Table,,Furniture - Tables | Furniture,7,8,6,9,OPEN,0,IGNORE,,,https://hibid.com/lot/322873472
48,43,322873473,"Barometer, corner Wall Shelf, wall Hanger Decor",,Home Goods & Decor - Home Goods - Kitchen / Housewares | Home Goods & Decor - Home Goods | Home Goods & Decor,11,3,2,4,OPEN,0,IGNORE,,,https://hibid.com/lot/322873473
49,43B,322873474,Mount Shasta By Robert Wood Print,,Art - Prints / Lithographs | Art,5,13,3,14,OPEN,0,IGNORE,,,https://hibid.com/lot/322873474
50,44,322873475,"Golden Oval Victorian Style Mirror, Winter Print",,Furniture - Mirrors | Furniture,12,7,6,8,OPEN,0,IGNORE,,,https://hibid.com/lot/322873475
51,45,322873476,"Motorcycle & Car Prints, Collages Frame.",,Art - Prints / Lithographs | Art,12,0,0,2,OPEN,5,PRICE-DEPENDENT,auto,,https://hibid.com/lot/322873476
52,46,322873477,Chunky Antique Frames,,Art - Prints / Lithographs | Art,11,4,3,5,OPEN,0,IGNORE,,,https://hibid.com/lot/322873477
53,47,322873478,"McCall’s ""Anna"" Magazine Poster",,Art - Posters | Art,7,2,1,3,OPEN,0,IGNORE,,,https://hibid.com/lot/322873478
54,48,322873479,"Panda Print, Floral Print by Juan, Etched Mirror",,Art - Prints / Lithographs | Art,15,0,0,2,OPEN,0,IGNORE,,,https://hibid.com/lot/322873479
55,49,322873480,"Jesus the Good Shepherd Print , Lord Prayer Plaque",Jesus print golden frame is heavy and plaster is delicate,Art - Prints / Lithographs | Art,12,2,1,3,OPEN,0,IGNORE,,,https://hibid.com/lot/322873480
56,50,322873481,Felt Paintings from Mexico,,Art - Paintings | Art,13,2,1,3,OPEN,0,IGNORE,,,https://hibid.com/lot/322873481
57,51,322873482,48 x 24 Landscaping Prints,,Art - Prints / Lithographs | Art,7,6,4,7,OPEN,0,IGNORE,,,https://hibid.com/lot/322873482
58,52,322873483,"Golden & Wood Framed Girl Prints,",,Art - Prints / Lithographs | Art,17,4,2,5,OPEN,0,IGNORE,,,https://hibid.com/lot/322873483
59,53,322873484,"Broken Fences Farm ,Fireman ,Mountain Prints",The Life of a Fireman,Art - Prints / Lithographs | Art,15,2,1,3,OPEN,7,GOOD OPPORTUNITY,farm,,https://hibid.com/lot/322873484
60,54,322873485,"Brandy Wine Farm Print, First Snow Print,","Brandy Wine Farm Print by K English-PittsStone Cottage Print",Art - Prints / Lithographs | Art,15,2,1,3,OPEN,4,PRICE-DEPENDENT,farm,,https://hibid.com/lot/322873485
61,55,322873486,"Angel, Jesus Shepherd prints, Penn Color Book",Colorbook,Art - Prints / Lithographs | Art,14,2,1,3,OPEN,0,IGNORE,,,https://hibid.com/lot/322873486
62,55B,322873487,Hurricane Lamp,,Home Goods & Decor - Home Goods - Lighting - Lamps | Home Goods & Decor - Home Goods - Lighting | Home Goods & Decor - Home Goods | Home Goods & Decor,6,25,9,26,OPEN,0,IGNORE,,,https://hibid.com/lot/322873487
63,56,322873488,Desk Lamps,,Home Goods & Decor - Home Goods - Lighting - Lamps | Home Goods & Decor - Home Goods - Lighting | Home Goods & Decor - Home Goods | Home Goods & Decor,7,0,0,2,OPEN,0,IGNORE,,,https://hibid.com/lot/322873488
64,57,322873489,John Wayne Touch Lamp,,Home Goods & Decor - Home Goods - Lighting - Lamps | Home Goods & Decor - Home Goods - Lighting | Home Goods & Decor - Home Goods | Home Goods & Decor,4,3,2,4,OPEN,0,IGNORE,,,https://hibid.com/lot/322873489
65,58,322873490,(2) Falkenstein Glass Bronze Flower Lamps,,Home Goods & Decor - Home Goods - Lighting - Lamps | Home Goods & Decor - Home Goods - Lighting | Home Goods & Decor - Home Goods | Home Goods & Decor,6,3,2,4,OPEN,0,IGNORE,,,https://hibid.com/lot/322873490
66,59,322873491,Gone with the Wind Hurricane Lamp,,Home Goods & Decor - Home Goods - Lighting - Lamps | Home Goods & Decor - Home Goods - Lighting | Home Goods & Decor - Home Goods | Home Goods & Decor,5,32,12,33,OPEN,0,IGNORE,,,https://hibid.com/lot/322873491
67,60,322873492,"Elgin National Watch Works Sterling Spoon, Oxford","Elgin Spoon 13 GramsOxford Silverplate Company Spoons 185 GramsWeights are approximate",Antiques & Collectibles - Collectibles - Kitchen / Home | Antiques & Collectibles - Collectibles | Antiques & Collectibles,9,15,4,16,OPEN,-2,IGNORE,,,https://hibid.com/lot/322873492
68,61,322873493,Assortment of Stainless Steel Cutlery,,Home Goods & Decor - Home Goods - Kitchen / Housewares | Home Goods & Decor - Home Goods | Home Goods & Decor,4,2,1,3,OPEN,0,IGNORE,,,https://hibid.com/lot/322873493
69,62,322873494,"Plated Bud Vase, Teapot Clock, Silver Tone Dish",Metal Bus,Antiques & Collectibles - Collectibles - Decorative - Vases / Jars | Antiques & Collectibles - Collectibles - Decorative | Antiques & Collectibles - Collectibles | Antiques & Collectibles,10,2,1,3,OPEN,-2,IGNORE,,,https://hibid.com/lot/322873494
70,63,322873495,Farberware Silverware Gold Tone Silverware In A,Case,Home Goods & Decor - Home Goods - Kitchen / Housewares | Home Goods & Decor - Home Goods | Home Goods & Decor,7,21,8,22,OPEN,0,IGNORE,,,https://hibid.com/lot/322873495
71,64,322873496,"Ceramic Serving Bowl,,White Soup Tureen","Ceramic Serving Bowl Cottage and Tree SceneSoup Tureen or Covered Utility Pot White",Home Goods & Decor - Home Goods - Kitchen / Housewares | Home Goods & Decor - Home Goods | Home Goods & Decor,9,2,1,3,OPEN,0,IGNORE,,,https://hibid.com/lot/322873496
72,65,322873497,"Assorted Silverware, Silver Lighting Cleaning Plat",Silverware Easing & Serving Utensils,Home Goods & Decor - Home Goods - Kitchen / Housewares | Home Goods & Decor - Home Goods | Home Goods & Decor,8,2,1,3,OPEN,0,REVIEW,,yes,https://hibid.com/lot/322873497
73,66,322873498,National Double Tested Silverplate Silverware,Roger Bros. 2 Spoons,Antiques & Collectibles - Collectibles - Kitchen / Home | Antiques & Collectibles - Collectibles | Antiques & Collectibles,10,6,5,7,OPEN,-2,IGNORE,,,https://hibid.com/lot/322873498
74,67,322873499,"Japanese Ceramic Kokeshi Dolls{2}, Wooden Duck",Duck Trio,Toys - Dolls | Toys,6,0,0,2,OPEN,-2,IGNORE,,,https://hibid.com/lot/322873499
75,68,322873500,Glass Jar Hand Crank Nut & Spice Grinders {2},,Home Goods & Decor - Home Goods - Kitchen / Housewares | Home Goods & Decor - Home Goods | Home Goods & Decor,6,3,2,4,OPEN,4,PRICE-DEPENDENT,shop,,https://hibid.com/lot/322873500
76,68B,322873501,Ceramic Reindeer Cookie Jar,,Home Goods & Decor - Home Goods - Kitchen / Housewares | Home Goods & Decor - Home Goods | Home Goods & Decor,7,4,3,5,OPEN,0,IGNORE,,,https://hibid.com/lot/322873501
77,69,322873502,"McDonald's Collectable Glasses & Mugs, Kids Cups","McDonalds The Muppets Glasses (4)McDonalds Olympic Glass Mugs (4)Plastic Cups, Lidded Plastic Cups (Sippy)Clear Water Bottles(2)",Antiques & Collectibles - Collectibles - Kitchen / Home | Antiques & Collectibles - Collectibles | Antiques & Collectibles,4,3,2,4,OPEN,0,IGNORE,,,https://hibid.com/lot/322873502
78,70,322873503,"Amber Textured Glass Beer Mugs, Ceramic Mugs","Amber Beer Mugs (4)Ceramic/Pottery Stein Brown(2)Footed Pedestal Coffee Mug (3)",Home Goods & Decor - Home Goods - Kitchen / Housewares | Home Goods & Decor - Home Goods | Home Goods & Decor,4,2,1,3,OPEN,0,IGNORE,,,https://hibid.com/lot/322873503
79,71,322873504,"Milk Glass Lidded Jar, Clear Round Glass Storage",Jar,Antiques & Collectibles - Collectibles - Decorative - Vases / Jars | Antiques & Collectibles - Collectibles - Decorative | Antiques & Collectibles - Collectibles | Antiques & Collectibles,5,0,0,2,OPEN,5,PRICE-DEPENDENT,property,,https://hibid.com/lot/322873504
80,72,322873505,"Blue Glass Tumblers, Juice & Rocks Glasses",Blue Tinted Rose Bowl with a ruffled rim,Home Goods & Decor - Home Goods - Kitchen / Housewares | Home Goods & Decor - Home Goods | Home Goods & Decor,4,2,1,3,OPEN,0,IGNORE,,,https://hibid.com/lot/322873505
81,73,322873506,"Holiday Lanterns, Holiday Mugs, Wire-Bail Jar.",Quilted Jelly Jars (4),Home Goods & Decor - Home Goods - Kitchen / Housewares | Home Goods & Decor - Home Goods | Home Goods & Decor,5,6,5,7,OPEN,4,PRICE-DEPENDENT,property,,https://hibid.com/lot/322873506
82,74,322873507,"Ceramic\Glass Mugs, Plastic Cups",,Home Goods & Decor - Home Goods - Kitchen / Housewares | Home Goods & Decor - Home Goods | Home Goods & Decor,6,2,1,3,OPEN,0,IGNORE,,,https://hibid.com/lot/322873507
83,75,322873508,"Peach Motif Salt/Pepper & Napkin Holder, Serving",Bowl Green,Home Goods & Decor - Home Goods - Kitchen / Housewares | Home Goods & Decor - Home Goods | Home Goods & Decor,7,3,2,4,OPEN,0,IGNORE,,,https://hibid.com/lot/322873508
84,76,322873509,"Johnson Bros Ceramic Platter, Colonial Co Platter","Johnson Bros England Ceramic Makers Mark Royal Arms date of October21,1902Colonial Company Platter with gold tone decorations",Antiques & Collectibles - Collectibles - Kitchen / Home | Antiques & Collectibles - Collectibles | Antiques & Collectibles,8,2,1,3,OPEN,0,IGNORE,,,https://hibid.com/lot/322873509
85,77,322873510,Clear Glass Baking Dishes (3),,Home Goods & Decor - Home Goods - Kitchen / Housewares | Home Goods & Decor - Home Goods | Home Goods & Decor,12,2,1,3,OPEN,0,IGNORE,,,https://hibid.com/lot/322873510
86,78,322873511,"Espresso, Coffee & Soup Mugs",,Home Goods & Decor - Home Goods - Kitchen / Housewares | Home Goods & Decor - Home Goods | Home Goods & Decor,6,0,0,2,OPEN,0,IGNORE,,,https://hibid.com/lot/322873511
87,79,322873512,"Glass Drinkware, Souvenir Mug, Shot Glasses","Glass MugsGlass TumblersJuice GlassChampagne GlassKerr Clear Glass Wide Mouth Canning Mason Jar",Home Goods & Decor - Home Goods - Kitchen / Housewares | Home Goods & Decor - Home Goods | Home Goods & Decor,5,2,1,3,OPEN,0,IGNORE,,,https://hibid.com/lot/322873512
88,80,322873513,Stoneware Canister Jar Home & Garden Party,Fruit Design,Antiques & Collectibles - Collectibles - Stoneware / Pfaltzgraff /Earthenware | Antiques & Collectibles - Collectibles | Antiques & Collectibles,7,2,1,3,OPEN,4,PRICE-DEPENDENT,property,,https://hibid.com/lot/322873513
89,81,322873514,"Flordia Ashtrays, Cut Glass Decanter W/Marbles","Marbles, Steely",Home Goods & Decor - Home Goods - Kitchen / Housewares | Home Goods & Decor - Home Goods | Home Goods & Decor,6,11,10,12,OPEN,0,IGNORE,,,https://hibid.com/lot/322873514
90,82,322873515,Napco Cookies All Over Ceramic Cookie Jar,,Home Goods & Decor - Home Goods - Kitchen / Housewares | Home Goods & Decor - Home Goods | Home Goods & Decor,8,21,7,22,OPEN,0,IGNORE,,,https://hibid.com/lot/322873515
91,83,322873516,Ceramic Mushroom Storage Canister/Cookie Jar,"Rubbermaid Harvest Gold Drink Pitcher 2.5 QTLunch ThermosPlastic Ice Cube Trays(2)",Home Goods & Decor - Home Goods - Kitchen / Housewares | Home Goods & Decor - Home Goods | Home Goods & Decor,7,9,5,10,OPEN,4,PRICE-DEPENDENT,property,,https://hibid.com/lot/322873516
92,84,322873517,"Clear Glass Pedestal Cake Stand, Rose/Fish Bowl",Scalloped Rim on both,Home Goods & Decor - Home Goods - Kitchen / Housewares | Home Goods & Decor - Home Goods | Home Goods & Decor,8,0,0,2,OPEN,0,IGNORE,,,https://hibid.com/lot/322873517
93,85,322873518,"White Ceramic Chef-Themed Jar, Salt & Pepper Shake","Chef Themed Jar with a painted mustache face and a chefs hat lid design.Stoneware Salt and pepper shakers Shaped like chef hats",Home Goods & Decor - Home Goods - Kitchen / Housewares | Home Goods & Decor - Home Goods | Home Goods & Decor,7,3,2,4,OPEN,-2,IGNORE,,,https://hibid.com/lot/322873518
94,86,322873519,Ceramic Rooster Cookie Jar,,Home Goods & Decor - Home Goods - Kitchen / Housewares | Home Goods & Decor - Home Goods | Home Goods & Decor,9,5,3,6,OPEN,0,IGNORE,,,https://hibid.com/lot/322873519
95,87,322873520,"Floral Serving Platters(2), White Serving Bowl",Ceramic Oval Serving Platter with Scalloped Edge and embossed lace like detail,Home Goods & Decor - Home Goods - Kitchen / Housewares | Home Goods & Decor - Home Goods | Home Goods & Decor,8,0,0,2,OPEN,0,IGNORE,,,https://hibid.com/lot/322873520
96,88,322873521,"Non-stick Copper Colored Frying Pans, Red Copper",Aluminum Steamer Basket,Home Goods & Decor - Home Goods - Kitchen / Housewares | Home Goods & Decor - Home Goods | Home Goods & Decor,9,0,0,2,OPEN,0,IGNORE,,,https://hibid.com/lot/322873521
97,89,322873522,"Bullet Style Blender Cups, Chopper XL Manual",Hot Dog Plastic Container Holds 10 Dogs,Home Goods & Decor - Home Goods - Kitchen / Housewares | Home Goods & Decor - Home Goods | Home Goods & Decor,4,0,0,2,OPEN,0,IGNORE,,,https://hibid.com/lot/322873522
98,90,322873523,"Milk Glass Serving Bowl, Iridescent Snack Plates,",Ceramic Milk Jug Vase,Home Goods & Decor - Home Goods - Kitchen / Housewares | Home Goods & Decor - Home Goods | Home Goods & Decor,7,0,0,2,OPEN,-2,IGNORE,,,https://hibid.com/lot/322873523
99,91,322873524,Pyrex Spring Blossom Casserole Dish,Also commonly called Crazy Daisy,Home Goods & Decor - Home Goods - Kitchen / Housewares | Home Goods & Decor - Home Goods | Home Goods & Decor,7,21,9,22,OPEN,0,IGNORE,,,https://hibid.com/lot/322873524
100,92,322873525,"Riverdale Plate, Aluminum Lazy Susan, Cheese Tray","Riverdale, Michigan Plate Centennial 1974Teak & Ceramic Cheese Tray with Clear Glass Dome Lid, American Homestead Spring Metal Tray with rural landscape. Lunch Thermos, Wire Dish Rack, Chop and Scoop Cutting Board, Refrigerator and Freezer Thermometer",Home Goods & Decor - Home Goods - Kitchen / Housewares | Home Goods & Decor - Home Goods | Home Goods & Decor,13,2,1,3,OPEN,5,PRICE-DEPENDENT,property,,https://hibid.com/lot/322873525
101,93,322873526,Corelle Spring Blossom Green Assorted Dishes,"Also Called Crazy DaisyServing Platter, Serving Bowl, Dinner Plates(3), Coffee Cups and Saucers (4(, Salt & Pepper Shakers 2 Sets, Milk Glass Oil and Vinegar Cruets in the Spring Blossom Green",Home Goods & Decor - Home Goods - Kitchen / Housewares | Home Goods & Decor - Home Goods | Home Goods & Decor,15,5,4,6,OPEN,-4,IGNORE,,yes,https://hibid.com/lot/322873526
102,94,322873527,"Porcelain Covered Serving Dish, Ceramic Serving",Tray,Home Goods & Decor - Home Goods - Kitchen / Housewares | Home Goods & Decor - Home Goods | Home Goods & Decor,10,2,1,3,OPEN,0,IGNORE,,,https://hibid.com/lot/322873527
103,95,322873528,"Corning Ware Casserole Dishes, Pyrex Dish",Corning Ware Sidekick Oval Dish (2),Home Goods & Decor - Home Goods - Kitchen / Housewares | Home Goods & Decor - Home Goods | Home Goods & Decor,11,2,1,3,OPEN,0,IGNORE,,,https://hibid.com/lot/322873528
104,96,322873529,"Baking Pans, Muffin Tins, Bread Pans & More","Pizza Pans, 8x8 Cake Pan",Home Goods & Decor - Home Goods - Kitchen / Housewares | Home Goods & Decor - Home Goods | Home Goods & Decor,11,2,1,3,OPEN,0,IGNORE,,,https://hibid.com/lot/322873529
105,97,322873530,"Bundt Pan, Pie Pans, Ceramic Pie Weights, 9x13 Pan",Copper Finished nonstick oven air fryer basket and crisper  tray set,Home Goods & Decor - Home Goods - Kitchen / Housewares | Home Goods & Decor - Home Goods | Home Goods & Decor,15,0,0,2,OPEN,0,IGNORE,,,https://hibid.com/lot/322873530
106,98,322873531,"Pink Pyrex Bowl, Anchor Hocking Casserole Dish","Cutting Boards, Microwave Covering Lid, Funnel, Small Trays(2), Tupperware Kitchen Prep tray Chop N Pour",Home Goods & Decor - Home Goods - Kitchen / Housewares | Home Goods & Decor - Home Goods | Home Goods & Decor,13,11,3,12,OPEN,0,IGNORE,,,https://hibid.com/lot/322873531
107,99,322873532,Brown Glazed Stoneware Divided Dish & Crock,Salt & Pepper Shakers,Antiques & Collectibles - Collectibles - Kitchen / Home | Antiques & Collectibles - Collectibles | Antiques & Collectibles,11,3,2,4,OPEN,-2,IGNORE,,,https://hibid.com/lot/322873532
108,100,322873533,"Avocado Footed Ice Tea Tumbler, Small Bowl, Candle","Holders, Small Clear Bowl, White Small Dish, Hand Painted Landscape Scene, Bubble Bowls Clear (2)",Home Goods & Decor - Home Goods - Kitchen / Housewares | Home Goods & Decor - Home Goods | Home Goods & Decor,5,0,0,2,OPEN,0,IGNORE,,,https://hibid.com/lot/322873533
109,101,322873534,"Blue Speckled Enamelware Pan & Cups, Tea Kettle","Enamel Tea Kettle with White Floral Body, Enamelware dipper or small pouring ladle used as a butter warmer",Antiques & Collectibles - Collectibles - Kitchen / Home | Antiques & Collectibles - Collectibles | Antiques & Collectibles,7,3,2,4,OPEN,0,IGNORE,,,https://hibid.com/lot/322873534
110,102,322873535,Cuisinart Advantage Ceramic Knives W/Blade Gaurds,5 Knives,Home Goods & Decor - Home Goods - Kitchen / Housewares | Home Goods & Decor - Home Goods | Home Goods & Decor,3,8,3,9,OPEN,0,IGNORE,,,https://hibid.com/lot/322873535
111,103,322873536,"Assorted Kitchen Utensils, Recipe Holder",,Home Goods & Decor - Home Goods - Kitchen / Housewares | Home Goods & Decor - Home Goods | Home Goods & Decor,5,2,1,3,OPEN,0,REVIEW,,yes,https://hibid.com/lot/322873536
112,104,322873537,"Tupperware Hourglass Salt & Pepper In A Stand,","Wood Salt and Pepper Mills, Bread Knife, Cake Knife, Utility Knife,Stainless Steel Crescent Pot Strainer, White Plastic Spoon Rest, Pasta Measurer,",Home Goods & Decor - Home Goods - Kitchen / Housewares | Home Goods & Decor - Home Goods | Home Goods & Decor,4,2,1,3,OPEN,2,IGNORE,shop,,https://hibid.com/lot/322873537
113,106,322873538,"Autumn Gold Salad Plates, Berry Bowls","Semi Vitreous Ceramic Salad Plates/Bowls(5), Fruit /Berry Bowls with Yellow Rim (5), Stoneware Garland Dinner Plate with Brown Floral Wreath (4), Dessert Plate with Brown Rim(2)",Home Goods & Decor - Home Goods - Kitchen / Housewares | Home Goods & Decor - Home Goods | Home Goods & Decor,13,0,0,2,OPEN,-2,IGNORE,,,https://hibid.com/lot/322873538
114,107,322873539,"Correlle Blossoms In Lace Plates ,Salad Plates,","Bowls(9)Plates (8)Salad Plates (8)Saucer Plates (8)",Home Goods & Decor - Home Goods - Kitchen / Housewares | Home Goods & Decor - Home Goods | Home Goods & Decor,9,2,1,3,OPEN,-2,IGNORE,,,https://hibid.com/lot/322873539
115,108,322873540,Capriware Ceramic Kitchen Canisters Fruit Motifs,Metal Locking Clamp Lids,Home Goods & Decor - Home Goods - Kitchen / Housewares | Home Goods & Decor - Home Goods | Home Goods & Decor,7,2,1,3,OPEN,4,PRICE-DEPENDENT,shop,,https://hibid.com/lot/322873540
116,109,322873541,JC Penny Ceramic Canisters Brass Colored Metal,Bail Latch Closure. Set of 3 Ivory,Home Goods & Decor - Home Goods - Kitchen / Housewares | Home Goods & Decor - Home Goods | Home Goods & Decor,6,3,2,4,OPEN,0,IGNORE,,,https://hibid.com/lot/322873541
117,110,322873542,"Meat Mincer/Grinder(2), Slice O Matic Slicer",,Business & Industrial - Restaurant / Food Industry - Meat Slicers | Business & Industrial - Restaurant / Food Industry | Business & Industrial,9,2,1,3,OPEN,4,PRICE-DEPENDENT,shop,,https://hibid.com/lot/322873542
118,111,322873543,"Fuzzy Dice, Talking Parrot, Dino Bike Horn, Hat","Pink Hat Stand,",Toys - Games | Toys,5,0,0,2,OPEN,0,IGNORE,,,https://hibid.com/lot/322873543
119,112,322873544,"Nutcrackers (2), Painted Eggs(2)",,Antiques & Collectibles - Collectibles - Figurines | Antiques & Collectibles - Collectibles | Antiques & Collectibles,4,3,3,4,OPEN,-2,IGNORE,,,https://hibid.com/lot/322873544
120,113,322873545,"Square Frying Pan W/Stainless Frying Basket, Pans","Red Silicone Splatter ScreenFry Pans (2) Glass Lid(1)",Home Goods & Decor - Home Goods - Kitchen / Housewares | Home Goods & Decor - Home Goods | Home Goods & Decor,12,0,0,2,OPEN,0,IGNORE,,,https://hibid.com/lot/322873545
121,114,322873546,"Tupperware Divided Vegetable & Dip Party Tray,","Salad Spinner,, Sink Colander, Plastic Container with a screw on lid, Measuring Spoons",Home Goods & Decor - Home Goods - Kitchen / Housewares | Home Goods & Decor - Home Goods | Home Goods & Decor,8,0,0,2,OPEN,0,IGNORE,,,https://hibid.com/lot/322873546
122,115,322873547,"Tupperware Butter Dish, Kitchen Scale, Toothpick","Dispenser styled like a miniature barrel, Manual Pepper  Mills, Small Glass Cruet, Salt and Pepper Shakers, Ribbed Ramekin or Custard Cup",Home Goods & Decor - Home Goods - Kitchen / Housewares | Home Goods & Decor - Home Goods | Home Goods & Decor,7,4,2,5,OPEN,4,PRICE-DEPENDENT,shop,,https://hibid.com/lot/322873547
123,116,322873548,"Collapsible Dish Rack, Silicone Suction Lids(5)","Ma & Pa Painted Plates, Swivel Spice Rack 2 Tier",Home Goods & Decor - Home Goods - Kitchen / Housewares | Home Goods & Decor - Home Goods | Home Goods & Decor,6,0,0,2,OPEN,-2,IGNORE,,,https://hibid.com/lot/322873548
124,117,322873549,"Cascade Dishwasher Soap, Cleaning Products","Glade Spray,, Glitter Blast Spray, Spray Snow, Lead Substitute, Fantastik, Clorox Bathroom Cleaner and More",Business & Industrial - Business / Retail - Janitorial - Cleaners / Cleaning Supplies | Business & Industrial - Business / Retail - Janitorial | Business & Industrial - Business / Retail | Business & Industrial,6,2,1,3,OPEN,4,PRICE-DEPENDENT,property,,https://hibid.com/lot/322873549
125,118,322873550,Ronco Showtime Rotisserie & BBQ,Powers On,Home Goods & Decor - Home Goods - Small Appliances | Home Goods & Decor - Home Goods | Home Goods & Decor,7,2,1,3,OPEN,0,IGNORE,,,https://hibid.com/lot/322873550
126,119,322873551,Nuwave Pro Infrared Cooking System,,Home Goods & Decor - Home Goods - Small Appliances | Home Goods & Decor - Home Goods | Home Goods & Decor,6,2,1,3,OPEN,0,IGNORE,,,https://hibid.com/lot/322873551
127,120,322873552,"Deni Scoop Ice Cream Maker, Pressure Canner",Pressure Canner & Cooker Model,Home Goods & Decor - Home Goods - Small Appliances | Home Goods & Decor - Home Goods | Home Goods & Decor,8,0,0,2,OPEN,0,IGNORE,,,https://hibid.com/lot/322873552
128,121,322873553,Stainless Steel Electric Deep Fryer,,Home Goods & Decor - Home Goods - Small Appliances | Home Goods & Decor - Home Goods | Home Goods & Decor,7,0,0,2,OPEN,0,IGNORE,,,https://hibid.com/lot/322873553
129,122,322873554,Brita UltraMax Water Dispenser Front Spigot,,Home Goods & Decor - Home Goods - Kitchen / Housewares | Home Goods & Decor - Home Goods | Home Goods & Decor,5,0,0,2,OPEN,0,IGNORE,,,https://hibid.com/lot/322873554
130,123,322873555,"Pampered Chef Cookie Press, Spring Form Pans",Perfect Brownie Pan Set,Home Goods & Decor - Home Goods - Kitchen / Housewares | Home Goods & Decor - Home Goods | Home Goods & Decor,10,0,0,2,OPEN,0,IGNORE,,,https://hibid.com/lot/322873555
131,124,322873556,"FoodSaver Vacuum Sealing Solution, Metal Basket",,Home Goods & Decor - Home Goods - Kitchen / Housewares | Home Goods & Decor - Home Goods | Home Goods & Decor,6,2,1,3,OPEN,4,PRICE-DEPENDENT,property,,https://hibid.com/lot/322873556
132,125,322873557,Mr. Coffee 12 Cup Coffee Pot. Oster 3Cup Food Chop,"3 Cup Mini Food Chopper, Veggetti Spiral Vegetable Slicer,, Stainless Thermos",Home Goods & Decor - Home Goods - Small Appliances | Home Goods & Decor - Home Goods | Home Goods & Decor,5,0,0,2,OPEN,0,IGNORE,,,https://hibid.com/lot/322873557
133,126,322873558,"2 Slice Toaster, Can Openers, Enamel Tea Kettle","Toaster Cover, Electric Grill",Home Goods & Decor - Home Goods - Small Appliances | Home Goods & Decor - Home Goods | Home Goods & Decor,6,0,0,2,OPEN,0,IGNORE,,,https://hibid.com/lot/322873558
134,127,322873559,Glass Oil Lamps W/Chimneys and Metal Burners(3),,Antiques & Collectibles - Antiques - Antique Lamps | Antiques & Collectibles - Antiques | Antiques & Collectibles,3,32,12,33,OPEN,0,IGNORE,,,https://hibid.com/lot/322873559
135,128,322873560,Metal & Glass Oil Lamps W/Chimneys (3),,Antiques & Collectibles - Antiques - Antique Lamps | Antiques & Collectibles - Antiques | Antiques & Collectibles,3,32,13,33,OPEN,0,IGNORE,,,https://hibid.com/lot/322873560
136,129,322873561,Hand-Painted Milk Glass Oil Lamp W/Brass Burner,3 Glass Oil Lamps W/Chimneys,Antiques & Collectibles - Antiques - Antique Lamps | Antiques & Collectibles - Antiques | Antiques & Collectibles,3,29,11,30,OPEN,0,IGNORE,,,https://hibid.com/lot/322873561
137,130,322873562,Portable Boombox W/CD Player & Cassette Player,Radio,Antiques & Collectibles - Collectibles - Radios | Antiques & Collectibles - Collectibles | Antiques & Collectibles,5,2,1,3,OPEN,0,IGNORE,,,https://hibid.com/lot/322873562
138,131,322873563,"Amethyst Glass Fairy Lamp,24% Lead Crystal Lamp","24% Lead Crystal Hurricane Lamp, Amethyst Glass Vase, Pottery Decor piece Blue and Black",Home Goods & Decor - Home Goods - Lighting - Lamps | Home Goods & Decor - Home Goods - Lighting | Home Goods & Decor - Home Goods | Home Goods & Decor,6,7,3,8,OPEN,0,IGNORE,,,https://hibid.com/lot/322873563
139,132,322873564,"Thermos, Thermal Carafe",,Home Goods & Decor - Home Goods - Kitchen / Housewares | Home Goods & Decor - Home Goods | Home Goods & Decor,4,0,0,2,OPEN,0,IGNORE,,,https://hibid.com/lot/322873564
140,133,322873565,"Frying Pan W/Lid, Covered Oval Roaster, Pan",Kitchenaid Small Frying Pan,Home Goods & Decor - Home Goods - Kitchen / Housewares | Home Goods & Decor - Home Goods | Home Goods & Decor,8,6,4,7,OPEN,0,IGNORE,,,https://hibid.com/lot/322873565
141,134,322873566,Bullet Express Machine Meal Maker,,Home Goods & Decor - Home Goods - Small Appliances | Home Goods & Decor - Home Goods | Home Goods & Decor,5,0,0,2,OPEN,0,IGNORE,,,https://hibid.com/lot/322873566
142,135,322873567,"Kenmore Electric Food Slicer, Stainless Pot W/Lid",,Home Goods & Decor - Home Goods - Small Appliances | Home Goods & Decor - Home Goods | Home Goods & Decor,6,2,1,3,OPEN,0,IGNORE,,,https://hibid.com/lot/322873567
143,136,322873568,"2 Tier Spice Rack, Revolving Spice Carousel",,Home Goods & Decor - Home Goods - Kitchen / Housewares | Home Goods & Decor - Home Goods | Home Goods & Decor,6,4,3,5,OPEN,0,IGNORE,,,https://hibid.com/lot/322873568
144,137,322873569,"Rooster Glass Cutting Board, Pro Smart Slicer",,Home Goods & Decor - Home Goods - Kitchen / Housewares | Home Goods & Decor - Home Goods | Home Goods & Decor,7,0,0,2,OPEN,0,IGNORE,,,https://hibid.com/lot/322873569
145,138,322873570,"Copper Scale Scoop, Enamel Wash Basin",,Antiques & Collectibles - Collectibles - Kitchen / Home | Antiques & Collectibles - Collectibles | Antiques & Collectibles,8,6,4,7,OPEN,0,IGNORE,,,https://hibid.com/lot/322873570
146,139,322873571,McCoy Pottery Ovenware Mixing Bowl,,Art - Pottery / Ceramics | Art,5,11,9,12,OPEN,0,IGNORE,,,https://hibid.com/lot/322873571
147,140,322873572,"Manual Stainless Food Slicer, Under Shelf Baskets",Under Shelf Baskets(2),Home Goods & Decor - Home Goods - Kitchen / Housewares | Home Goods & Decor - Home Goods | Home Goods & Decor,5,0,0,2,OPEN,0,IGNORE,,,https://hibid.com/lot/322873572
148,141,322873573,"3 Cup Mr. Coffee Pot, Donut Maker, Waffle Maker",,Home Goods & Decor - Home Goods - Small Appliances | Home Goods & Decor - Home Goods | Home Goods & Decor,9,0,0,2,OPEN,0,IGNORE,,,https://hibid.com/lot/322873573
149,142,322873574,Rectangular Roasting or Baking Pans & Wire Rack,,Home Goods & Decor - Home Goods - Kitchen / Housewares | Home Goods & Decor - Home Goods | Home Goods & Decor,9,0,0,2,OPEN,5,PRICE-DEPENDENT,property,,https://hibid.com/lot/322873574
150,143,322873575,Frosted Drinking Glasses W/Antique Cars(4),,Antiques & Collectibles - Collectibles - Kitchen / Home | Antiques & Collectibles - Collectibles | Antiques & Collectibles,4,4,3,5,OPEN,0,IGNORE,,,https://hibid.com/lot/322873575
151,144,322873576,McDonalds Great Muppet Caper & Looney Tunes,"Glasses, Big Boy Plastic Cup",Antiques & Collectibles - Collectibles - Kitchen / Home | Antiques & Collectibles - Collectibles | Antiques & Collectibles,5,9,2,10,OPEN,0,IGNORE,,,https://hibid.com/lot/322873576
152,145,322873577,1970'S Pepsi-Cola Drinking Glasses(8),,Antiques & Collectibles - Collectibles - Advertising | Antiques & Collectibles - Collectibles | Antiques & Collectibles,5,2,1,3,OPEN,0,IGNORE,,,https://hibid.com/lot/322873577
153,146,322873578,1970'S Looney Tunes Pepsi Glasses (11),,Antiques & Collectibles - Collectibles - Kitchen / Home | Antiques & Collectibles - Collectibles | Antiques & Collectibles,8,17,10,18,OPEN,0,IGNORE,,,https://hibid.com/lot/322873578
154,147,322873579,1970'S Holly Hobbie Coca-Cola Christmas Glasses,17 Drinking Glasses,Antiques & Collectibles - Collectibles - Advertising | Antiques & Collectibles - Collectibles | Antiques & Collectibles,5,4,3,5,OPEN,0,IGNORE,,,https://hibid.com/lot/322873579
155,148,322873580,White Milk Glass Decor Items,"Swirled Pedestal Vase, Hobnail Creamer & Small Hobnail Lidded Dish, Tall Trumpet Vase, Fluted Scalloped Rim Vase",Antiques & Collectibles - Collectibles - Decorative - Vases / Jars | Antiques & Collectibles - Collectibles - Decorative | Antiques & Collectibles - Collectibles | Antiques & Collectibles,6,2,1,3,OPEN,0,IGNORE,,,https://hibid.com/lot/322873580
156,149,322873581,"Silver-Plated Bread Dish,Solid Brass Ashtray, Door","Stop Cast Iron,, Etched Brass Like Shallow Bowl, Brass, Bed Finial Knob,, Die-cast metal miniature car shaped pencil sharpener resembling a Ford Model T, Metal Bell",Antiques & Collectibles - Collectibles - Kitchen / Home | Antiques & Collectibles - Collectibles | Antiques & Collectibles,11,3,2,4,OPEN,-2,IGNORE,,,https://hibid.com/lot/322873581
157,150,322873582,Polaroid Automatic 103 Land Camera In A Case,,Computers & Electronics - Cameras & Camera Accessories - Cameras | Computers & Electronics - Cameras & Camera Accessories | Computers & Electronics,7,2,1,3,OPEN,0,IGNORE,,,https://hibid.com/lot/322873582
158,151,322873583,Crock-Pot 6-Qt Programmable Stainless Steel Slow,"Cooker, Lid has missing part of rubber gasket",Home Goods & Decor - Home Goods - Small Appliances | Home Goods & Decor - Home Goods | Home Goods & Decor,6,2,1,3,OPEN,0,IGNORE,,,https://hibid.com/lot/322873583
159,152,322873584,"Rival Crock-Pot,George Foreman Grilling Maching","Rival Crock-Pot Removable ServerReynolds Slow Cooker Liners Regular Size(4)",Home Goods & Decor - Home Goods - Small Appliances | Home Goods & Decor - Home Goods | Home Goods & Decor,10,0,0,2,OPEN,0,IGNORE,,,https://hibid.com/lot/322873584
160,153,322873585,"Mushroom Pattern Ceramic Planter, Horse Bookend,","Resin Frog,Resin Garden Stone, Apple Basket, Wire, Mesh Colander, Blue Plastic coated wire mesh basket, Stainless Bowl and Dog Choker Chain",Antiques & Collectibles - Collectibles - Decorative - Planters | Antiques & Collectibles - Collectibles - Decorative | Antiques & Collectibles - Collectibles | Antiques & Collectibles,8,2,1,3,OPEN,10,STRONG TARGET,farm|property,,https://hibid.com/lot/322873585
161,154,322873586,"Panasonic Cordless Phone System, Aiwa Clock Radio",Panasonic Phone Digital Phone Answering Machine,Antiques & Collectibles - Collectibles - Phones | Antiques & Collectibles - Collectibles | Antiques & Collectibles,9,2,1,3,OPEN,0,IGNORE,,,https://hibid.com/lot/322873586
162,155,322873587,Apple Peeler Corer Slicer (2),,Home Goods & Decor - Home Goods - Kitchen / Housewares | Home Goods & Decor - Home Goods | Home Goods & Decor,6,5,4,6,OPEN,0,IGNORE,,,https://hibid.com/lot/322873587
163,156,322873588,"Pampered Chef Parchment Paper, Paper Lunch Sacks","Wine Bottle Cooler Bag,Plastic Dish Cover,, Plastic Cutlery, Paper Napkins, 2in Clear Sealing Tape",Home Goods & Decor - Home Goods - Kitchen / Housewares | Home Goods & Decor - Home Goods | Home Goods & Decor,6,2,1,3,OPEN,0,IGNORE,,,https://hibid.com/lot/322873588
164,157,322873589,"Lasko 20IN 3 Speed Box Fan, AeroSpeed Box Fan",,Home Goods & Decor - Home Goods - Small Appliances | Home Goods & Decor - Home Goods | Home Goods & Decor,5,4,3,5,OPEN,0,IGNORE,,,https://hibid.com/lot/322873589
165,158,322873590,"Green Crochet Blanket, Various Towels and Hand",Towels,Home Goods & Decor - Home Goods - Bed / Bath Items | Home Goods & Decor - Home Goods | Home Goods & Decor,4,2,1,3,OPEN,4,PRICE-DEPENDENT,auto,,https://hibid.com/lot/322873590
166,159,322873591,"Various Towels, Table Placemats",,Home Goods & Decor - Home Goods - Linens / Curtains | Home Goods & Decor - Home Goods | Home Goods & Decor,6,2,1,3,OPEN,4,PRICE-DEPENDENT,auto,,https://hibid.com/lot/322873591
167,160,322873592,Various Seat Sets,,Furniture - Chairs / Stools | Furniture,4,0,0,2,OPEN,5,PRICE-DEPENDENT,shop,,https://hibid.com/lot/322873592
168,161,322873593,Crimson Porcelain Doll Alice In A Box,Wood and Metal Doll Bench,Toys - Dolls | Toys,9,0,0,2,OPEN,-2,IGNORE,,,https://hibid.com/lot/322873593
169,162,322873594,Doll Size Wood and Wicker Chairs(4),Rocking Chairs(3) need fixed/glued,Toys - Dolls | Toys,16,2,1,3,OPEN,-2,IGNORE,,,https://hibid.com/lot/322873594
170,163,322873595,"Hard Plastic Toddler Doll, Porcelain Dolls (5)","Porcelain Dolls Small 3 In A BoxPorcelain Doll Victorian StylePorcelain Doll,  White Dress, Blue Eyes, Curly Blonde Hair",Toys - Dolls | Toys,6,0,0,2,OPEN,-2,IGNORE,,,https://hibid.com/lot/322873595
171,164,322873596,"Porcelain Dolls On Stands (2), Porcelain Doll W/Br",W/Brown Pigtails(1),Toys - Dolls | Toys,6,0,0,2,OPEN,-2,IGNORE,,,https://hibid.com/lot/322873596
172,165,322873597,"Native American Porcelain Dolls(2), 1950'S Baby Do","1950'S Rubber and Plastic Baby DollPorcelain Native Doll One has A Certificate of Authenticity Limited Edition Ashley Bell Collection ""Bighorse in a box. Other Native Doll is on a stand with no papers",Toys - Dolls | Toys,8,0,0,2,OPEN,3,PRICE-DEPENDENT,farm,,https://hibid.com/lot/322873597
173,166,322873598,Porcelain or Bisque Collector Dolls In Outfits(5),,Toys - Dolls | Toys,5,0,0,2,OPEN,-2,IGNORE,,,https://hibid.com/lot/322873598
174,167,322873599,"Cabbage Patch Kids Doll,Hasbro Baby Wanna Walk Dol","Cabbage Patch Doll - Xavier Roberts Stamped on BottomHasbro Baby Wanna Walk Doll-1991Fabric Doll by MattelPlastic Doll( Barbie like) With a Crocheted Green Dress",Toys - Dolls | Toys,6,2,1,3,OPEN,-2,IGNORE,,,https://hibid.com/lot/322873599
175,168,322873600,Cabbage Patch Kids Dolls (2),Signatures on both dolls bottoms,Toys - Dolls | Toys,5,6,2,7,OPEN,-2,IGNORE,,,https://hibid.com/lot/322873600
176,169,322873601,Cultural  Dolls Dressed In Traditional Attire,Save The Children Collection Soft Dolls (2),Toys - Dolls | Toys,9,0,0,2,OPEN,3,PRICE-DEPENDENT,auto,,https://hibid.com/lot/322873601
177,170,322873602,White Bridal & Victorian Style Porcelain Dolls,,Toys - Dolls | Toys,5,0,0,2,OPEN,-2,IGNORE,,,https://hibid.com/lot/322873602
178,171,322873603,Porcelain Or Bisque Dolls In Boxes 2 W/Certificate,"Danbury Mint (Betsy) Baby Doll With CertificateGreensburo Collection (Caroline) With CertificateDynasty Doll Collection Porcelain Doll NO Certificate",Toys - Dolls | Toys,7,0,0,2,OPEN,-2,IGNORE,,,https://hibid.com/lot/322873603
179,172,322873604,The Ashton Drake Galleries Porcelain Dolls In Box,"Little Bit of Sunshine Baby Doll With CertificateCute As A Button Baby Doll With Certificate",Toys - Dolls | Toys,6,2,1,3,OPEN,2,IGNORE,property,,https://hibid.com/lot/322873604
180,173,322873605,Porcelain Dolls In The Box (3),,Toys - Dolls | Toys,7,0,0,2,OPEN,-2,IGNORE,,,https://hibid.com/lot/322873605
181,174,322873606,"Porcelain Doll In A Wicker Chair, Teddy Bear In A",Wicker Chair,Toys - Dolls | Toys,4,0,0,2,OPEN,-2,IGNORE,,,https://hibid.com/lot/322873606
182,175,322873607,"Rosie Doll, Little Miss April Doll, Danbury Mint D","Rosie Doll In the original box- Vinyl DollLittle Miss April in the original box-PorcelainDanbury Mint Porcelain Kewpie Doll With Papers",Toys - Dolls | Toys,5,2,1,3,OPEN,-2,IGNORE,,,https://hibid.com/lot/322873607
183,176,322873608,GrannyWorld African American Grandmother Doll & Mo,"Ashton Drake African American Porcelain Doll In The Original BoxPorcelain African American Dolls(2)",Toys - Dolls | Toys,7,2,1,3,OPEN,2,IGNORE,property,,https://hibid.com/lot/322873608
184,177,322873609,Crimson Collection Porcelain Dolls In Original Box,All 4 Dolls have Certificates & In Original Boxes,Toys - Dolls | Toys,5,0,0,2,OPEN,-2,IGNORE,,,https://hibid.com/lot/322873609
185,178,322873610,"Victorian Bunny & Chair, Holiday Doll, Porcelain D","Victorian Bunny & Chair In the Original Box16 In Holiday Doll- Lauren With CertificateSeymour Mann Porcelain Doll On A Stand In The Original Box With Certificate",Toys - Dolls | Toys,5,0,0,2,OPEN,-2,IGNORE,,,https://hibid.com/lot/322873610
186,179,322873611,Porcelain Dolls In Original Boxes (4),"Clown Dolls With Curly Blonde Hair and Floral Cheeks (2),Victorian Porcelain Dolls (2)",Toys - Dolls | Toys,4,0,0,2,OPEN,-2,IGNORE,,,https://hibid.com/lot/322873611
187,180,322873612,Ashley Belle Porcelain Dolls (3) In Original Boxes,"Pocohan Doll With CertificateAshley Belle Porcelain Dolls In Orginal Boxes No Certificates (2)",Toys - Dolls | Toys,4,0,0,2,OPEN,-2,IGNORE,,,https://hibid.com/lot/322873612
188,181,322873613,Greensburo & Unique Porcelain Dolls In Boxes(2),,Toys - Dolls | Toys,5,0,0,2,OPEN,-2,IGNORE,,,https://hibid.com/lot/322873613
189,182,322873614,Miniature Doll Sized Red Metal Tricycle,,Toys - Dolls | Toys,5,3,2,4,OPEN,-2,IGNORE,,,https://hibid.com/lot/322873614
190,183,322873615,Ashton Drake Porcelain Dolls(3),"Meagan Rose with certificate (2)Elizabeth Pouty or Sad Porcelain Doll No certificate",Toys - Dolls | Toys,4,0,0,2,OPEN,3,PRICE-DEPENDENT,property,,https://hibid.com/lot/322873615
191,184,322873616,Porcelain Dolls (3),"Aston Drake Galleries- My First Tooth with certificateDynasty Doll- Kara with certificate",Toys - Dolls | Toys,7,0,0,2,OPEN,3,PRICE-DEPENDENT,property,,https://hibid.com/lot/322873616
192,185,322873617,Marilyn Monroe Fashion Doll In The Original Box,Marilyn Monroe The Seven Year Itch Fashion Doll,Toys - Dolls | Toys,6,3,2,4,OPEN,-2,IGNORE,,,https://hibid.com/lot/322873617
193,186,322873618,Barbie's New In The Box (2),"1997 Happy Holidays Barbie 10th Anniversary Special Edition Doll New In Box2003 Mattel Barbie Loves Bugs Bunny New In Box",Toys - Dolls | Toys,7,4,2,5,OPEN,-2,IGNORE,,,https://hibid.com/lot/322873618
194,187,322873619,Dolls in Tote,,Toys - Dolls | Toys,5,0,0,2,OPEN,-2,IGNORE,,,https://hibid.com/lot/322873619
195,188,322873620,Porcelain Dolls(3),,Toys - Dolls | Toys,4,0,0,2,OPEN,-2,IGNORE,,,https://hibid.com/lot/322873620
196,189,322873621,"Puzzles, Greeting Cards, Skip-Bo Card Game","Puzzles-8Greeting Card Boxes-3Skip-Bo-1Roll Of Felt to lay down for puzzles",Toys - Games | Toys,5,2,1,3,OPEN,0,IGNORE,,,https://hibid.com/lot/322873621
197,190,322873622,"Puzzles 1000PC (5), 550PC (1)",,Toys - Games | Toys,3,3,2,4,OPEN,0,IGNORE,,,https://hibid.com/lot/322873622
198,191,322873623,"Winter Tealight Lamps(2), Mini Nativity Figurines","Assorted Greeting Cards, Christmas Tealight Holder, Metal BasketRed Bell Ring HolderCardinal TinChristmas Ornaments",Home Goods & Decor - Home Goods - Lighting - Lamps | Home Goods & Decor - Home Goods - Lighting | Home Goods & Decor - Home Goods | Home Goods & Decor,7,2,1,3,OPEN,-4,IGNORE,,yes,https://hibid.com/lot/322873623
199,192,322873624,Winter Wonderland Enchanted Carnival Decor,,Antiques & Collectibles - Collectibles - Figurines | Antiques & Collectibles - Collectibles | Antiques & Collectibles,7,0,0,2,OPEN,-2,IGNORE,,,https://hibid.com/lot/322873624
200,193,322873625,"Poinsettia Round Box, Tinsel Jack O Lantern","Holiday Basket, Gift Tissue, Poinsettia Round Box, Plastic lidded Holiday Bowl, Red Sparkly Gift Bag, Winter Tealight Holder",Home Goods & Decor - Home Goods - Kitchen / Housewares | Home Goods & Decor - Home Goods | Home Goods & Decor,7,0,0,2,OPEN,5,PRICE-DEPENDENT,shop,,https://hibid.com/lot/322873625
201,194,322873626,"Glass Storage Canister Full Of Buttons, Tin of","Buttons, 2 Small Note PadsFabric BasketEmergency Pre-threaded sewing kit boxes (2)",Home Goods & Decor - Home Goods - Kitchen / Housewares | Home Goods & Decor - Home Goods | Home Goods & Decor,7,2,1,3,OPEN,4,PRICE-DEPENDENT,property,,https://hibid.com/lot/322873626
202,195,322873627,"Dreamsickles Figurines, Christmas Decor","Woven Wicker Snowman Basket and PlanterCeramics, Deck of Cards,Animated plush singing and dancing Santa Claus-needs batteries, Coffee Cup with pine arrangement, Popcorn Tin with a winter scene, Glowing Christmas Plushees Santa(2)",Antiques & Collectibles - Collectibles - Figurines | Antiques & Collectibles - Collectibles | Antiques & Collectibles,8,0,0,2,OPEN,-2,IGNORE,,,https://hibid.com/lot/322873627
203,196,322873628,"Holiday Candle Centerpiece, Porcelain-Faced Clown","Doll, Wicker Baskets(3), Faux Holiday Flowers, Gift Bags",Home Goods & Decor - Home Goods - Kitchen / Housewares | Home Goods & Decor - Home Goods | Home Goods & Decor,6,0,0,2,OPEN,-2,IGNORE,,,https://hibid.com/lot/322873628
204,197,322873629,"Shark Steam Cleaner In A Bag W/Attachments, Iron",Black N Decker Iron,Business & Industrial - Business / Retail - Janitorial - Cleaning Equipment | Business & Industrial - Business / Retail - Janitorial | Business & Industrial - Business / Retail | Business & Industrial,5,2,1,3,OPEN,0,IGNORE,,,https://hibid.com/lot/322873629
205,198,322873630,"Mesh Laundry Hampers, Mesh Laundry Bags, Towel","Blue Plastic Spray Bottle, Dryer Brush, Haan Steamer, GE Iron",Home Goods & Decor - Home Goods - Kitchen / Housewares | Home Goods & Decor - Home Goods | Home Goods & Decor,8,0,0,2,OPEN,5,PRICE-DEPENDENT,auto,,https://hibid.com/lot/322873630
206,199,322873631,Mens Casual Hats (4),,Fashion - Men's Clothing - Dresswear | Fashion - Men's Clothing | Fashion,8,0,0,2,OPEN,0,IGNORE,,,https://hibid.com/lot/322873631
207,200,322873632,"Country CD's, Soundesign AM/FM Radio, CD Holder","Trisonic Audio Head Cleaner Cassette, Standard White 6 Outlet Grounded Wall Tap Adapter",Home Goods & Decor - Home Goods - Music - CDs / Records / Cassettes | Home Goods & Decor - Home Goods | Home Goods & Decor,8,2,1,3,OPEN,0,IGNORE,,,https://hibid.com/lot/322873632
208,201,322873633,"Double Towel Hook, Assorted Coasters","Coasters 3 Styles- Cardboard, Fabric & Acrylic",Home Goods & Decor - Home Goods - Kitchen / Housewares | Home Goods & Decor - Home Goods | Home Goods & Decor,5,0,0,2,OPEN,5,PRICE-DEPENDENT,auto,yes,https://hibid.com/lot/322873633
209,202,322873634,The Spirit Of Kewpies Porcelain Cherubic  Figurine,12 pc by Jesco,Antiques & Collectibles - Collectibles - Figurines | Antiques & Collectibles - Collectibles | Antiques & Collectibles,3,6,3,7,OPEN,-2,IGNORE,,,https://hibid.com/lot/322873634
210,203,322873635,"Earth Breeze Laundry Sheets, Plink, Wood Shelf","Cordless Paper Shredder, Tape, Labels,Staples, Pencil Sharpeners, Scissors, Rubber Easer, Staples, Sharpie, Note Cards, Screwdriver, 6 Outlet grounded wall tap.",Home Goods & Decor - Home Goods - Kitchen / Housewares | Home Goods & Decor - Home Goods | Home Goods & Decor,10,2,1,3,OPEN,0,IGNORE,,,https://hibid.com/lot/322873635
211,204,322873636,"Wahl Dog Clippers(2), Smart Swab, Dog Brush",,Home Goods & Decor - Home Goods - Pet Food & Supplies | Home Goods & Decor - Home Goods | Home Goods & Decor,5,2,1,3,OPEN,0,IGNORE,,,https://hibid.com/lot/322873636
212,205,322873637,"Reusable Shopping Bags, Travel Organizer Set",Duffle Bag,Home Goods & Decor - Home Goods - Kitchen / Housewares | Home Goods & Decor - Home Goods | Home Goods & Decor,4,0,0,2,OPEN,0,IGNORE,,,https://hibid.com/lot/322873637
213,206,322873638,"Wet Shaving Gear, Ceramic Shaving Mugs, Lather Bow","Lather Bowls, Classic Shaving Brushes, Metal Safety Razors(3), Spa Packets, Double Sided Swivel Vanity Mirror",Home Goods & Decor - Home Goods - Bed / Bath Items | Home Goods & Decor - Home Goods | Home Goods & Decor,7,2,1,3,OPEN,4,PRICE-DEPENDENT,shop,,https://hibid.com/lot/322873638
214,207,322873639,"Braun Series 3 Electric Shaver, Blow Dryer 1500W","Back Brace/Support, Curling Iron, Toe Nail Clippers, Athletic Wraps, Lotion, Shoe Laces, Body Spray, Hand Gel, Brut 33 Mens pre shave, Aftershave Conditioner and More",Home Goods & Decor - Home Goods - Bed / Bath Items | Home Goods & Decor - Home Goods | Home Goods & Decor,5,2,1,3,OPEN,0,IGNORE,,,https://hibid.com/lot/322873639
215,208,322873640,"Floral Oval Pictures, Harvest Broom, Apple Napkin",Metal Holder,Home Goods & Decor - Home Goods - Kitchen / Housewares | Home Goods & Decor - Home Goods | Home Goods & Decor,6,2,1,3,OPEN,0,IGNORE,,,https://hibid.com/lot/322873640
216,209,322873641,Woven Wicker Baskets Decorated Wtih Flowers & Fabr,Fabric- 4 Baskets,Home Goods & Decor - Home Goods - Kitchen / Housewares | Home Goods & Decor - Home Goods | Home Goods & Decor,4,0,0,2,OPEN,0,IGNORE,,,https://hibid.com/lot/322873641
217,210,322873642,"Bath Mat(New), Wood Tissue Box Cover, Insoles",,Home Goods & Decor - Home Goods - Bed / Bath Items | Home Goods & Decor - Home Goods | Home Goods & Decor,7,0,0,2,OPEN,0,IGNORE,,,https://hibid.com/lot/322873642
218,211,322873643,"Reusable Bags, Wine Bottle Cooler Bag, Lunch Bag","Small multi compartment travel pouch or neck wallet, Balaclava Fleece In A pouch",Home Goods & Decor - Home Goods - Kitchen / Housewares | Home Goods & Decor - Home Goods | Home Goods & Decor,6,0,0,2,OPEN,0,IGNORE,,,https://hibid.com/lot/322873643
219,212,322873644,Acrylic Paint Color Assortment & Brushes,,Home Goods & Decor - Art & Craft Supplies | Home Goods & Decor,5,3,2,4,OPEN,0,IGNORE,,,https://hibid.com/lot/322873644
220,213,322873645,"Reminisce Christmas Books, Adult Coloring Book","World Atlas, Slow Cooker Recipe Book, Recipe Set Booklet",Antiques & Collectibles - Collectibles - Coloring Books | Antiques & Collectibles - Collectibles | Antiques & Collectibles,5,0,0,2,OPEN,0,IGNORE,,,https://hibid.com/lot/322873645
221,214,322873646,Romance & Romantic Suspense Paperback Novels,,Antiques & Collectibles - Collectibles - Books | Antiques & Collectibles - Collectibles | Antiques & Collectibles,5,0,0,2,OPEN,0,IGNORE,,,https://hibid.com/lot/322873646
222,215,322873647,Paperback Romantic Suspense Novels,Mainly Harlequin Intrigue,Antiques & Collectibles - Collectibles - Books | Antiques & Collectibles - Collectibles | Antiques & Collectibles,9,2,1,3,OPEN,0,IGNORE,,,https://hibid.com/lot/322873647
223,216,322873648,"Paperback Books- Popular Fiction, Romance & Drama",,Antiques & Collectibles - Collectibles - Books | Antiques & Collectibles - Collectibles | Antiques & Collectibles,7,3,2,4,OPEN,0,IGNORE,,,https://hibid.com/lot/322873648
224,217,322873649,Paperback Books Assortment of Romance Novels,,Antiques & Collectibles - Collectibles - Books | Antiques & Collectibles - Collectibles | Antiques & Collectibles,7,0,0,2,OPEN,0,IGNORE,,,https://hibid.com/lot/322873649
225,218,322873650,Assortment of Fiction Novels,"Contemporary Romance, Suspense and Thriller Books",Antiques & Collectibles - Collectibles - Fiction Books | Antiques & Collectibles - Collectibles | Antiques & Collectibles,9,2,1,3,OPEN,0,IGNORE,,,https://hibid.com/lot/322873650
226,219,322873651,Paperback Romance and Fiction Novels,,Antiques & Collectibles - Collectibles - Books | Antiques & Collectibles - Collectibles | Antiques & Collectibles,9,0,0,2,OPEN,0,IGNORE,,,https://hibid.com/lot/322873651
227,220,322873652,Romance & Fiction Paperback Novels,,Antiques & Collectibles - Collectibles - Books | Antiques & Collectibles - Collectibles | Antiques & Collectibles,8,2,1,3,OPEN,0,IGNORE,,,https://hibid.com/lot/322873652
228,221,322873653,Specialty Magazines and Books,,Antiques & Collectibles - Collectibles - Magazines | Antiques & Collectibles - Collectibles | Antiques & Collectibles,6,0,0,2,OPEN,0,IGNORE,,,https://hibid.com/lot/322873653
229,222,322873654,"Medical Self Help Book, Panhandle Favorites Book","Joey and The Birthday Present, Dead Lock Paperback Book",Antiques & Collectibles - Collectibles - Books | Antiques & Collectibles - Collectibles | Antiques & Collectibles,2,0,0,2,OPEN,0,IGNORE,,,https://hibid.com/lot/322873654
230,223,322873655,"Practical Handymans Encyclopedia, Amish Romance",Romance Novels,Antiques & Collectibles - Collectibles - Books | Antiques & Collectibles - Collectibles | Antiques & Collectibles,8,0,0,2,OPEN,0,IGNORE,,,https://hibid.com/lot/322873655
231,224,322873656,Cookbook Assortment,,Antiques & Collectibles - Collectibles - Books | Antiques & Collectibles - Collectibles | Antiques & Collectibles,6,3,2,4,OPEN,0,IGNORE,,,https://hibid.com/lot/322873656
232,225,322873657,"CB Transceiver, Carnival Glass Books, Crosswords","Contemporary Business, Frugal Shoppers List Book, Flea Market Treasures, Readers Digest Condensed Book, What to do in an emergency",Antiques & Collectibles - Collectibles - Books | Antiques & Collectibles - Collectibles | Antiques & Collectibles,7,0,0,2,OPEN,0,IGNORE,,,https://hibid.com/lot/322873657
233,226,322873658,VCR Tapes,,Home Goods & Decor - Home Goods - Movies | Home Goods & Decor - Home Goods | Home Goods & Decor,3,0,0,2,OPEN,0,IGNORE,,,https://hibid.com/lot/322873658
234,227,322873659,"Song Books, Children's Books",,Antiques & Collectibles - Collectibles - Books | Antiques & Collectibles - Collectibles | Antiques & Collectibles,9,0,0,2,OPEN,0,IGNORE,,,https://hibid.com/lot/322873659
235,228,322873660,Hard and Softcover Cookbooks,,Antiques & Collectibles - Collectibles - Books | Antiques & Collectibles - Collectibles | Antiques & Collectibles,5,3,2,4,OPEN,0,IGNORE,,,https://hibid.com/lot/322873660
236,229,322873661,"Cassette Tapes, Notepad, Magazine",,Home Goods & Decor - Home Goods - Music - CDs / Records / Cassettes | Home Goods & Decor - Home Goods | Home Goods & Decor,6,0,0,2,OPEN,0,IGNORE,,,https://hibid.com/lot/322873661
237,230,322873662,"Essential Knowledge, Family Legal Advisor Books","Across The Blue Bridge, Cluny Brown, Webster's Dictionary, Betsy & Billy, Recipe Book and More",Antiques & Collectibles - Collectibles - Cook Books | Antiques & Collectibles - Collectibles | Antiques & Collectibles,4,0,0,2,OPEN,0,IGNORE,,,https://hibid.com/lot/322873662
238,231,322873663,"Albums, Elvis Christmas Album, 45's Records",,Home Goods & Decor - Home Goods - Music - CDs / Records / Cassettes | Home Goods & Decor - Home Goods | Home Goods & Decor,9,2,1,3,OPEN,0,IGNORE,,,https://hibid.com/lot/322873663
239,231B,322873664,Records,,Home Goods & Decor - Home Goods - Music - CDs / Records / Cassettes | Home Goods & Decor - Home Goods | Home Goods & Decor,5,3,2,4,OPEN,0,IGNORE,,,https://hibid.com/lot/322873664
240,232,322873695,Children's Educational Books From ValueTales,,Antiques & Collectibles - Collectibles - Childrens Books | Antiques & Collectibles - Collectibles | Antiques & Collectibles,11,0,0,2,OPEN,0,IGNORE,,,https://hibid.com/lot/322873695
241,233,322873702,CD's & 8 Tracks In A Case,,Home Goods & Decor - Home Goods - Music - CDs / Records / Cassettes | Home Goods & Decor - Home Goods | Home Goods & Decor,12,5,4,6,OPEN,0,IGNORE,,,https://hibid.com/lot/322873702
242,234,322873708,Assortment Of Paperback Romance Novels,,Antiques & Collectibles - Collectibles - Books | Antiques & Collectibles - Collectibles | Antiques & Collectibles,11,0,0,2,OPEN,0,IGNORE,,,https://hibid.com/lot/322873708
243,235,322873713,"50 State Postcards, Assorted Paperback Books",,Antiques & Collectibles - Collectibles - Books | Antiques & Collectibles - Collectibles | Antiques & Collectibles,6,0,0,2,OPEN,0,REVIEW,,yes,https://hibid.com/lot/322873713
244,236,322873719,"Medical, Health and Reference Books",,Antiques & Collectibles - Collectibles - Books | Antiques & Collectibles - Collectibles | Antiques & Collectibles,7,0,0,2,OPEN,0,IGNORE,,,https://hibid.com/lot/322873719
245,237,322873724,Paperback Romance Novels,,Antiques & Collectibles - Collectibles - Books | Antiques & Collectibles - Collectibles | Antiques & Collectibles,9,0,0,2,OPEN,0,IGNORE,,,https://hibid.com/lot/322873724
246,238,322873730,Fiction & Romance Novels Hardcover and Paperback,,Antiques & Collectibles - Collectibles - Books | Antiques & Collectibles - Collectibles | Antiques & Collectibles,7,0,0,2,OPEN,0,IGNORE,,,https://hibid.com/lot/322873730
247,239,322873736,"Microfiber Duster, Table Runner, Nylon Scarves, Ha","Handkerchief's, Cream colored crochet lace doily, Crochet hot pad, Holiday hand towel, Small wicker basket",Home Goods & Decor - Home Goods - Linens / Curtains | Home Goods & Decor - Home Goods | Home Goods & Decor,6,2,1,3,OPEN,4,PRICE-DEPENDENT,auto,,https://hibid.com/lot/322873736
248,240,322873743,"Table Runners, Crocheted Doilies, Handkerchiefs","Cream Color Lace Valance 1pr, Cream Color Shear Curtains 1pr, Tea Towel with Dogs on it",Home Goods & Decor - Home Goods - Linens / Curtains | Home Goods & Decor - Home Goods | Home Goods & Decor,6,3,2,4,OPEN,4,PRICE-DEPENDENT,auto,,https://hibid.com/lot/322873743
249,241,322873748,Household Cleaning and Maintenance Products,"Resolve Carpet CleanerScrubbing Bubbles, Tilex, Caulk Remover, Mr. Clean, Dial Liquid Soap, Clean Shower, Sno-bol, Sponges, Wipes and MoreCleaners are not full",Business & Industrial - Business / Retail - Janitorial - Cleaners / Cleaning Supplies | Business & Industrial - Business / Retail - Janitorial | Business & Industrial - Business / Retail | Business & Industrial,6,2,1,3,OPEN,0,IGNORE,,,https://hibid.com/lot/322873748
250,242,322873778,"Fabric Tablecloths(3), Round Lace Tablecloth,",Seat and Arm cover- Green,Home Goods & Decor - Home Goods - Linens / Curtains | Home Goods & Decor - Home Goods | Home Goods & Decor,5,2,1,3,OPEN,0,IGNORE,,,https://hibid.com/lot/322873778
251,243,322873780,"Bath Mat, 4 Green Placemats, Drying Mats(2), Rug",,Home Goods & Decor - Home Goods - Bed / Bath Items | Home Goods & Decor - Home Goods | Home Goods & Decor,7,0,0,2,OPEN,0,IGNORE,,,https://hibid.com/lot/322873780
252,244,322873783,"4-Pronged Mobility Quad Cane, Wooden Canes (3)",,Business & Industrial - Medical Supplies / Lab Equipment | Business & Industrial,3,2,1,3,OPEN,0,IGNORE,,,https://hibid.com/lot/322873783
253,245,322873788,"Shower Seat, N95 Masks,Bath Scales,Pedicure Paddle","NexTemp Ultra Disposible Thermometers, Single Use Protective Masks partial box,",Home Goods & Decor - Home Goods - Bed / Bath Items | Home Goods & Decor - Home Goods | Home Goods & Decor,4,0,0,2,OPEN,0,IGNORE,,,https://hibid.com/lot/322873788
254,247,322873794,Nintendo Wii Balance Board,,Computers & Electronics - Consumer Electronics - Video Games - Games | Computers & Electronics - Consumer Electronics - Video Games | Computers & Electronics - Consumer Electronics | Computers & Electronics,6,0,0,2,OPEN,0,IGNORE,,,https://hibid.com/lot/322873794
255,248,322873799,"Plastic & Vinyl Doll Parts, Paper Doilies, Minnie",Mouse Paper Center Piece,Toys - Dolls | Toys,5,0,0,2,OPEN,-2,IGNORE,,,https://hibid.com/lot/322873799
256,249,322873805,"Resin Fairy Figure Climbing A Metal Flower Stem, F","Frames- Metal and Glass, Fabric Victorian Frames, Wood Desk Display Stand",Antiques & Collectibles - Collectibles - Figurines | Antiques & Collectibles - Collectibles | Antiques & Collectibles,8,2,1,3,OPEN,-2,IGNORE,,,https://hibid.com/lot/322873805
257,250,322873811,"Handled Glass Bottle W/Cork, Glass Vases, Glass Ca","Candle Holders, Taper Candles(3), Glass Container with metal handle fill with assorted colorful glass stones",Home Goods & Decor - Home Goods - Kitchen / Housewares | Home Goods & Decor - Home Goods | Home Goods & Decor,7,0,0,2,OPEN,0,REVIEW,,yes,https://hibid.com/lot/322873811
258,251,322873817,"Disney Minnie Mouse Desk Telephone, Green Rotary P","Phone, Mickey Mouse Aluminum Metal Trivet",Antiques & Collectibles - Collectibles - Phones | Antiques & Collectibles - Collectibles | Antiques & Collectibles,7,8,4,9,OPEN,0,IGNORE,,,https://hibid.com/lot/322873817
259,252,322873820,"Winter Scene Tapestry W/Deer, Curtain Valence, Tab","Table Runner Embroidered, Fabric With Blue Flowers",Home Goods & Decor - Home Goods - Linens / Curtains | Home Goods & Decor - Home Goods | Home Goods & Decor,5,2,1,3,OPEN,0,IGNORE,,,https://hibid.com/lot/322873820
260,253,322873864,"Lap Desk,Samsonite Laptop Briefcase Messenger Bag",Lumbar Support Cushion,Furniture - Desks / Home Office | Furniture,8,0,0,2,OPEN,0,IGNORE,,,https://hibid.com/lot/322873864
261,254,322873866,"Purses(9), Men's Brown Wallet, Beach Bag",,Fashion - Women's Bags & Purses | Fashion,10,0,0,2,OPEN,0,IGNORE,,,https://hibid.com/lot/322873866
262,255,322873868,"Dockers Overnight Bag, Duffle Bag, Purse, Tote Bag",,Fashion - Women's Bags & Purses | Fashion,9,0,0,2,OPEN,0,IGNORE,,,https://hibid.com/lot/322873868
263,256,322873871,"Assorted Picture Frames Wood, Metal, Many Sizes",,Home Goods & Decor - Home Goods - Kitchen / Housewares | Home Goods & Decor - Home Goods | Home Goods & Decor,8,2,1,3,OPEN,0,REVIEW,,yes,https://hibid.com/lot/322873871
264,257,322873873,5x7 Wood Picture Frames (7),,Art - Prints / Lithographs | Art,5,0,0,2,OPEN,0,IGNORE,,,https://hibid.com/lot/322873873
265,258,322873876,"Framed Art Prints, Ceramic Shoe,Gold Tone Music B","Box Piano Shaped, Silver 8x10 Frame, Gold Frames (2), Push Button Solid Brass",Art - Prints / Lithographs | Art,8,3,2,4,OPEN,0,IGNORE,,,https://hibid.com/lot/322873876
266,259,322873879,Picture Frames Assorted Sizes,,Art - Prints / Lithographs | Art,5,0,0,2,OPEN,0,REVIEW,,yes,https://hibid.com/lot/322873879
267,260,322873882,Praying Children Wall Art Prints In Ornate Cast Me,Metal Oval Frames,Art - Prints / Lithographs | Art,9,8,6,9,OPEN,0,IGNORE,,,https://hibid.com/lot/322873882
268,261,322873884,Picture Frames Assorted Styles and Sizes(12),,Art - Prints / Lithographs | Art,6,0,0,2,OPEN,0,REVIEW,,yes,https://hibid.com/lot/322873884
269,262,322873886,Sunbeam Fleece Heated Throw New,,Home Goods & Decor - Home Goods - Bed / Bath Items | Home Goods & Decor - Home Goods | Home Goods & Decor,6,6,5,7,OPEN,0,IGNORE,,,https://hibid.com/lot/322873886
270,263,322873906,12V Heated Travel Throw,,Home Goods & Decor - Home Goods - Bed / Bath Items | Home Goods & Decor - Home Goods | Home Goods & Decor,6,4,3,5,OPEN,0,IGNORE,,,https://hibid.com/lot/322873906
271,264,322873909,Hitachi VHS Video Camcorder In Orginal Case W/Manu,W/Manual,Computers & Electronics - Consumer Electronics - Camcorders | Computers & Electronics - Consumer Electronics | Computers & Electronics,6,2,1,3,OPEN,0,IGNORE,,,https://hibid.com/lot/322873909
272,265,322873912,"Chair Back Massager, ResMed AirSence CPap Machines",Adjustable Back Braces/Supports(2),Business & Industrial - Medical Supplies / Lab Equipment | Business & Industrial,7,2,1,3,OPEN,0,IGNORE,,,https://hibid.com/lot/322873912
273,266,322873915,"Various Belts, Sweatshirts(2), Bike Rally","T-Shirt, Vintage Eye Glasses",Fashion - Men's Clothing - Tops | Fashion - Men's Clothing | Fashion,11,5,3,6,OPEN,0,IGNORE,,,https://hibid.com/lot/322873915
274,267,322873918,"Hearth Rug, Small Apron, Doilies",,Home Goods & Decor - Home Goods - Linens / Curtains | Home Goods & Decor - Home Goods | Home Goods & Decor,6,2,1,3,OPEN,0,IGNORE,,,https://hibid.com/lot/322873918
275,268,322873921,"Lace Table Cloths, Handmade Slippers(2)",,Home Goods & Decor - Home Goods - Linens / Curtains | Home Goods & Decor - Home Goods | Home Goods & Decor,5,2,1,3,OPEN,0,IGNORE,,,https://hibid.com/lot/322873921
276,269,322873925,Hand Sewn Pillow Cases,,Home Goods & Decor - Home Goods - Bed / Bath Items | Home Goods & Decor - Home Goods | Home Goods & Decor,6,6,4,7,OPEN,0,IGNORE,,,https://hibid.com/lot/322873925
277,270,322873928,"Cloud  Leather Slippers(7), Ladies Shoes,Purse","Hotsox Grain Shoulder PackShoes are 1pr of Loafers,",Fashion - Women's Shoes - Slippers | Fashion - Women's Shoes | Fashion,7,2,1,3,OPEN,0,IGNORE,,,https://hibid.com/lot/322873928
278,271,322873932,"Fabric Table Cloths, White Lightweight Fabric",,Business & Industrial - Restaurant / Food Industry - Linens / Table Covers | Business & Industrial - Restaurant / Food Industry | Business & Industrial,6,2,1,3,OPEN,0,IGNORE,,,https://hibid.com/lot/322873932
279,272,322873936,"Multicorored Plaid Pattern Table Cloth, Blue & Whi","Blue & White Fabric Table Cloth,Framed Wall Art(2) Cross Stitch piece Featuring A Rooster",Home Goods & Decor - Home Goods - Linens / Curtains | Home Goods & Decor - Home Goods | Home Goods & Decor,6,0,0,2,OPEN,0,IGNORE,,,https://hibid.com/lot/322873936
280,273,322873965,"Sumner,MI Centennial Plates, Sumner Commemorative","items- Booklets, Sumner Hardware, Sumner Daze Car Show Plaque, Sumner Red Paperweight",Antiques & Collectibles - Collectibles - Kitchen / Home | Antiques & Collectibles - Collectibles | Antiques & Collectibles,6,0,0,2,OPEN,3,PRICE-DEPENDENT,shop,,https://hibid.com/lot/322873965
281,274,322873969,TY Beanie Babies In Acrylic Display Cases (3),"Purple ""Princess"""" BearGreen ""Erin"" Bear1997 Teddy With Santa HatALL HAVE TAGS",Toys - Bears / Stuffed Animals | Toys,4,0,0,2,OPEN,-2,IGNORE,,,https://hibid.com/lot/322873969
282,275,322873974,"Mother Plaque, Picture Frames Assorted Sizes/Style",,Art - Prints / Lithographs | Art,5,0,0,2,OPEN,0,REVIEW,,yes,https://hibid.com/lot/322873974
283,276,322873979,"Tablletop Lamp, Tabletop Swivel Vanity Piece",Vanity Piece Missing The Mirror,Home Goods & Decor - Home Goods - Lighting - Lamps | Home Goods & Decor - Home Goods - Lighting | Home Goods & Decor - Home Goods | Home Goods & Decor,6,0,0,2,OPEN,0,IGNORE,,,https://hibid.com/lot/322873979
284,277,322873984,"Ceramic Horse Head Bookends, Horseshoe Shaped Trin",Trinket Dish Cast Iron,Art - Sculptures / Carvings / Statues | Art,8,9,6,10,OPEN,4,PRICE-DEPENDENT,farm,,https://hibid.com/lot/322873984
285,278,322873989,Ceramic Pitcher and Matching Bowl Set W/Faux,Flowers,Home Goods & Decor - Home Goods - Kitchen / Housewares | Home Goods & Decor - Home Goods | Home Goods & Decor,7,0,0,2,OPEN,0,IGNORE,,,https://hibid.com/lot/322873989
286,279,322873994,"Wood Fork & Spoon Wall Decor, Key Shaped Keyholder",Key Shaped Keyholder is Wood,Home Goods & Decor - Home Goods - Kitchen / Housewares | Home Goods & Decor - Home Goods | Home Goods & Decor,7,4,3,5,OPEN,0,IGNORE,,,https://hibid.com/lot/322873994
287,280,322874000,"Coral Specimen Beach Decor, Sea Shells, Vases(4)",,Home Goods & Decor - Home Goods - Kitchen / Housewares | Home Goods & Decor - Home Goods | Home Goods & Decor,5,2,1,3,OPEN,0,IGNORE,,,https://hibid.com/lot/322874000
288,281,322874004,"Coffee Cups, Tumblers, Shot Glasses,Wine Glass",Honey Whip Jar,Home Goods & Decor - Home Goods - Kitchen / Housewares | Home Goods & Decor - Home Goods | Home Goods & Decor,10,0,0,2,OPEN,0,IGNORE,,,https://hibid.com/lot/322874004
289,282,322874008,"Conair Shiatsu Neck Massager, Infra-red Massager",Smartek RazorTek Clothes Shaver and Fabric Lint Remover,Home Goods & Decor - Home Goods - Bed / Bath Items | Home Goods & Decor - Home Goods | Home Goods & Decor,7,0,0,2,OPEN,0,IGNORE,,,https://hibid.com/lot/322874008
290,283,322874032,"Cedar Trinket Box, Wood Jewerly Box, Wood Tissue C",Cover,Home Goods & Decor - Home Goods - Kitchen / Housewares | Home Goods & Decor - Home Goods | Home Goods & Decor,11,3,2,4,OPEN,0,IGNORE,,,https://hibid.com/lot/322874032
291,284,322874033,"Ceramic Planters(6), Wicker Baskets, Faux Flowers",,Antiques & Collectibles - Collectibles - Decorative - Planters | Antiques & Collectibles - Collectibles - Decorative | Antiques & Collectibles - Collectibles | Antiques & Collectibles,6,2,1,3,OPEN,0,IGNORE,,,https://hibid.com/lot/322874033
292,285,322874034,"Handled Ceramic Ewer, Grey Patterned Vase W/Faux","Flowers. Wood Plaque- Never Marry for Money you can barrow it cheaperCeramic Ewer has a chip on the bottom",Antiques & Collectibles - Collectibles - Decorative - Vases / Jars | Antiques & Collectibles - Collectibles - Decorative | Antiques & Collectibles - Collectibles | Antiques & Collectibles,6,2,1,3,OPEN,0,IGNORE,,,https://hibid.com/lot/322874034
293,286,322874035,"Dear God Kids Musical Figurine, Angel Of Hope","bisque porcelain Candle Holder Figurine From Partylite, Nativity Figurines",Antiques & Collectibles - Collectibles - Figurines | Antiques & Collectibles - Collectibles | Antiques & Collectibles,7,0,0,2,OPEN,-2,IGNORE,,,https://hibid.com/lot/322874035
294,287,322874036,"Folk Art Shelf Sitter Cow Doll, Wood Sitting Cow F",Figurines,Antiques & Collectibles - Collectibles - Figurines | Antiques & Collectibles - Collectibles | Antiques & Collectibles,6,4,3,5,OPEN,-4,IGNORE,,,https://hibid.com/lot/322874036
295,288,322874037,Ceramic and Porcelain Animal Figurines(6),"Dogs, Cat",Antiques & Collectibles - Collectibles - Figurines | Antiques & Collectibles - Collectibles | Antiques & Collectibles,5,2,1,3,OPEN,-2,IGNORE,,,https://hibid.com/lot/322874037
296,289,322874038,Ceramic and Porcelain Souvenir & Decorative Hand B,Bells(7),Antiques & Collectibles - Collectibles - Kitchen / Home | Antiques & Collectibles - Collectibles | Antiques & Collectibles,4,2,1,3,OPEN,0,IGNORE,,,https://hibid.com/lot/322874038
297,290,322874039,"Glass Basket & Hand Bells(3), Bells(2)",,Home Goods & Decor - Home Goods - Kitchen / Housewares | Home Goods & Decor - Home Goods | Home Goods & Decor,4,2,1,3,OPEN,0,IGNORE,,,https://hibid.com/lot/322874039
298,291,322874040,"Ornate Floral Cross, Kneeling Angel,Wooden House","Shaped CD Storage Cabinet or Media Tower, Geometric Art Glass Canle Holder -Tealight",Home Goods & Decor - Home Goods - Kitchen / Housewares | Home Goods & Decor - Home Goods | Home Goods & Decor,9,0,0,2,OPEN,11,STRONG TARGET,auto|property,,https://hibid.com/lot/322874040
299,292,322874041,"Cut Glass Candle Lamp, White Milk Glass Vase & Ped","Pedestal Bowl with Scalloped Edge, Clear Glass Bud Vase With Faux Flowers",Home Goods & Decor - Home Goods - Lighting - Lamps | Home Goods & Decor - Home Goods - Lighting | Home Goods & Decor - Home Goods | Home Goods & Decor,4,0,0,2,OPEN,0,IGNORE,,,https://hibid.com/lot/322874041
300,293,322874042,"Greenville, MI Church Plate, Copper Mini Watering","Can, Minature Ceramic Tea or Coffee Set,Ceramic Bunny, Vase, Glass Ashtray,Resin Bear FigurinesChurch Plater-First Congregational Church Dinner Size Plate- Greenville, MI",Antiques & Collectibles - Collectibles - Decorative - Plates | Antiques & Collectibles - Collectibles - Decorative | Antiques & Collectibles - Collectibles | Antiques & Collectibles,8,0,0,2,OPEN,-4,IGNORE,,,https://hibid.com/lot/322874042
301,294,322874043,"Porcelain Mantel Clock, Blue /WFigurinehite",,Home Goods & Decor - Home Goods - Clocks | Home Goods & Decor - Home Goods | Home Goods & Decor,11,3,2,4,OPEN,-2,IGNORE,,,https://hibid.com/lot/322874043
302,295,322874044,"Decorative Cutting Board,Wooden Wall Hook W/Painte",Painted Wood Butterflys(2),Home Goods & Decor - Home Goods - Kitchen / Housewares | Home Goods & Decor - Home Goods | Home Goods & Decor,4,0,0,2,OPEN,0,IGNORE,,,https://hibid.com/lot/322874044
303,296,322874045,Waxwel Paraffin Heat Treatment Bath,,Home Goods & Decor - Home Goods - Bed / Bath Items | Home Goods & Decor - Home Goods | Home Goods & Decor,6,2,1,3,OPEN,0,IGNORE,,,https://hibid.com/lot/322874045
304,297,322874046,"Decorative Glass Vases(2), With Faux Flowers","Light Blue and White Opalescent/Slag Glass Ruffled Vase, Dark Teal/Blue Footed Glass Vase",Antiques & Collectibles - Collectibles - Blue Glass | Antiques & Collectibles - Collectibles | Antiques & Collectibles,4,2,1,3,OPEN,0,IGNORE,,,https://hibid.com/lot/322874046
305,298,322874047,"Avocado Green Hobnail Swung Vase, Amethyst Vase",Faux Flowers Yellow Roses,Antiques & Collectibles - Collectibles - Decorative - Vases / Jars | Antiques & Collectibles - Collectibles - Decorative | Antiques & Collectibles - Collectibles | Antiques & Collectibles,6,21,9,22,OPEN,0,IGNORE,,,https://hibid.com/lot/322874047
306,299,322874048,Pool/Hot Tub/Spa Chemicals,,Sporting Goods - Camping | Sporting Goods,4,0,0,2,OPEN,0,IGNORE,,,https://hibid.com/lot/322874048
307,300,322874049,"Pool & Spa Test Kit,Filters, Spa Chemicals",,Sporting Goods - Sporting Goods / Outdoor Recreation - Outdoor Games & Sports Equipment | Sporting Goods - Sporting Goods / Outdoor Recreation | Sporting Goods,4,0,0,2,OPEN,0,IGNORE,,,https://hibid.com/lot/322874049
308,301,322874050,"Framed Artwork,Wooden Mouse Figurine, Liberty Bell",Liberty Bell  Replica in a Acrylic Box- Lake Osceola State Bank Promotional Give Away,Art - Prints / Lithographs | Art,13,2,1,3,OPEN,-2,IGNORE,,,https://hibid.com/lot/322874050
309,302,322874051,"Clear Bud Vases, Pineapole shaped Vase, Green Cera","Ceramic Propagation Vase, Small Glass lamp shade",Antiques & Collectibles - Collectibles - Decorative - Vases / Jars | Antiques & Collectibles - Collectibles - Decorative | Antiques & Collectibles - Collectibles | Antiques & Collectibles,6,0,0,2,OPEN,0,IGNORE,,,https://hibid.com/lot/322874051
310,303,322874052,"Classic TinkerToy, Aggravation,Baseball Dart Board",,Toys - Games | Toys,9,0,0,2,OPEN,0,IGNORE,,,https://hibid.com/lot/322874052
311,304,322874053,"Hand Weights 5lbs(2), 15Lb(1)",,Sporting Goods - Sporting Goods / Outdoor Recreation - Fitness & Exercise Equipment | Sporting Goods - Sporting Goods / Outdoor Recreation | Sporting Goods,5,2,1,3,OPEN,0,IGNORE,,,https://hibid.com/lot/322874053
312,305,322874054,Hand Painted Ceramic Angel Figurines(5),,Antiques & Collectibles - Collectibles - Figurines | Antiques & Collectibles - Collectibles | Antiques & Collectibles,5,3,2,4,OPEN,-2,IGNORE,,,https://hibid.com/lot/322874054
313,306,322874055,Rooster Themed Decor Items,"Metal rooster PlaqueStanding Rooster Figurine-Red Comb needs glued.Rooster Light Switch CoverTurkey Napkin Holder",Home Goods & Decor - Home Goods - Kitchen / Housewares | Home Goods & Decor - Home Goods | Home Goods & Decor,10,2,1,3,OPEN,-2,IGNORE,,,https://hibid.com/lot/322874055
314,307,322874056,Stuffed Bears,,Toys - Bears / Stuffed Animals | Toys,4,0,0,2,OPEN,-2,IGNORE,,,https://hibid.com/lot/322874056
315,308,322874057,"Polly Pocket Toys, Mega Bloks Mr. Piano Musical To","Toy, Wooden Folk Art Circus Cage Wagon",Toys - Vintage / Antique Toys | Toys,9,2,1,3,OPEN,0,IGNORE,,,https://hibid.com/lot/322874057
316,309,322874058,"Namco 5 N 1 Plug & Play TV Game, TY Teenie Turtle","Smurf Toy,Push Along Toy Vehicles",Computers & Electronics - Consumer Electronics - Video Games - Games | Computers & Electronics - Consumer Electronics - Video Games | Computers & Electronics - Consumer Electronics | Computers & Electronics,8,0,0,2,OPEN,5,PRICE-DEPENDENT,auto,,https://hibid.com/lot/322874058
317,310,322874059,"Toysmith Galaxy, Wooden String Puppet, Plakie Ratt","Rattle Doll, Diecast Vechiles(3)",Toys - Vintage / Antique Toys | Toys,5,0,0,2,OPEN,-2,IGNORE,,,https://hibid.com/lot/322874059
318,311,322874060,"Celluloid Baby Doll Wearing A Crochet Dress, Sling","High Velocity Folding Slingshot(broken), Plastic Toys- Bambi, Buzz Lightyear, Motorcycle, Bouncing balls",Toys - Dolls | Toys,5,0,0,2,OPEN,3,PRICE-DEPENDENT,auto,,https://hibid.com/lot/322874060
319,312,322874061,"Plush Mini Mouse Doll, Small Wood Cradle,Gorilla","Magogo Macarena Gorilla Plush Toy,, Yaps Plastic Musical Carousel Music Box-DOES NOT PLAY MUSIC",Toys - Bears / Stuffed Animals | Toys,8,0,0,2,OPEN,-4,IGNORE,,,https://hibid.com/lot/322874061
320,313,322874062,Clear Art Glass Figurines (4),"Tree top is chipped offSwanBird With Raised Wings3D Laser Etched Glass Cube with a wood base to sit on",Art - Glass Art | Art,5,2,1,3,OPEN,-2,IGNORE,,,https://hibid.com/lot/322874062
321,314,322874063,"White Ceramic Cat Figurines(7),Cactus Piece",One of the Cats needs leg glued/Fixed,Antiques & Collectibles - Collectibles - Figurines | Antiques & Collectibles - Collectibles | Antiques & Collectibles,4,4,2,5,OPEN,-2,IGNORE,,,https://hibid.com/lot/322874063
322,315,322874064,"A&W Root Beer Glassware- Heavy Mugs(2), Tumbler",,Home Goods & Decor - Home Goods - Kitchen / Housewares | Home Goods & Decor - Home Goods | Home Goods & Decor,4,3,2,4,OPEN,0,IGNORE,,,https://hibid.com/lot/322874064
323,316,322874065,"Metal Candle Lantern, Ceramic Pig Figurines(3)",,Antiques & Collectibles - Collectibles - Figurines | Antiques & Collectibles - Collectibles | Antiques & Collectibles,6,2,1,3,OPEN,-2,IGNORE,,,https://hibid.com/lot/322874065
324,317,322874066,"Stoneware Ceramic Bell, Stoneware Vessels","2 Tone Glazed Pitcher, Stoneware Jug, Tall Necked White Ceramic Vase -Cracked at rim",Antiques & Collectibles - Collectibles - Kitchen / Home | Antiques & Collectibles - Collectibles | Antiques & Collectibles,7,0,0,2,OPEN,0,IGNORE,,,https://hibid.com/lot/322874066
325,318,322874067,"Oster Gentle Paws Trimmer,,Dog Bed, Container W/Li",With Lid- Plastic,Home Goods & Decor - Home Goods - Pet Food & Supplies | Home Goods & Decor - Home Goods | Home Goods & Decor,6,2,1,3,OPEN,0,IGNORE,,,https://hibid.com/lot/322874067
326,319,322874068,"LED 60Watt Bulbs,Surge Protector, Speed Out Screw","stractor, Cable, 25 Ft Tape Measure, Lime Green Duct Tape, Runvan Winch, Grounding Adapter",Home Goods & Decor - Home Goods - Lighting - Light Bulbs | Home Goods & Decor - Home Goods - Lighting | Home Goods & Decor - Home Goods | Home Goods & Decor,4,0,0,2,OPEN,5,PRICE-DEPENDENT,farm,,https://hibid.com/lot/322874068
327,320,322874069,Magnavox DVD Player W/Remote and AV Cables,,Computers & Electronics - Consumer Electronics - Blu-ray / DVD Players | Computers & Electronics - Consumer Electronics | Computers & Electronics,4,2,1,3,OPEN,0,IGNORE,,,https://hibid.com/lot/322874069
328,321,322874070,JCPenney 4 In One Stereo System W/Speakers,"AM/FM Tuner, 8 Track Player/Recorder, Cassette Deck and Turntable",Computers & Electronics - Consumer Electronics - Home Audio - Speakers | Computers & Electronics - Consumer Electronics - Home Audio | Computers & Electronics - Consumer Electronics | Computers & Electronics,8,4,3,5,OPEN,0,IGNORE,,,https://hibid.com/lot/322874070
329,322,322874071,Kodak Party Flash II Instant Film Camera,,Computers & Electronics - Cameras & Camera Accessories - Cameras | Computers & Electronics - Cameras & Camera Accessories | Computers & Electronics,5,2,1,3,OPEN,0,IGNORE,,,https://hibid.com/lot/322874071
330,323,322874072,"Samsung VCR, VHS Video Cassette Player/Recorder",,Home Goods & Decor - Home Goods - Music - CDs / Records / Cassettes | Home Goods & Decor - Home Goods | Home Goods & Decor,8,5,5,6,OPEN,0,IGNORE,,,https://hibid.com/lot/322874072
331,324,322874073,Plastic Toy Police Motorcycle,Kickstand needs repaired/glued on kickstand,Toys - Vintage / Antique Toys | Toys,7,4,3,5,OPEN,4,PRICE-DEPENDENT,auto,,https://hibid.com/lot/322874073
332,325,322874074,Toy Model Motorcycles (2),,Toys - Vintage / Antique Toys | Toys,11,2,1,3,OPEN,4,PRICE-DEPENDENT,auto,,https://hibid.com/lot/322874074
333,326,322874075,"Chruch Candle Lantern, Brass Tropical Angelfish","Wall Hangings,Small manger Figurine",Home Goods & Decor - Home Goods - Kitchen / Housewares | Home Goods & Decor - Home Goods | Home Goods & Decor,6,4,2,5,OPEN,-2,IGNORE,,,https://hibid.com/lot/322874075
334,327,322874076,"Ceramic Owls,Lighthouse Souvenir, Glass Ashtray","Russ Berrie- I Love You This Much Figurine, A Couple Figurine, Ceramic Music Box Figurine of a Victorian Lady- It Works-She has a chip on her hat",Antiques & Collectibles - Collectibles - Figurines | Antiques & Collectibles - Collectibles | Antiques & Collectibles,7,3,2,4,OPEN,-2,IGNORE,,,https://hibid.com/lot/322874076
335,328,322874077,Avon Garden Girl Sweet Honesty Cologne Bottles,"Avon Girl- Both have perfume in them3 FigurinesSkunk BearBlack Poodle",Antiques & Collectibles - Collectibles - Figurines | Antiques & Collectibles - Collectibles | Antiques & Collectibles,5,2,1,3,OPEN,2,IGNORE,property,,https://hibid.com/lot/322874077
336,329,322874078,"Apple Stoneware Candle, Apple Decorated Candle On","A Metal Holder, Tin With Lid",Home Goods & Decor - Home Goods - Kitchen / Housewares | Home Goods & Decor - Home Goods | Home Goods & Decor,7,0,0,2,OPEN,0,IGNORE,,,https://hibid.com/lot/322874078
337,330,322874079,Footed Tulip Ice Cream Sundae Dishes (4),,Home Goods & Decor - Home Goods - Kitchen / Housewares | Home Goods & Decor - Home Goods | Home Goods & Decor,5,0,0,2,OPEN,0,IGNORE,,,https://hibid.com/lot/322874079
338,331,322874080,"Metal Candlestick Holders(3), Bisque Dove Figurine","Dove Figurines(2), Metal Tin Basket",Antiques & Collectibles - Collectibles - Figurines | Antiques & Collectibles - Collectibles | Antiques & Collectibles,9,2,1,3,OPEN,-2,IGNORE,,,https://hibid.com/lot/322874080
339,332,322874081,"Holiday Quilted Towel, Rooster Cross Stitch Kit","Candle Holder With Metal Handle, Assorted Candles",Home Goods & Decor - Home Goods - Kitchen / Housewares | Home Goods & Decor - Home Goods | Home Goods & Decor,5,0,0,2,OPEN,5,PRICE-DEPENDENT,auto,yes,https://hibid.com/lot/322874081
340,333,322874082,"Decorative Plates,Bells,Trinket Tray, Figurines, S","Salt and Pepper Shaker Sets(2), Minature Ceramic Souvenir Pitcher and Saucer Sets, Miniature Souvenir Tea Cup and Saucer Sets and More---Natural Bridge VA Cup Chipped",Antiques & Collectibles - Collectibles - Kitchen / Home | Antiques & Collectibles - Collectibles | Antiques & Collectibles,7,3,2,4,OPEN,-4,IGNORE,,,https://hibid.com/lot/322874082
341,334,322874083,Glass Fruit/Veggies In A Wicker Basket,,Home Goods & Decor - Home Goods - Kitchen / Housewares | Home Goods & Decor - Home Goods | Home Goods & Decor,6,6,3,7,OPEN,0,IGNORE,,,https://hibid.com/lot/322874083
342,335,322874084,"Wooden Sign, Fly Swatters, Long Spring","Adjustable Wrench and Plier Combo, Furniture Dinning Room Chair Protectors, Latch Hook Tool, Glass Cutter, Car Sun visor  Organizers(2), Screwdriver",Lawn & Garden - Tools/Hand held items - Hand Tools | Lawn & Garden - Tools/Hand held items | Lawn & Garden,8,0,0,2,OPEN,11,STRONG TARGET,shop|property,,https://hibid.com/lot/322874084
343,336,322874085,"Jim Beam Decanter, Stone Wave Microwave Cooker",,Antiques & Collectibles - Collectibles - Kitchen / Home | Antiques & Collectibles - Collectibles | Antiques & Collectibles,6,0,0,2,OPEN,0,IGNORE,,,https://hibid.com/lot/322874085
344,337,322874086,Iridescent Green Glass Swag or Pendant Lamp,,Home Goods & Decor - Home Goods - Lighting - Lamps | Home Goods & Decor - Home Goods - Lighting | Home Goods & Decor - Home Goods | Home Goods & Decor,5,110,25,120,OPEN,0,IGNORE,,,https://hibid.com/lot/322874086
345,338,322874087,"Farmhouse Decor Ceramic & Metal, Wax Melts(3)","White Ceramic Large Duck or Goose Head Wall PlaqueWall Mounted White Metal Rooster Hooks(2)White Metal Rooster Napkin HolderCeramic Dancer FigurineCeramic Hugging Cats Figurine",Home Goods & Decor - Home Goods - Kitchen / Housewares | Home Goods & Decor - Home Goods | Home Goods & Decor,9,0,0,2,OPEN,3,PRICE-DEPENDENT,farm,,https://hibid.com/lot/322874087
346,339,322874088,Jim Beam 1909 Thomas Flyer 'Flyabout' Decanter,"Flyabout- Blue Ceramic Bourbon Whiskey Decanter Made by Regal ChinaResin Lighthouse and coastal cottage desk clock",Antiques & Collectibles - Collectibles - Kitchen / Home | Antiques & Collectibles - Collectibles | Antiques & Collectibles,11,3,2,4,OPEN,-2,IGNORE,,,https://hibid.com/lot/322874088
347,340,322874089,"McGill High Speed 4-Barrel Coin Changer- Works,Coi","Money Miser Motorized  Coin Sorter-Needs Batteries Unable to Test, Coin Wrappers",Home Goods & Decor - Home Goods - Kitchen / Housewares | Home Goods & Decor - Home Goods | Home Goods & Decor,8,2,1,3,OPEN,4,PRICE-DEPENDENT,auto,,https://hibid.com/lot/322874089
348,341,322874090,Kids China Tea Set By Meito China Cream W/Gold Ton,Gold Tone Edging,Antiques & Collectibles - Collectibles - Kitchen / Home | Antiques & Collectibles - Collectibles | Antiques & Collectibles,6,0,0,2,OPEN,-2,IGNORE,,,https://hibid.com/lot/322874090
349,342,322874091,"Ceramic Banks(2), Ceramic Figurines, Cruet","Good Seasons Salad Dressing Cruet With Textured Diamond Pattern, Plastic Vase, Cupid Sunny Jiggler,, Wood Wall Mounted Mail Organizer or Match Holder, Schmid Gordon Fraser Unglazed Bisque Goose or Duck Figurine playing a drum- Musical-Box- It Plays, Plastic Banana Holder",Antiques & Collectibles - Collectibles - Figurines | Antiques & Collectibles - Collectibles | Antiques & Collectibles,6,3,2,4,OPEN,-2,IGNORE,,,https://hibid.com/lot/322874091
350,343,322874092,White Multi-Outlet Power Strips and Surge Protecto,"Extension Cords(3), Co Ax Cable",Construction & Farm - Shop / Warehouse - Electrical | Construction & Farm - Shop / Warehouse | Construction & Farm,7,0,0,2,OPEN,11,STRONG TARGET,farm|shop|property,,https://hibid.com/lot/322874092
351,344,322874093,"ASUS Wireless Router, Extension Cords, Mini Radio","Great Value LED Light Bulbs, Timer, Clear Acrylic desk or Cosmetic Organizer",Construction & Farm - Shop / Warehouse - Electrical | Construction & Farm - Shop / Warehouse | Construction & Farm,16,3,2,4,OPEN,13,STRONG TARGET,farm|shop|property,,https://hibid.com/lot/322874093
352,345,322874094,Metal Wall Decor- Brass Toned Spray Of Ivy(2),Gold painted plastic wall candle sconce-1,Home Goods & Decor - Home Goods - Lighting - Fixtures / Sconces | Home Goods & Decor - Home Goods - Lighting | Home Goods & Decor - Home Goods | Home Goods & Decor,8,0,0,2,OPEN,0,IGNORE,,,https://hibid.com/lot/322874094
353,346,322874095,Wooden Smoking Stand Set W/Glass Ashtray,Mechanical Table Lighter,Home Goods & Decor - Home Goods - Kitchen / Housewares | Home Goods & Decor - Home Goods | Home Goods & Decor,10,3,2,4,OPEN,0,IGNORE,,,https://hibid.com/lot/322874095
354,347,322874096,Floor/Reading Lamp Metallic Finish Flexible Upper,Arm,Home Goods & Decor - Home Goods - Lighting - Lamps | Home Goods & Decor - Home Goods - Lighting | Home Goods & Decor - Home Goods | Home Goods & Decor,5,0,0,2,OPEN,0,IGNORE,,,https://hibid.com/lot/322874096
355,348,322874097,"Wooden Wall-Hanging Curio Cabinet, 3-Tier Tea Cup","And Saucer Display Shelf W/Cut ofut Hearts- Wood, Framed Cork Bulletin Board W/Mail Attached Holder",Furniture - Cabinets | Furniture,14,12,7,13,OPEN,4,PRICE-DEPENDENT,property,,https://hibid.com/lot/322874097
356,349,322874098,"Rubbermaid Storage Drawers, Basket",,Home Goods & Decor - Home Goods - Kitchen / Housewares | Home Goods & Decor - Home Goods | Home Goods & Decor,12,2,1,3,OPEN,4,PRICE-DEPENDENT,property,,https://hibid.com/lot/322874098
357,350,322874099,Small Wooden Storage Chest Dome Top Drawer Insert,,Furniture - Trunks / Chests | Furniture,9,25,13,26,OPEN,4,PRICE-DEPENDENT,property,,https://hibid.com/lot/322874099
358,351,322874100,"1970 Libbey Apollo 13 ""Safe Return"" Glasses (4)",,Home Goods & Decor - Home Goods - Kitchen / Housewares | Home Goods & Decor - Home Goods | Home Goods & Decor,5,2,1,3,OPEN,0,IGNORE,,,https://hibid.com/lot/322874100
359,352,322874101,Avon Wild Country- Wild Turkey & Quail Decanters,,Antiques & Collectibles - Collectibles - Kitchen / Home | Antiques & Collectibles - Collectibles | Antiques & Collectibles,9,3,2,4,OPEN,0,IGNORE,,,https://hibid.com/lot/322874101
360,353,322874102,Ceramic Dutch Boy & Girl Kissing Figurines,,Antiques & Collectibles - Collectibles - Figurines | Antiques & Collectibles - Collectibles | Antiques & Collectibles,6,3,2,4,OPEN,-2,IGNORE,,,https://hibid.com/lot/322874102
361,354,322874103,Walt Disney Mickey & Minnie Mouse Figurines,Ceramic or Porcelain,Antiques & Collectibles - Collectibles - Figurines | Antiques & Collectibles - Collectibles | Antiques & Collectibles,6,3,2,4,OPEN,-2,IGNORE,,,https://hibid.com/lot/322874103
362,355,322874104,"Ceramic Cat & Dog Figurines, Ceramic Peacock Figur",Figurine Textured,Antiques & Collectibles - Collectibles - Figurines | Antiques & Collectibles - Collectibles | Antiques & Collectibles,22,2,1,3,OPEN,-2,IGNORE,,,https://hibid.com/lot/322874104
363,356,322874105,"Hobo Clown Figurine, Bird Figurine, Salt & Pepper",Ceramic Spaniel Dog Figurines Playing Instruments- Salt N Pepper,Antiques & Collectibles - Collectibles - Figurines | Antiques & Collectibles - Collectibles | Antiques & Collectibles,18,0,0,2,OPEN,-4,IGNORE,,,https://hibid.com/lot/322874105
364,357,322874106,Wacky Bobbleheads- Austin Powers & Dr. Evil,,Toys - Action Figures | Toys,6,2,1,3,OPEN,0,IGNORE,,,https://hibid.com/lot/322874106
365,358,322874107,Ceramic Flower Fairy Figurines (2),,Antiques & Collectibles - Collectibles - Figurines | Antiques & Collectibles - Collectibles | Antiques & Collectibles,6,0,0,2,OPEN,-2,IGNORE,,,https://hibid.com/lot/322874107
366,359,322874108,Ceramic Cow & Calf Figurines,,Antiques & Collectibles - Collectibles - Figurines | Antiques & Collectibles - Collectibles | Antiques & Collectibles,9,2,1,3,OPEN,-2,IGNORE,,,https://hibid.com/lot/322874108
367,360,322874109,"Harvest -Themed Elderly Farmer Couple Figurines, B","Lil Windchimer Ceramic/Bisque Porcelain Bell Ornaments(2)SMALL FARMER NEEDS HEAD GLUED BACK ON BODY.",Antiques & Collectibles - Collectibles - Figurines | Antiques & Collectibles - Collectibles | Antiques & Collectibles,21,0,0,2,OPEN,-1,IGNORE,farm,,https://hibid.com/lot/322874109
368,361,322874110,"Bisque Porcelain Figurines, Farmer Couple, Romanti",Romantic Couple,Antiques & Collectibles - Collectibles - Figurines | Antiques & Collectibles - Collectibles | Antiques & Collectibles,13,2,1,3,OPEN,2,IGNORE,farm,,https://hibid.com/lot/322874110
369,362,322874111,Hand Painted Ceramic & Bisque Figurines Elderly P,People & A Child with a Lamb,Antiques & Collectibles - Collectibles - Figurines | Antiques & Collectibles - Collectibles | Antiques & Collectibles,26,0,0,2,OPEN,-2,IGNORE,,,https://hibid.com/lot/322874111
370,363,322874112,Figurines Depicting Elderly Rural Folk In Various,Poses (11),Antiques & Collectibles - Collectibles - Figurines | Antiques & Collectibles - Collectibles | Antiques & Collectibles,37,0,0,2,OPEN,-2,IGNORE,,,https://hibid.com/lot/322874112
371,364,322874113,"Porcelain Bisque Music Box, Elderly Couple In Rock","Rocking Chairs, The Toymaker Figurine- Needs Repair Head needs gluedMusic Box- Through the years",Antiques & Collectibles - Collectibles - Figurines | Antiques & Collectibles - Collectibles | Antiques & Collectibles,23,0,0,2,OPEN,-2,IGNORE,,,https://hibid.com/lot/322874113
372,365,322874114,United Self Starting Brass Horse with Clock,,Home Goods & Decor - Home Goods - Clocks | Home Goods & Decor - Home Goods | Home Goods & Decor,10,12,6,13,OPEN,4,PRICE-DEPENDENT,farm,,https://hibid.com/lot/322874114
373,366,322874115,Lava 31-Day Mantel Clock,,Home Goods & Decor - Home Goods - Clocks | Home Goods & Decor - Home Goods | Home Goods & Decor,11,2,1,3,OPEN,0,IGNORE,,,https://hibid.com/lot/322874115
374,367,322874116,"United Self Starting Horse Clock, Fan,","Dream CatcherHorse Click has Marble Base",Home Goods & Decor - Home Goods - Kitchen / Housewares | Home Goods & Decor - Home Goods | Home Goods & Decor,16,5,4,6,OPEN,4,PRICE-DEPENDENT,farm,,https://hibid.com/lot/322874116
375,368,322874117,Porcelain Cow Clock,,Home Goods & Decor - Home Goods - Clocks | Home Goods & Decor - Home Goods | Home Goods & Decor,5,3,2,4,OPEN,0,IGNORE,,,https://hibid.com/lot/322874117
376,369,322874118,"Howard Miller Wall Clock, Heart Wall Self/Sconce",,Antiques & Collectibles - Antiques - Clocks - Wall | Antiques & Collectibles - Antiques - Clocks | Antiques & Collectibles - Antiques | Antiques & Collectibles,10,2,1,3,OPEN,4,PRICE-DEPENDENT,shop,,https://hibid.com/lot/322874118
377,370,322874119,Clock Parts,,Home Goods & Decor - Home Goods - Clocks | Home Goods & Decor - Home Goods | Home Goods & Decor,7,2,1,3,OPEN,0,IGNORE,,,https://hibid.com/lot/322874119
378,371,322874120,Chime Mantel Clock,,Home Goods & Decor - Home Goods - Clocks | Home Goods & Decor - Home Goods | Home Goods & Decor,20,4,4,5,OPEN,0,IGNORE,,,https://hibid.com/lot/322874120
379,372,322874121,Wooden Mechanical Chime Clock Shelf/Wall,,Antiques & Collectibles - Antiques - Clocks - Wall | Antiques & Collectibles - Antiques - Clocks | Antiques & Collectibles - Antiques | Antiques & Collectibles,12,0,0,2,OPEN,0,IGNORE,,,https://hibid.com/lot/322874121
380,373,322874122,Wooden Mechanical Mantel/Shelf Clock W/Pendulum,And Glass Door,Antiques & Collectibles - Antiques - Clocks - Wall | Antiques & Collectibles - Antiques - Clocks | Antiques & Collectibles - Antiques | Antiques & Collectibles,7,3,2,4,OPEN,0,IGNORE,,,https://hibid.com/lot/322874122
381,374,322874123,31-Day Wind-Up Mantel Clock,,Home Goods & Decor - Home Goods - Clocks | Home Goods & Decor - Home Goods | Home Goods & Decor,10,4,2,5,OPEN,0,IGNORE,,,https://hibid.com/lot/322874123
382,375,322874124,Alaron 31-Day Mantel Clock,,Home Goods & Decor - Home Goods - Clocks | Home Goods & Decor - Home Goods | Home Goods & Decor,11,3,2,4,OPEN,0,IGNORE,,,https://hibid.com/lot/322874124
383,376,322874125,Gingerbread Style Mantel Clock,Late 19th Century / Early 20th Century,Antiques & Collectibles - Antiques - Clocks - Mantle | Antiques & Collectibles - Antiques - Clocks | Antiques & Collectibles - Antiques | Antiques & Collectibles,11,3,2,4,OPEN,0,IGNORE,,,https://hibid.com/lot/322874125
384,377,322874126,Mantel ClockBlack Wooden Case W/Faux Red Marble Co,Columns,Home Goods & Decor - Home Goods - Clocks | Home Goods & Decor - Home Goods | Home Goods & Decor,11,2,1,3,OPEN,0,IGNORE,,,https://hibid.com/lot/322874126
385,378,322874127,Mantel Clock Ebonized Finish Decorative Pillars,Gold Tone Dail,Home Goods & Decor - Home Goods - Clocks | Home Goods & Decor - Home Goods | Home Goods & Decor,12,4,3,5,OPEN,0,IGNORE,,,https://hibid.com/lot/322874127
386,379,322874128,United Clock Black Electric Mantle Clock,,Antiques & Collectibles - Antiques - Clocks - Mantle | Antiques & Collectibles - Antiques - Clocks | Antiques & Collectibles - Antiques | Antiques & Collectibles,11,4,3,5,OPEN,0,IGNORE,,,https://hibid.com/lot/322874128
387,380,322874129,Ebonized Wood Mantel Clock-Pillars Need Repair,,Home Goods & Decor - Home Goods - Clocks | Home Goods & Decor - Home Goods | Home Goods & Decor,10,2,1,3,OPEN,0,IGNORE,,,https://hibid.com/lot/322874129
388,381,322874130,Zeno 31-Day Mantel Clock,,Home Goods & Decor - Home Goods - Clocks | Home Goods & Decor - Home Goods | Home Goods & Decor,13,2,1,3,OPEN,0,IGNORE,,,https://hibid.com/lot/322874130
389,382,322874131,Seth Thomas Mantel Clock,,Home Goods & Decor - Home Goods - Clocks | Home Goods & Decor - Home Goods | Home Goods & Decor,11,4,3,5,OPEN,0,IGNORE,,,https://hibid.com/lot/322874131
390,383,322874132,Session Mantel Clock,,Home Goods & Decor - Home Goods - Clocks | Home Goods & Decor - Home Goods | Home Goods & Decor,12,3,2,4,OPEN,0,IGNORE,,,https://hibid.com/lot/322874132
391,384,322874133,D&A Quartz Westminster Chime Mantel Clock,,Antiques & Collectibles - Antiques - Clocks - Mantle | Antiques & Collectibles - Antiques - Clocks | Antiques & Collectibles - Antiques | Antiques & Collectibles,11,5,4,6,OPEN,0,IGNORE,,,https://hibid.com/lot/322874133
392,385,322874134,Wooden Florida State Shape Clock,,Home Goods & Decor - Home Goods - Clocks | Home Goods & Decor - Home Goods | Home Goods & Decor,7,0,0,2,OPEN,0,IGNORE,,,https://hibid.com/lot/322874134
393,386,322874135,German 400-Day Clock,German 400-day torsion-movement anniversary clock,Home Goods & Decor - Home Goods - Clocks | Home Goods & Decor - Home Goods | Home Goods & Decor,8,5,4,6,OPEN,0,IGNORE,,,https://hibid.com/lot/322874135
394,387,322874136,Mindi Brass Mantel Clock,Kundo (Kieninger & Obergfell) brass and glass anniversary or torsion mantel clock made in West Germany,Antiques & Collectibles - Antiques - Clocks - Mantle | Antiques & Collectibles - Antiques - Clocks | Antiques & Collectibles - Antiques | Antiques & Collectibles,9,4,3,5,OPEN,0,IGNORE,,,https://hibid.com/lot/322874136
395,388,322874137,1950-60’s  Jefferson Golden Hour Clock,,Home Goods & Decor - Home Goods - Clocks | Home Goods & Decor - Home Goods | Home Goods & Decor,9,26,11,27,OPEN,0,IGNORE,,,https://hibid.com/lot/322874137
396,389,322874138,Copper United Carriage Mantel Clock,,Home Goods & Decor - Home Goods - Clocks | Home Goods & Decor - Home Goods | Home Goods & Decor,10,5,4,6,OPEN,0,IGNORE,,,https://hibid.com/lot/322874138
397,390,322874139,Waltham 31-Day Wind-Uo Wall Clock,,Antiques & Collectibles - Antiques - Clocks - Wall | Antiques & Collectibles - Antiques - Clocks | Antiques & Collectibles - Antiques | Antiques & Collectibles,8,2,1,3,OPEN,0,IGNORE,,,https://hibid.com/lot/322874139
398,391,322874140,D&A Regulator Wall Mantel,,Home Goods & Decor - Home Goods - Kitchen / Housewares | Home Goods & Decor - Home Goods | Home Goods & Decor,10,3,2,4,OPEN,0,IGNORE,,,https://hibid.com/lot/322874140
399,392,322874141,New Haven 8-Day Wind-Up Wall Clock,,Antiques & Collectibles - Antiques - Clocks - Wall | Antiques & Collectibles - Antiques - Clocks | Antiques & Collectibles - Antiques | Antiques & Collectibles,12,2,1,3,OPEN,0,IGNORE,,,https://hibid.com/lot/322874141
400,393,322874142,Rooster Wall clock,Resin,Home Goods & Decor - Home Goods - Clocks | Home Goods & Decor - Home Goods | Home Goods & Decor,6,2,1,3,OPEN,0,IGNORE,,,https://hibid.com/lot/322874142
401,394,322874143,Daniel Dakota Quartz Wall Clock,,Home Goods & Decor - Home Goods - Clocks | Home Goods & Decor - Home Goods | Home Goods & Decor,7,2,1,3,OPEN,0,IGNORE,,,https://hibid.com/lot/322874143
402,395,322874144,Ingraham Quartz Wall Clock,,Home Goods & Decor - Home Goods - Clocks | Home Goods & Decor - Home Goods | Home Goods & Decor,5,0,0,2,OPEN,0,IGNORE,,,https://hibid.com/lot/322874144
403,396,322874145,Daniel Dakota Regulator Wall Clock,,Home Goods & Decor - Home Goods - Clocks | Home Goods & Decor - Home Goods | Home Goods & Decor,7,2,1,3,OPEN,0,IGNORE,,,https://hibid.com/lot/322874145
404,397,322874146,Elgin Regular Wall Mantel,,Home Goods & Decor - Home Goods - Kitchen / Housewares | Home Goods & Decor - Home Goods | Home Goods & Decor,13,2,1,3,OPEN,0,IGNORE,,,https://hibid.com/lot/322874146
405,398,322874147,Rectangle Mantel Clock,,Home Goods & Decor - Home Goods - Clocks | Home Goods & Decor - Home Goods | Home Goods & Decor,7,0,0,2,OPEN,0,IGNORE,,,https://hibid.com/lot/322874147
406,399,322874148,Elgin Regulator Westminster Chime Quartz Wall,,Home Goods & Decor - Home Goods - Clocks | Home Goods & Decor - Home Goods | Home Goods & Decor,6,0,0,2,OPEN,0,IGNORE,,,https://hibid.com/lot/322874148
407,400,322874149,Xenon 31 Day Mechanical Wind-Up  Clock,,Home Goods & Decor - Home Goods - Clocks | Home Goods & Decor - Home Goods | Home Goods & Decor,10,2,1,3,OPEN,0,IGNORE,,,https://hibid.com/lot/322874149
408,401,322874150,"Wall Clocks, Live Laugh Love & Bird Songs",,Home Goods & Decor - Home Goods - Clocks | Home Goods & Decor - Home Goods | Home Goods & Decor,8,3,2,4,OPEN,0,IGNORE,,,https://hibid.com/lot/322874150
409,402,322874151,"Plastic Trivet Clock , Mid Century Wall Clock",,Antiques & Collectibles - Antiques - Clocks - Wall | Antiques & Collectibles - Antiques - Clocks | Antiques & Collectibles - Antiques | Antiques & Collectibles,10,0,0,2,OPEN,0,IGNORE,,,https://hibid.com/lot/322874151
410,403,322874152,German Black Forest Cuckoo Clock,,Antiques & Collectibles - Antiques - Clocks - Cuckoo | Antiques & Collectibles - Antiques - Clocks | Antiques & Collectibles - Antiques | Antiques & Collectibles,11,5,3,6,OPEN,0,IGNORE,,,https://hibid.com/lot/322874152
411,404,322874153,German Black Forest Cuckoo Clock,,Antiques & Collectibles - Antiques - Clocks - Cuckoo | Antiques & Collectibles - Antiques - Clocks | Antiques & Collectibles - Antiques | Antiques & Collectibles,11,12,8,13,OPEN,0,IGNORE,,,https://hibid.com/lot/322874153
412,405,322874154,German Black Forest Cuckoo Clock,,Antiques & Collectibles - Antiques - Clocks - Cuckoo | Antiques & Collectibles - Antiques - Clocks | Antiques & Collectibles - Antiques | Antiques & Collectibles,13,12,5,13,OPEN,0,IGNORE,,,https://hibid.com/lot/322874154
413,406,322874155,German Black Forest Cuckoo Clock,,Antiques & Collectibles - Antiques - Clocks - Cuckoo | Antiques & Collectibles - Antiques - Clocks | Antiques & Collectibles - Antiques | Antiques & Collectibles,11,12,4,13,OPEN,0,IGNORE,,,https://hibid.com/lot/322874155
414,407,322874156,German Black Forest Cuckoo Clock,,Antiques & Collectibles - Antiques - Clocks - Cuckoo | Antiques & Collectibles - Antiques - Clocks | Antiques & Collectibles - Antiques | Antiques & Collectibles,18,7,5,8,OPEN,0,IGNORE,,,https://hibid.com/lot/322874156
415,408,322874157,Swiss CouCou Clock,,Home Goods & Decor - Home Goods - Clocks | Home Goods & Decor - Home Goods | Home Goods & Decor,16,6,3,7,OPEN,0,IGNORE,,,https://hibid.com/lot/322874157
416,409,322874158,70’s Cypress Live Edge Wood Clock,,Home Goods & Decor - Home Goods - Clocks | Home Goods & Decor - Home Goods | Home Goods & Decor,7,2,1,3,OPEN,0,IGNORE,,,https://hibid.com/lot/322874158
417,410,322874159,"Carnival Blue Turquoise bowl, compote.","* (2) candlestick holder sticks holders* Indiana Glass Grape clusters",Antiques & Collectibles - Collectibles - Decorative - Bowls | Antiques & Collectibles - Collectibles - Decorative | Antiques & Collectibles - Collectibles | Antiques & Collectibles,20,11,2,12,OPEN,0,IGNORE,,,https://hibid.com/lot/322874159
418,411,322874160,"Carnival Blue Turquoise Glass, Sugar and creamer","* Small compote, butter dish* Indiana Glass Grape design",Antiques & Collectibles - Collectibles - Kitchen / Home | Antiques & Collectibles - Collectibles | Antiques & Collectibles,19,13,5,14,OPEN,0,IGNORE,,,https://hibid.com/lot/322874160
419,412,322874161,"Carnival Glass Blue Turquoise pitcher, 12 goblets",* Indiana Glass grape clusters,Antiques & Collectibles - Collectibles - Pitchers / Decanters | Antiques & Collectibles - Collectibles | Antiques & Collectibles,10,56,6,57,OPEN,0,IGNORE,,,https://hibid.com/lot/322874161
420,413,322874162,Le Smith Valtec Tree Star Amethyst Pitcher,* Indiana Glass blue iridescent carnival glass diamond point ruffled bowl,Antiques & Collectibles - Collectibles - Pitchers / Decanters | Antiques & Collectibles - Collectibles | Antiques & Collectibles,11,2,1,3,OPEN,0,IGNORE,,,https://hibid.com/lot/322874162
421,414,322874163,Imperial Carnival Glass Beaded Block Marigold Oval,Marigold Ruffled candy dish (2),Antiques & Collectibles - Collectibles - Kitchen / Home | Antiques & Collectibles - Collectibles | Antiques & Collectibles,16,2,1,3,OPEN,0,IGNORE,,,https://hibid.com/lot/322874163
422,415,322874164,"Carnival glass, Large grape clusters containing","compote* Northwood 3 Three Fruits Marigold Carnival Glass Plate* imperial glass amber gold pillar pattern sugar and creamer",Antiques & Collectibles - Collectibles - Kitchen / Home | Antiques & Collectibles - Collectibles | Antiques & Collectibles,16,3,2,4,OPEN,-2,IGNORE,,,https://hibid.com/lot/322874164
423,416,322874165,Anchor Hocking Jeanette Glass Optic Marigold glass,"* Sugar and creamer sets  (2)* Cups * candlestick holder",Antiques & Collectibles - Collectibles - Kitchen / Home | Antiques & Collectibles - Collectibles | Antiques & Collectibles,12,11,4,12,OPEN,0,IGNORE,,,https://hibid.com/lot/322874165
424,417,322874166,Jeanette Glass Anniversary pattern,"* Dinner plates (6)* Salad plates (8)* Coffee cup plates (4)* Dessert plates (4) * Soup/Salad bowls (8)",Home Goods & Decor - Home Goods - Kitchen / Housewares | Home Goods & Decor - Home Goods | Home Goods & Decor,10,0,0,2,OPEN,-2,IGNORE,,,https://hibid.com/lot/322874166
425,418,322874167,Orange and Amethyst Carnival Glass Bowl,"* Bowl has saw tooth edge * Orange Amber covered butter dish",Antiques & Collectibles - Collectibles - Decorative - Bowls | Antiques & Collectibles - Collectibles - Decorative | Antiques & Collectibles - Collectibles | Antiques & Collectibles,11,18,10,19,OPEN,4,PRICE-DEPENDENT,shop,,https://hibid.com/lot/322874167
426,419,322874168,Fenton Black Amethyst Carnival Glass Marie C,"CherryChain Tree * Indiana Glass Rose Bowl * Grape Cluster fluted carnival glass plate* Federal glass Iridescent Fruit bowl",Antiques & Collectibles - Collectibles - Kitchen / Home | Antiques & Collectibles - Collectibles | Antiques & Collectibles,23,15,3,16,OPEN,-2,IGNORE,,,https://hibid.com/lot/322874168
427,420,322874169,Indiana Glass Iridescent Blue Grape Canister,* has lid,Antiques & Collectibles - Collectibles - Blue Glass | Antiques & Collectibles - Collectibles | Antiques & Collectibles,5,20,8,21,OPEN,0,IGNORE,,,https://hibid.com/lot/322874169
428,421,322874170,Marigold Pattern Iridescent Ashtrays,,Antiques & Collectibles - Collectibles - Kitchen / Home | Antiques & Collectibles - Collectibles | Antiques & Collectibles,8,0,0,2,OPEN,0,IGNORE,,,https://hibid.com/lot/322874170
429,422,322874171,Indiana Glass Marigold Iridescent Grape Goblets,(8),Antiques & Collectibles - Collectibles - Kitchen / Home | Antiques & Collectibles - Collectibles | Antiques & Collectibles,5,2,1,3,OPEN,0,IGNORE,,,https://hibid.com/lot/322874171
430,423,322874172,Imperial Glass Iridescent Orange Rose Luster Bowl,"*coin dot marigold iridescent fluted bowl * amber orange vase- wide bottom bell design",Art - Glass Art | Art,16,2,1,3,OPEN,0,IGNORE,,,https://hibid.com/lot/322874172
431,424,322874173,EPAG Imperial Carnival Iridescent Marigold base,*Marigold glass fluted bottom punch bowl base,Antiques & Collectibles - Collectibles - Kitchen / Home | Antiques & Collectibles - Collectibles | Antiques & Collectibles,11,3,3,4,OPEN,0,IGNORE,,,https://hibid.com/lot/322874173
432,425,322874174,Indiana Carnival Glass Colony Harvest Iridescent,"Amber Canister with Lid * Matching candle stick holders * Iridescent Blue carnival glass plate Indepence Hall",Antiques & Collectibles - Collectibles - Pitchers / Decanters | Antiques & Collectibles - Collectibles | Antiques & Collectibles,11,16,5,17,OPEN,-2,IGNORE,,,https://hibid.com/lot/322874174
433,426,322874175,Marigold Blackberry Spray Carnival Glass Ruffle,"Nut Candy Dish * Marigold Carnival Glass Ruffled Edge Small Bowl",Antiques & Collectibles - Collectibles - Kitchen / Home | Antiques & Collectibles - Collectibles | Antiques & Collectibles,10,2,1,3,OPEN,0,IGNORE,,,https://hibid.com/lot/322874175
434,427,322874176,Liberty Bell Jar Bicentennial Limited Issue,,Antiques & Collectibles - Collectibles - Decorative - Vases / Jars | Antiques & Collectibles - Collectibles - Decorative | Antiques & Collectibles - Collectibles | Antiques & Collectibles,7,2,1,3,OPEN,0,IGNORE,,,https://hibid.com/lot/322874176
435,428,322874177,Imperial Glass Marigold Rose Pattern Fluted Bowl,*Marigold Iris and Herringbone Pattern fluted bowl,Antiques & Collectibles - Collectibles - Decorative - Bowls | Antiques & Collectibles - Collectibles - Decorative | Antiques & Collectibles - Collectibles | Antiques & Collectibles,13,2,1,3,OPEN,0,IGNORE,,,https://hibid.com/lot/322874177
436,429,322874178,Jeanette Glass Orange Iris Pattern fluted bowls,"(2)* Indiana Glass ‘Pebble Tree of Life’ Carnival Glass Marigold Tray",Antiques & Collectibles - Collectibles - Kitchen / Home | Antiques & Collectibles - Collectibles | Antiques & Collectibles,9,0,0,2,OPEN,0,IGNORE,,,https://hibid.com/lot/322874178
437,430,322874179,Amber orange Whirling star small compote,"* Crackle glass decanter* Two tree bark vases * Fluted bon bon plate",Antiques & Collectibles - Collectibles - Kitchen / Home | Antiques & Collectibles - Collectibles | Antiques & Collectibles,13,4,3,5,OPEN,-2,IGNORE,,,https://hibid.com/lot/322874179
438,431,322874180,Marigold Iridescent Carnival leaf dish with 2,"leaves* Viking Glass Candy dish* Marigold Luster Carnival Glass Covered Dish w/ Sawtooth Lip & Rose Trinket box * Leaf style candy dish",Antiques & Collectibles - Collectibles - Kitchen / Home | Antiques & Collectibles - Collectibles | Antiques & Collectibles,17,2,1,3,OPEN,4,PRICE-DEPENDENT,shop,,https://hibid.com/lot/322874180
439,432,322874181,Indiana Glass Iridescent Marigold Pitcher,* Indiana Harvest Gold Contemporary Carnival Glass Wedding Fruit Pedestal Bowl,Antiques & Collectibles - Collectibles - Pitchers / Decanters | Antiques & Collectibles - Collectibles | Antiques & Collectibles,10,4,2,5,OPEN,0,IGNORE,,,https://hibid.com/lot/322874181
440,433,322874182,Indiana Glass Marigold Kings Crown Compotes,* Indiana Glass Marigold Grape Canister Large and Small,Antiques & Collectibles - Collectibles - Glassware / Kitchenware | Antiques & Collectibles - Collectibles | Antiques & Collectibles,12,31,10,32,OPEN,0,IGNORE,,,https://hibid.com/lot/322874182
441,434,322874183,Anchor Hocking White Milk Glass gold rimmed,"plates all divided for relish plates * Anchor Hockng Grape cluster gold rimmed bowls",Home Goods & Decor - Home Goods - Kitchen / Housewares | Home Goods & Decor - Home Goods | Home Goods & Decor,13,12,7,13,OPEN,-2,IGNORE,,,https://hibid.com/lot/322874183
442,435,322874184,White Enamel Refrigerator containers glass lids,"(2) * McKee Small Refrigerator Dish Red Sailboat Milk Glass No Lid Fridgie*The white enamel dishes are Beco ware",Home Goods & Decor - Home Goods - Kitchen / Housewares | Home Goods & Decor - Home Goods | Home Goods & Decor,18,11,4,12,OPEN,0,IGNORE,,,https://hibid.com/lot/322874184
443,436,322874185,Federal Milk Glass Tall Coffee mugs or Beer,Steins (2),Antiques & Collectibles - Collectibles - Kitchen / Home | Antiques & Collectibles - Collectibles | Antiques & Collectibles,6,0,0,2,OPEN,0,IGNORE,,,https://hibid.com/lot/322874185
444,437,322874186,Anchor Hocking Fire King Sugar and Creamer set,* milk glass gold rimmed,Antiques & Collectibles - Collectibles - Kitchen / Home | Antiques & Collectibles - Collectibles | Antiques & Collectibles,8,0,0,2,OPEN,0,IGNORE,,,https://hibid.com/lot/322874186
445,438,322874187,Fenton Milk glass Silver Rimmed and Handled,Candy Dish,Antiques & Collectibles - Collectibles - Kitchen / Home | Antiques & Collectibles - Collectibles | Antiques & Collectibles,5,3,2,4,OPEN,0,IGNORE,,,https://hibid.com/lot/322874187
446,439,322874188,FENTON Silver Crest Basket Milk Glass Ruffle,"Edge Crimped Handle * Smaller Silver crested candy dish",Antiques & Collectibles - Collectibles - Kitchen / Home | Antiques & Collectibles - Collectibles | Antiques & Collectibles,10,25,5,26,OPEN,0,IGNORE,,,https://hibid.com/lot/322874188
447,440,322874189,Fenton Silver Crested Milk glass ruffled bowl,* Fenton Silver Crested Milk Glass Ruffled Ashtray,Antiques & Collectibles - Collectibles - Kitchen / Home | Antiques & Collectibles - Collectibles | Antiques & Collectibles,10,19,5,20,OPEN,0,IGNORE,,,https://hibid.com/lot/322874189
448,441,322874190,Federal Glass iridescent milk glass beer steins,(4),Antiques & Collectibles - Collectibles - Kitchen / Home | Antiques & Collectibles - Collectibles | Antiques & Collectibles,6,11,5,12,OPEN,0,IGNORE,,,https://hibid.com/lot/322874190
449,442,322874191,Cornucopia Milk White Glass Serving Dish,"Scalloped edge bowl fruit centerpiece * Milk glass diamond print vase",Home Goods & Decor - Home Goods - Kitchen / Housewares | Home Goods & Decor - Home Goods | Home Goods & Decor,12,0,0,2,OPEN,0,IGNORE,,,https://hibid.com/lot/322874191
450,443,322874192,Westmoreland Milk glass Berries lidded candy dish,* Milk glass vases (3),Antiques & Collectibles - Collectibles - Kitchen / Home | Antiques & Collectibles - Collectibles | Antiques & Collectibles,12,2,1,3,OPEN,0,IGNORE,,,https://hibid.com/lot/322874192
451,444,322874193,Anchor Hocking Milk Glass Pearl and Teardrop vase,"* Floral Rose Ceramic vase, ceramic birds with rose* Floral vases",Antiques & Collectibles - Collectibles - Decorative - Vases / Jars | Antiques & Collectibles - Collectibles - Decorative | Antiques & Collectibles - Collectibles | Antiques & Collectibles,10,0,0,2,OPEN,0,IGNORE,,,https://hibid.com/lot/322874193
452,445,322874194,Pink Depression Glass Ware,"* Lancaster Pink Depression Glass Octagon Serving Bowl* Large Rolled edge plate* Candle stick holders",Antiques & Collectibles - Collectibles - Kitchen / Home | Antiques & Collectibles - Collectibles | Antiques & Collectibles,14,2,1,3,OPEN,-2,IGNORE,,,https://hibid.com/lot/322874194
453,446,322874195,Pink depression Glass Etched  small compote bowl,* Pink pebbled leaf candy dish,Antiques & Collectibles - Collectibles - Kitchen / Home | Antiques & Collectibles - Collectibles | Antiques & Collectibles,8,0,0,2,OPEN,0,IGNORE,,,https://hibid.com/lot/322874195
454,447,322874196,Indiana Frosted Pink Satin Umbrella trinket bowl,"* Indiana Frosted Pink Diamond Point Glass Pedestal Candy Dish* Vintage Mikasa Rosella Crystal Serving Platter",Antiques & Collectibles - Collectibles - Glassware / Kitchenware | Antiques & Collectibles - Collectibles | Antiques & Collectibles,14,2,1,3,OPEN,0,IGNORE,,,https://hibid.com/lot/322874196
455,448,322874197,"Pink Depression Glass, Open Floral open candy","compote * Pebbled grape pink plates (2) , creamer, lidded floral canister, Floral open canister",Antiques & Collectibles - Collectibles - Kitchen / Home | Antiques & Collectibles - Collectibles | Antiques & Collectibles,10,2,1,3,OPEN,-2,IGNORE,,,https://hibid.com/lot/322874197
456,449,322874198,Vintage Uranium Hand mixer era 1920’s,,Antiques & Collectibles - Collectibles - Kitchen / Home | Antiques & Collectibles - Collectibles | Antiques & Collectibles,6,24,12,25,OPEN,3,PRICE-DEPENDENT,value,,https://hibid.com/lot/322874198
457,450,322874199,Green Jadeite Depression Style Glass Salt &,Pepper Shakers,Antiques & Collectibles - Collectibles - Salt and Pepper Shakers | Antiques & Collectibles - Collectibles | Antiques & Collectibles,6,7,6,8,OPEN,-2,IGNORE,,,https://hibid.com/lot/322874199
458,451,322874200,Hazel Atlas Old Florentine #1 dinner plate,* Rose Cameo salad plate matching glass,Antiques & Collectibles - Collectibles - Kitchen / Home | Antiques & Collectibles - Collectibles | Antiques & Collectibles,11,8,6,9,OPEN,-2,IGNORE,,,https://hibid.com/lot/322874200
459,452,322874201,Federal Glass Uranium Georgian Lovebirds,"* (3) plates , Sugar and Creamer sets, (4) coffee cups* Old Florentine Poppy Sugar dish",Antiques & Collectibles - Collectibles - Kitchen / Home | Antiques & Collectibles - Collectibles | Antiques & Collectibles,9,11,4,12,OPEN,0,IGNORE,value,,https://hibid.com/lot/322874201
460,453,322874202,Fire King  Jadite Plate and (3) coffee cup saucers,,Antiques & Collectibles - Collectibles - Kitchen / Home | Antiques & Collectibles - Collectibles | Antiques & Collectibles,7,2,1,3,OPEN,-2,IGNORE,,,https://hibid.com/lot/322874202
461,454,322874203,"Antique Uranium Hand Juicer, (2) Sherbert dishes",,Antiques & Collectibles - Collectibles - Kitchen / Home | Antiques & Collectibles - Collectibles | Antiques & Collectibles,8,8,5,9,OPEN,3,PRICE-DEPENDENT,value,,https://hibid.com/lot/322874203
462,455,322874204,"Uranium plates, two are 2 handled, one etched",,Antiques & Collectibles - Collectibles - Decorative - Plates | Antiques & Collectibles - Collectibles - Decorative | Antiques & Collectibles - Collectibles | Antiques & Collectibles,8,2,1,3,OPEN,0,IGNORE,value,,https://hibid.com/lot/322874204
463,456,322874205,"Uranium swirled plate, (3) coffee coffee cups",,Home Goods & Decor - Home Goods - Kitchen / Housewares | Home Goods & Decor - Home Goods | Home Goods & Decor,8,2,1,3,OPEN,0,IGNORE,value,,https://hibid.com/lot/322874205
464,457,322874206,"Hazel Atlas Uranium bowl, Sherbet bowl, cup",* Salt shaker,Antiques & Collectibles - Collectibles - Kitchen / Home | Antiques & Collectibles - Collectibles | Antiques & Collectibles,11,4,2,5,OPEN,3,PRICE-DEPENDENT,value,,https://hibid.com/lot/322874206
465,458,322874207,Uranium Hazel Atlas Refrigerator dishes lidded,* Covered Sugar dish and  small trinket dish,Antiques & Collectibles - Collectibles - Kitchen / Home | Antiques & Collectibles - Collectibles | Antiques & Collectibles,8,14,9,15,OPEN,3,PRICE-DEPENDENT,value,,https://hibid.com/lot/322874207
466,459,322874208,Ceramic Hen on a nest Soup Tureen no handle,,Antiques & Collectibles - Collectibles - Kitchen / Home | Antiques & Collectibles - Collectibles | Antiques & Collectibles,5,3,2,4,OPEN,0,IGNORE,,,https://hibid.com/lot/322874208
467,460,322874209,Indiana glass Green Chicken on nest bowl,,Antiques & Collectibles - Collectibles - Decorative - Bowls | Antiques & Collectibles - Collectibles - Decorative | Antiques & Collectibles - Collectibles | Antiques & Collectibles,8,51,14,52,OPEN,0,IGNORE,,,https://hibid.com/lot/322874209
468,461,322874210,White Milk Glass Chicken on nest candy dish,* Clear Chicken on nest,Antiques & Collectibles - Collectibles - Kitchen / Home | Antiques & Collectibles - Collectibles | Antiques & Collectibles,12,9,6,10,OPEN,0,IGNORE,,,https://hibid.com/lot/322874210
469,462,322874211,Fenton basket base with nesting Chicken,* Chicken possibly Boyd glass,Antiques & Collectibles - Collectibles - Kitchen / Home | Antiques & Collectibles - Collectibles | Antiques & Collectibles,8,33,12,34,OPEN,0,IGNORE,,,https://hibid.com/lot/322874211
470,463,322874212,Carnival Glass Turquoise Blue Nesting Chicken,,Antiques & Collectibles - Collectibles - Kitchen / Home | Antiques & Collectibles - Collectibles | Antiques & Collectibles,8,55,17,56,OPEN,0,IGNORE,,,https://hibid.com/lot/322874212
471,464,322874213,Carnival glass Iridescent Marigold Nesting Chicken,,Antiques & Collectibles - Collectibles - Kitchen / Home | Antiques & Collectibles - Collectibles | Antiques & Collectibles,7,58,17,59,OPEN,0,IGNORE,,,https://hibid.com/lot/322874213
472,465,322874214,Degenhart Marine Blue Mini Hen On Nest,* Cream ceramic nesting chicken,Antiques & Collectibles - Collectibles - Kitchen / Home | Antiques & Collectibles - Collectibles | Antiques & Collectibles,13,18,13,19,OPEN,0,IGNORE,,,https://hibid.com/lot/322874214
473,466,322874215,Fenton Colonial Blue Glass Ruffled Thumbprint,"Pedestal , Fenton Blue glass Hobnail Mini pitcher, Fenton Small Hobnail vase* Skin so soft decanter",Antiques & Collectibles - Collectibles - Blue Glass | Antiques & Collectibles - Collectibles | Antiques & Collectibles,11,2,1,3,OPEN,0,IGNORE,,,https://hibid.com/lot/322874215
474,467,322874216,Iridescent Blue Carnival Glass Indiana Grape,Harvest Punch Bowl And punch cups,Antiques & Collectibles - Collectibles - Blue Glass | Antiques & Collectibles - Collectibles | Antiques & Collectibles,9,14,6,15,OPEN,0,IGNORE,,,https://hibid.com/lot/322874216
475,468,322874217,Dresdens Cornucopia vase,Ceramic boot vases (2),Antiques & Collectibles - Collectibles - Decorative - Vases / Jars | Antiques & Collectibles - Collectibles - Decorative | Antiques & Collectibles - Collectibles | Antiques & Collectibles,6,3,2,4,OPEN,0,IGNORE,,,https://hibid.com/lot/322874217
476,469,322874218,Fenton Milk Glass Cat Face Slupper,"* (2) Blue Fentons, boot and slipper",Antiques & Collectibles - Collectibles - Kitchen / Home | Antiques & Collectibles - Collectibles | Antiques & Collectibles,15,12,6,13,OPEN,0,IGNORE,,,https://hibid.com/lot/322874218
477,470,322874219,"Fenton Amber Gold Slippers (2) , Amber Slipper",,Antiques & Collectibles - Collectibles - Kitchen / Home | Antiques & Collectibles - Collectibles | Antiques & Collectibles,13,10,5,11,OPEN,0,IGNORE,,,https://hibid.com/lot/322874219
478,471,322874220,"Green Fenton Glass Shoe Daisy and Button, and Boot",,Antiques & Collectibles - Collectibles - Kitchen / Home | Antiques & Collectibles - Collectibles | Antiques & Collectibles,10,10,5,11,OPEN,0,IGNORE,,,https://hibid.com/lot/322874220
479,472,322874221,Ruby Red Diamond Point Fairy Lamp,,Home Goods & Decor - Home Goods - Lighting - Lamps | Home Goods & Decor - Home Goods - Lighting | Home Goods & Decor - Home Goods | Home Goods & Decor,5,64,19,65,OPEN,0,IGNORE,,,https://hibid.com/lot/322874221
480,473,322874222,Avon Ruby Red Salt and Pepper Shakers,* SET OF 3~Doyle & Co EAPG Ruby Stained Block Tumblers 1891,Antiques & Collectibles - Collectibles - Kitchen / Home | Antiques & Collectibles - Collectibles | Antiques & Collectibles,11,2,1,3,OPEN,0,IGNORE,,,https://hibid.com/lot/322874222
481,474,322874223,1837-1887 GOLDEN AMBER THE QUEENS JUBILEE BUTTER,DISH,Antiques & Collectibles - Collectibles - Kitchen / Home | Antiques & Collectibles - Collectibles | Antiques & Collectibles,6,41,8,42,OPEN,0,IGNORE,,,https://hibid.com/lot/322874223
482,475,322874224,"Vintage Red amberina art glass bowl, Red heart",* Heavy Red glass clear split handle,Antiques & Collectibles - Collectibles - Decorative - Bowls | Antiques & Collectibles - Collectibles - Decorative | Antiques & Collectibles - Collectibles | Antiques & Collectibles,9,0,0,2,OPEN,0,IGNORE,,,https://hibid.com/lot/322874224
483,476,322874225,Tiffin Kings Crown Thumbprint glass plate (1),"* creamer, goblets (3), candy dishes (3)",Home Goods & Decor - Home Goods - Kitchen / Housewares | Home Goods & Decor - Home Goods | Home Goods & Decor,12,0,0,2,OPEN,-2,IGNORE,,,https://hibid.com/lot/322874225
484,477,322874226,Indiana glass Ruby Red Diamond point goblets (5),*Ruby red Cordial glasses with Crystal carrier,Antiques & Collectibles - Collectibles - Kitchen / Home | Antiques & Collectibles - Collectibles | Antiques & Collectibles,11,0,0,2,OPEN,0,IGNORE,,,https://hibid.com/lot/322874226
485,478,322874227,Green Thumbprint Ruffled compotes (2),* Jeanette Glass 4 legged covered candy dish,Antiques & Collectibles - Collectibles - Kitchen / Home | Antiques & Collectibles - Collectibles | Antiques & Collectibles,10,2,1,3,OPEN,0,IGNORE,,,https://hibid.com/lot/322874227
486,479,322874228,1960s Miniature Oil Lamp Hong Kong Flash Colors,"Pressed Glass Bohemian * Avon Red candle stick holders",Antiques & Collectibles - Antiques - Antique Lamps | Antiques & Collectibles - Antiques | Antiques & Collectibles,9,6,4,7,OPEN,0,IGNORE,,,https://hibid.com/lot/322874228
487,480,322874229,"Sunkist Milkglass juicer, (2) Clear Juicers",,Home Goods & Decor - Home Goods - Kitchen / Housewares | Home Goods & Decor - Home Goods | Home Goods & Decor,10,0,0,2,OPEN,0,IGNORE,,,https://hibid.com/lot/322874229
488,481,322874230,"Homer Laughlin Cream platter, Floral platters","* Chinese small soup tureen no lid* 4 leaf clover platter * Clear diamond point bowl",Antiques & Collectibles - Collectibles - Kitchen / Home | Antiques & Collectibles - Collectibles | Antiques & Collectibles,11,2,1,3,OPEN,0,IGNORE,,,https://hibid.com/lot/322874230
489,482,322874231,Indiana glass green octagon lidded dish,* Amber Iridescent gold basket weave bowl,Antiques & Collectibles - Collectibles - Kitchen / Home | Antiques & Collectibles - Collectibles | Antiques & Collectibles,15,2,1,3,OPEN,0,IGNORE,,,https://hibid.com/lot/322874231
490,483,322874232,"Glass platters, Banana Split dishes",,Home Goods & Decor - Home Goods - Kitchen / Housewares | Home Goods & Decor - Home Goods | Home Goods & Decor,11,0,0,2,OPEN,0,IGNORE,,,https://hibid.com/lot/322874232
491,484,322874233,Crystal Diamond Point Decanters and Goblets (6),,Home Goods & Decor - Home Goods - Kitchen / Housewares | Home Goods & Decor - Home Goods | Home Goods & Decor,6,0,0,2,OPEN,0,IGNORE,,,https://hibid.com/lot/322874233
492,485,322874234,Jeannette National Clear Glass 6 Section Relish,"Tray w/Handles * Diamond Point bowl , salad plate* Bicentennial Plate",Home Goods & Decor - Home Goods - Kitchen / Housewares | Home Goods & Decor - Home Goods | Home Goods & Decor,7,0,0,2,OPEN,-2,IGNORE,,,https://hibid.com/lot/322874234
493,486,322874235,Jeanette Glass 6 leafed comparts,"* (3) Gold rimmed (2) handled plates* Cera Glass ""Etruscan Frieze"" gold based cake plate",Antiques & Collectibles - Collectibles - Kitchen / Home | Antiques & Collectibles - Collectibles | Antiques & Collectibles,10,0,0,2,OPEN,-2,IGNORE,,,https://hibid.com/lot/322874235
494,487,322874236,"light green hobnail ceramic jam jar, honey pot","* Glass Relish dishes, Sundae glass, sugar and creamer* March Coffee cup, Cruet, and more",Antiques & Collectibles - Collectibles - Kitchen / Home | Antiques & Collectibles - Collectibles | Antiques & Collectibles,15,0,0,2,OPEN,0,IGNORE,,,https://hibid.com/lot/322874236
495,488,322874237,"Large Crystal bowl, 3 footed diamond point bowl",* Jeanette Heavy Pumpkin covered candy dish,Antiques & Collectibles - Collectibles - Decorative - Bowls | Antiques & Collectibles - Collectibles - Decorative | Antiques & Collectibles - Collectibles | Antiques & Collectibles,10,0,0,2,OPEN,0,IGNORE,,,https://hibid.com/lot/322874237
496,489,322874238,"Cut Glass bowls (6), Pressed glass bowls (5),","* Cut glass relish trays * Pyrex Ramekin (6)",Home Goods & Decor - Home Goods - Kitchen / Housewares | Home Goods & Decor - Home Goods | Home Goods & Decor,17,0,0,2,OPEN,0,IGNORE,,,https://hibid.com/lot/322874238
497,490,322874239,Arcoroc Canterbury Crocus pattern plates (7),"* Salad plates (5), Bowls (3)",Home Goods & Decor - Home Goods - Kitchen / Housewares | Home Goods & Decor - Home Goods | Home Goods & Decor,9,0,0,2,OPEN,-2,IGNORE,,,https://hibid.com/lot/322874239
498,491,322874240,"Large Pitcher, Small Juicer, Crystal bowls",* Etched very heavy sugar bowl,Antiques & Collectibles - Collectibles - Kitchen / Home | Antiques & Collectibles - Collectibles | Antiques & Collectibles,14,0,0,2,OPEN,0,IGNORE,,,https://hibid.com/lot/322874240
499,492,322874241,Silver plated with red velvet trinket box etched,* Vitreon Queen's Lusterware High Ball/Iced Tea Tumblers with metal carrier,Antiques & Collectibles - Collectibles - Kitchen / Home | Antiques & Collectibles - Collectibles | Antiques & Collectibles,14,2,1,3,OPEN,-2,IGNORE,,,https://hibid.com/lot/322874241
500,493,322874242,"Partylite tulip vase, Crystal bowls, Marigold",candy dish,Antiques & Collectibles - Collectibles - Decorative - Vases / Jars | Antiques & Collectibles - Collectibles - Decorative | Antiques & Collectibles - Collectibles | Antiques & Collectibles,8,0,0,2,OPEN,0,IGNORE,,,https://hibid.com/lot/322874242
501,494,322874243,Westmoreland Glass Shell and Jewel Pitcher,"* Crystal Ice Bowl Novelle Glass* Biscuit crystal jar * small cut glass pitcher",Antiques & Collectibles - Collectibles - Pitchers / Decanters | Antiques & Collectibles - Collectibles | Antiques & Collectibles,11,0,0,2,OPEN,0,IGNORE,,,https://hibid.com/lot/322874243
502,495,322874244,"Shirley Temple Pitcher, Blue Mount Vernon plate","* AVON FOSTORIA BLUE GLASS MOUNT VERNON GEORGE WASHINGTON CREAMER/gravy Set 2* Avon Cobalt Blue George Washington Goblet (5)",Antiques & Collectibles - Collectibles - Kitchen / Home | Antiques & Collectibles - Collectibles | Antiques & Collectibles,15,2,1,3,OPEN,0,IGNORE,value,,https://hibid.com/lot/322874244
503,496,322874245,"Hazel Atlas Capri glass dot vase, Cruet, vases",* Cut glass bowl and plate,Antiques & Collectibles - Collectibles - Decorative - Vases / Jars | Antiques & Collectibles - Collectibles - Decorative | Antiques & Collectibles - Collectibles | Antiques & Collectibles,12,0,0,2,OPEN,-2,IGNORE,,,https://hibid.com/lot/322874245
504,497,322874246,"Anchor Hocking Fire-King Rainbow Collection,  Blue","* (6) goblets, (5) bowls, (5) dinner plates, (1) platter",Home Goods & Decor - Home Goods - Kitchen / Housewares | Home Goods & Decor - Home Goods | Home Goods & Decor,9,2,1,3,OPEN,-2,IGNORE,,,https://hibid.com/lot/322874246
505,498,322874247,"1986 Raised Hummel plate, Crystal votive lamps (2)","* Square gold rimmed covered candy compote* Crystal cut glass covered compote",Antiques & Collectibles - Collectibles - Kitchen / Home | Antiques & Collectibles - Collectibles | Antiques & Collectibles,14,2,2,3,OPEN,-2,IGNORE,,,https://hibid.com/lot/322874247
506,499,322874248,"Lead crystal Ice Bucket, Heavy Crystal covered","dish * cut glass small plate and 3 footed candy bowl",Antiques & Collectibles - Collectibles - Kitchen / Home | Antiques & Collectibles - Collectibles | Antiques & Collectibles,10,0,0,2,OPEN,-2,IGNORE,,,https://hibid.com/lot/322874248
507,500,322874249,Indiana Green Glass Serving Dish Bowl Loganberry,"Blackberry Pattern Berry Bowl * Indiana Green Daisy pattern relish tray* Cut glass bowl",Antiques & Collectibles - Collectibles - Decorative - Bowls | Antiques & Collectibles - Collectibles - Decorative | Antiques & Collectibles - Collectibles | Antiques & Collectibles,10,0,0,2,OPEN,0,IGNORE,,,https://hibid.com/lot/322874249
508,501,322874250,Northwood Glass leaf and beads iridescent blue top,"* Satin blue sherbet goblets (2)* Satin clear Sundae goblet* Anchor Hocking Opalescent dot plate",Antiques & Collectibles - Collectibles - Kitchen / Home | Antiques & Collectibles - Collectibles | Antiques & Collectibles,11,3,2,4,OPEN,-2,IGNORE,,,https://hibid.com/lot/322874250
509,502,322874251,Jeanette Glass Gold trimmed open sugar bowls (2),* gold striped salt and pepper shakers,Antiques & Collectibles - Collectibles - Kitchen / Home | Antiques & Collectibles - Collectibles | Antiques & Collectibles,7,0,0,2,OPEN,0,IGNORE,,,https://hibid.com/lot/322874251
510,503,322874252,"Pressed Cut glass cream and sugar,",* Saw tooth edged crystal bowl,Antiques & Collectibles - Collectibles - Kitchen / Home | Antiques & Collectibles - Collectibles | Antiques & Collectibles,8,0,0,2,OPEN,5,PRICE-DEPENDENT,shop,,https://hibid.com/lot/322874252
511,503B,322874253,Crystal Cruet set,,Antiques & Collectibles - Collectibles - Kitchen / Home | Antiques & Collectibles - Collectibles | Antiques & Collectibles,4,0,0,2,OPEN,0,IGNORE,,,https://hibid.com/lot/322874253
512,504,322874254,Indiana Glass Diamond point salt and pepper set,"* Crystal sugar and creamer sets (2)* Crystal pitcher* Avon votive holder",Antiques & Collectibles - Collectibles - Glassware / Kitchenware | Antiques & Collectibles - Collectibles | Antiques & Collectibles,14,0,0,2,OPEN,0,IGNORE,,,https://hibid.com/lot/322874254
513,505,322874255,Imperial Glass Basket Clear Etched Glass. Flower,"Pattern * lead crystal heart bell* Anchor Hocking glass square compote * Anchor Hocking glass plate",Home Goods & Decor - Home Goods - Kitchen / Housewares | Home Goods & Decor - Home Goods | Home Goods & Decor,13,0,0,2,OPEN,-2,IGNORE,,,https://hibid.com/lot/322874255
514,506,322874256,Anchor Hocking Wexford Clear Glass Candy Dish,"* Pressed water goblets (6)* Pressed wine goblets (6)",Home Goods & Decor - Home Goods - Kitchen / Housewares | Home Goods & Decor - Home Goods | Home Goods & Decor,12,0,0,2,OPEN,0,IGNORE,,,https://hibid.com/lot/322874256
515,507,322874257,Crystal cut glass Hobstar fan pitcher,"* Creamers, sugar bowl, Edge saw tooth floral etched open sugar bowl",Antiques & Collectibles - Collectibles - Pitchers / Decanters | Antiques & Collectibles - Collectibles | Antiques & Collectibles,10,0,0,2,OPEN,5,PRICE-DEPENDENT,shop,,https://hibid.com/lot/322874257
516,508,322874258,Anchor Hocking Open lace heart milk glass platter,"* glass pie plate* open lace top fruit bowl * lid* Daisy Bottom bowl by Anchor Hocking",Home Goods & Decor - Home Goods - Kitchen / Housewares | Home Goods & Decor - Home Goods | Home Goods & Decor,16,0,0,2,OPEN,-2,IGNORE,,,https://hibid.com/lot/322874258
517,509,322874259,"Etched glass creamers (2), Sugar bowl, Relish","plate * Toothpick holder",Antiques & Collectibles - Collectibles - Kitchen / Home | Antiques & Collectibles - Collectibles | Antiques & Collectibles,11,0,0,2,OPEN,-2,IGNORE,,,https://hibid.com/lot/322874259
518,510,322874260,Indiana Glass Gaelic Casters Condiment Clear,"Glass Tray * Octagon crystal plate * small crystal bowl",Home Goods & Decor - Home Goods - Kitchen / Housewares | Home Goods & Decor - Home Goods | Home Goods & Decor,9,0,0,2,OPEN,-2,IGNORE,,,https://hibid.com/lot/322874260
519,511,322874261,Mikasa Crystal Etched Floral Glass Bowl with Roses,*Imperlux 3 footed glass bowl,Antiques & Collectibles - Collectibles - Decorative - Bowls | Antiques & Collectibles - Collectibles - Decorative | Antiques & Collectibles - Collectibles | Antiques & Collectibles,15,0,0,2,OPEN,0,IGNORE,,,https://hibid.com/lot/322874261
520,512,322874262,Lead Crystal Glass pieces,"* Divided candy dish, Cruet, Ruffled crystal dish",Antiques & Collectibles - Collectibles - Kitchen / Home | Antiques & Collectibles - Collectibles | Antiques & Collectibles,13,0,0,2,OPEN,0,IGNORE,,,https://hibid.com/lot/322874262
521,513,322874263,Lead Crystal cut glass canisters,* Lead Crystal Glass Nativity pedestal candle holder,Antiques & Collectibles - Collectibles - Kitchen / Home | Antiques & Collectibles - Collectibles | Antiques & Collectibles,12,2,1,3,OPEN,0,IGNORE,,,https://hibid.com/lot/322874263
522,514,322874264,Crystal Glass Butter/Cheese covered dishes,,Antiques & Collectibles - Collectibles - Kitchen / Home | Antiques & Collectibles - Collectibles | Antiques & Collectibles,14,2,1,3,OPEN,0,IGNORE,,,https://hibid.com/lot/322874264
523,515,322874265,Hammered Silver Plate Creamer Pitcher Footed,"Handle * Marigold glass pitcher",Antiques & Collectibles - Collectibles - Pitchers / Decanters | Antiques & Collectibles - Collectibles | Antiques & Collectibles,10,2,1,3,OPEN,-2,IGNORE,,,https://hibid.com/lot/322874265
524,516,322874266,Antique Hanson Brothers 24 LB Kitchen Scale,,Antiques & Collectibles - Antiques - Antique Tools | Antiques & Collectibles - Antiques | Antiques & Collectibles,6,6,5,7,OPEN,4,PRICE-DEPENDENT,shop,,https://hibid.com/lot/322874266
525,517,322874267,Cameo Black Diamond Point Glassware,"* Compote, Canister with lid, Extra lid, Candlestick holder, water glasses (6), Goblets (3)",Home Goods & Decor - Home Goods - Kitchen / Housewares | Home Goods & Decor - Home Goods | Home Goods & Decor,14,13,6,14,OPEN,0,IGNORE,,,https://hibid.com/lot/322874267
526,519,322874268,Royal China Gold designed Soup tureen,* Pie Plates with 24 K gold rim (2),Antiques & Collectibles - Collectibles - Kitchen / Home | Antiques & Collectibles - Collectibles | Antiques & Collectibles,8,0,0,2,OPEN,-4,IGNORE,,,https://hibid.com/lot/322874268
527,520,322874269,"Japanese Moriage Teapot, Gibson Gold Brown teapot","* cream harvest bowl , hand fans",Antiques & Collectibles - Collectibles - Kitchen / Home | Antiques & Collectibles - Collectibles | Antiques & Collectibles,17,2,1,3,OPEN,0,IGNORE,,,https://hibid.com/lot/322874269
528,521,322874270,"China teacups, Gravy Boat with saucer,","* Lenox Hummingbird cup, China floral teapot, Cream and Sugar set",Antiques & Collectibles - Collectibles - China / Lenox Dinnerware | Antiques & Collectibles - Collectibles | Antiques & Collectibles,21,2,1,3,OPEN,-2,IGNORE,,,https://hibid.com/lot/322874270
529,522,322874271,Fenton Hobnail Milkglass Cream and Sugar,"* Gold covered with pebbled roses water glasses, Brown Betty Teapot Hand painted",Antiques & Collectibles - Collectibles - Kitchen / Home | Antiques & Collectibles - Collectibles | Antiques & Collectibles,15,2,1,3,OPEN,0,IGNORE,,,https://hibid.com/lot/322874271
530,523,322874272,Japanese moriage hand Painted teapot,* Japanese Brown glazed hand painted teapot,Antiques & Collectibles - Collectibles - Kitchen / Home | Antiques & Collectibles - Collectibles | Antiques & Collectibles,11,2,1,3,OPEN,0,IGNORE,,,https://hibid.com/lot/322874272
531,524,322874273,"Porcelain bells, Decorative Shoes, Trinket boxes",,Home Goods & Decor - Home Goods - Kitchen / Housewares | Home Goods & Decor - Home Goods | Home Goods & Decor,10,2,1,3,OPEN,0,IGNORE,,,https://hibid.com/lot/322874273
532,525,322874274,Porcelain and China Boot collection,"* tall boot with violets, 1 violet is broken",Antiques & Collectibles - Collectibles - Kitchen / Home | Antiques & Collectibles - Collectibles | Antiques & Collectibles,11,3,2,4,OPEN,-2,IGNORE,,,https://hibid.com/lot/322874274
533,526,322874275,China Dishes,"* (3) section floral plate stamped with Japan * Limoge gold rimmed celery dish* Floral plates (2)* Porcelain fluted divided bowl with lid",Antiques & Collectibles - Collectibles - Kitchen / Home | Antiques & Collectibles - Collectibles | Antiques & Collectibles,13,3,2,4,OPEN,-4,IGNORE,,,https://hibid.com/lot/322874275
534,527,322874276,"Floral China serving bowls, Teacup, Bone China","plate * China tea cup saucers, Creamer and Open sugar bowl",Antiques & Collectibles - Collectibles - China / Lenox Dinnerware | Antiques & Collectibles - Collectibles | Antiques & Collectibles,16,0,0,2,OPEN,-4,IGNORE,,,https://hibid.com/lot/322874276
535,528,322874277,Decorative China Floral bowls,,Antiques & Collectibles - Collectibles - Kitchen / Home | Antiques & Collectibles - Collectibles | Antiques & Collectibles,12,2,1,3,OPEN,-2,IGNORE,,,https://hibid.com/lot/322874277
536,529,322874278,German Porcelain pink ruffled gold trim bowl,"* Bird Serving bowl* porcelain floral basket",Antiques & Collectibles - Collectibles - Decorative - Bowls | Antiques & Collectibles - Collectibles - Decorative | Antiques & Collectibles - Collectibles | Antiques & Collectibles,11,4,3,5,OPEN,0,IGNORE,,,https://hibid.com/lot/322874278
537,530,322874279,"China Tea Cups (3), Floral coffee cup (1)",,Antiques & Collectibles - Collectibles - Kitchen / Home | Antiques & Collectibles - Collectibles | Antiques & Collectibles,7,0,0,2,OPEN,-2,IGNORE,,,https://hibid.com/lot/322874279
538,531,322874280,Pearl Glazed China Cream and sugar sets (2),"* Pearl Glazed Salt and Pepper set * Brown with Gold trim tea pot",Antiques & Collectibles - Collectibles - Kitchen / Home | Antiques & Collectibles - Collectibles | Antiques & Collectibles,17,0,0,2,OPEN,-2,IGNORE,,,https://hibid.com/lot/322874280
539,532,322874281,KINGWOOD 50th Anniversary teapot,"* 50th anniversary salt and pepper set, cream and sugar set, Tea cup, * Jeanette Glass gold rimmed creamers (2)",Antiques & Collectibles - Collectibles - Kitchen / Home | Antiques & Collectibles - Collectibles | Antiques & Collectibles,9,0,0,2,OPEN,0,IGNORE,,,https://hibid.com/lot/322874281
540,533,322874282,Mount Clemens China Sugar and Creamer,"* Gravy Boat, Soup Tureen, Plate",Antiques & Collectibles - Collectibles - Kitchen / Home | Antiques & Collectibles - Collectibles | Antiques & Collectibles,11,0,0,2,OPEN,-4,IGNORE,,,https://hibid.com/lot/322874282
541,534,322874283,Assorted China Plates,"* Lords Supper, Jesus plates* Rosenthal Malmaison Blue Rose plate , smaller Signed hand painted rose plate* Gold rimmed basket style bowl",Antiques & Collectibles - Collectibles - Decorative - Plates | Antiques & Collectibles - Collectibles - Decorative | Antiques & Collectibles - Collectibles | Antiques & Collectibles,18,2,1,3,OPEN,-4,IGNORE,,yes,https://hibid.com/lot/322874283
542,535,322874284,"Assorted China tea cup saucers, serving bowls",* Wisconsin Decorative plate,Antiques & Collectibles - Collectibles - Kitchen / Home | Antiques & Collectibles - Collectibles | Antiques & Collectibles,10,0,0,2,OPEN,-4,IGNORE,,yes,https://hibid.com/lot/322874284
543,536,322874285,"Assorted China plates, Bowls, Tea Cups Saucers",,Antiques & Collectibles - Collectibles - Kitchen / Home | Antiques & Collectibles - Collectibles | Antiques & Collectibles,9,2,1,3,OPEN,-4,IGNORE,,yes,https://hibid.com/lot/322874285
544,537,322874286,Japanese Black Teapot Rooster with Chick on top,of lid,Antiques & Collectibles - Collectibles - Kitchen / Home | Antiques & Collectibles - Collectibles | Antiques & Collectibles,5,3,2,4,OPEN,0,IGNORE,,,https://hibid.com/lot/322874286
545,538,322874287,Relco Redware Black Pheasants Cruets,* Pheasant salt and pepper shakers,Antiques & Collectibles - Collectibles - Kitchen / Home | Antiques & Collectibles - Collectibles | Antiques & Collectibles,8,0,0,2,OPEN,0,IGNORE,,,https://hibid.com/lot/322874287
546,539,322874288,Wall Pocket Tea Kettle With Pot Holder Hooks Red,"Clay * (3) salt and pepper shakers",Home Goods & Decor - Home Goods - Kitchen / Housewares | Home Goods & Decor - Home Goods | Home Goods & Decor,9,5,4,6,OPEN,0,IGNORE,,,https://hibid.com/lot/322874288
547,540,322874289,Gracie Bone China Rose coffee cup with saucer,* Floral Ashtray,Antiques & Collectibles - Collectibles - Kitchen / Home | Antiques & Collectibles - Collectibles | Antiques & Collectibles,6,0,0,2,OPEN,-2,IGNORE,,,https://hibid.com/lot/322874289
548,541,322874290,German China delicate floral teacups (2),,Antiques & Collectibles - Collectibles - Kitchen / Home | Antiques & Collectibles - Collectibles | Antiques & Collectibles,5,2,1,3,OPEN,-2,IGNORE,,,https://hibid.com/lot/322874290
549,542,322874291,"Mid century, yellow and 22k gold creamer and","sugar bowl, * Salt and Pepper shakers",Antiques & Collectibles - Collectibles - Kitchen / Home | Antiques & Collectibles - Collectibles | Antiques & Collectibles,9,3,2,4,OPEN,0,IGNORE,,,https://hibid.com/lot/322874291
550,543,322874292,"Violet Teapot, Girl planter","* Harper Pottery bowl, China pitcher and saucer",Antiques & Collectibles - Collectibles - Kitchen / Home | Antiques & Collectibles - Collectibles | Antiques & Collectibles,13,2,1,3,OPEN,-2,IGNORE,,,https://hibid.com/lot/322874292
551,544,322874293,"Blenko Crackle glass decanter, Relpo Blue Daisy","pitcher on saucer * Blue vase with Japanese design",Antiques & Collectibles - Collectibles - Pitchers / Decanters | Antiques & Collectibles - Collectibles | Antiques & Collectibles,11,58,22,59,OPEN,0,IGNORE,,,https://hibid.com/lot/322874293
552,545,322874294,Household Institute China plates and cup saucers,"* Drip O Lator Coffee Pot Maker Ceramic Floral Pink Flowers Pastel Tea Pot* Inside of a drip coffee pot",Antiques & Collectibles - Collectibles - Kitchen / Home | Antiques & Collectibles - Collectibles | Antiques & Collectibles,15,2,1,3,OPEN,-4,IGNORE,,,https://hibid.com/lot/322874294
553,546,322874295,God Bless our Home hanging Plate,"* Tree of life crystal plate* Crystal Powder Horn Beer mug * China platter, Teacup saucer",Antiques & Collectibles - Collectibles - Kitchen / Home | Antiques & Collectibles - Collectibles | Antiques & Collectibles,12,0,0,2,OPEN,-4,IGNORE,,,https://hibid.com/lot/322874295
554,547,322874296,"Diana Pottery Teapot, Creamer and Sugar set",,Antiques & Collectibles - Collectibles - Kitchen / Home | Antiques & Collectibles - Collectibles | Antiques & Collectibles,10,2,1,3,OPEN,0,IGNORE,,,https://hibid.com/lot/322874296
555,548,322874297,"Milk Glass grapes candy dish, Ruby Red Saucers",* Mothers Pride Free Range Chickens,Antiques & Collectibles - Collectibles - Kitchen / Home | Antiques & Collectibles - Collectibles | Antiques & Collectibles,9,2,1,3,OPEN,0,IGNORE,,,https://hibid.com/lot/322874297
556,549,322874298,Assorted China plates,"* Cream Floral (4), Cream Green design edging (4), Blue and White Dresden plates (5), Mount Rushmore Memorial Plate, Autumn Gold Platter",Antiques & Collectibles - Collectibles - Decorative - Plates | Antiques & Collectibles - Collectibles - Decorative | Antiques & Collectibles - Collectibles | Antiques & Collectibles,12,2,1,3,OPEN,-4,IGNORE,,yes,https://hibid.com/lot/322874298
557,550,322874299,Ruffled Walt Disney World Souvenir plates (2),"* Cut glass cream and sugar* Two handled small bowl two handled",Antiques & Collectibles - Collectibles - Decorative - Plates | Antiques & Collectibles - Collectibles - Decorative | Antiques & Collectibles - Collectibles | Antiques & Collectibles,12,0,0,2,OPEN,-2,IGNORE,,,https://hibid.com/lot/322874299
558,551,322874300,Assorted China plates and Saucers,"* (2) Fruit serving bowls (2), The Lords Prayer plates (2), * Black and Pink Floral dinner plates (2), Cream Pink side floral plates (2)* Hand Painted Fruit plate signed",Antiques & Collectibles - Collectibles - China / Lenox Dinnerware | Antiques & Collectibles - Collectibles | Antiques & Collectibles,14,0,0,2,OPEN,-4,IGNORE,,yes,https://hibid.com/lot/322874300
559,552,322874301,Lochs of Scotland White and Blue  covered bowl,* Lochs of Scotland White and Blue Platter,Antiques & Collectibles - Collectibles - Kitchen / Home | Antiques & Collectibles - Collectibles | Antiques & Collectibles,12,4,3,5,OPEN,0,IGNORE,,,https://hibid.com/lot/322874301
560,553,322874302,"Locks of Scotland Coffee pot, Teapot","* Gravy boat and saucer* (2) plates",Antiques & Collectibles - Collectibles - Kitchen / Home | Antiques & Collectibles - Collectibles | Antiques & Collectibles,9,12,7,13,OPEN,-2,IGNORE,,,https://hibid.com/lot/322874302
561,554,322874303,"Ashley Centennial Plates (2), Honey Pot, Bell","* Two miniature teapots* Fire King Coffee Cups (2)",Antiques & Collectibles - Collectibles - Kitchen / Home | Antiques & Collectibles - Collectibles | Antiques & Collectibles,15,0,0,2,OPEN,-2,IGNORE,,,https://hibid.com/lot/322874303
562,555,322874304,Gone Fix a Flower Teapot and Cream and Sugar by,Gibson,Antiques & Collectibles - Collectibles - Kitchen / Home | Antiques & Collectibles - Collectibles | Antiques & Collectibles,9,12,6,13,OPEN,0,IGNORE,,,https://hibid.com/lot/322874304
563,556,322874305,Carnival Iridescent Star burst plate,* Staffashire Jelly Bowl,Antiques & Collectibles - Collectibles - Decorative - Plates | Antiques & Collectibles - Collectibles - Decorative | Antiques & Collectibles - Collectibles | Antiques & Collectibles,6,0,0,2,OPEN,-2,IGNORE,,,https://hibid.com/lot/322874305
564,557,322874306,"Cut glass salt and pepper shakers, Votive cup",,Antiques & Collectibles - Collectibles - Kitchen / Home | Antiques & Collectibles - Collectibles | Antiques & Collectibles,7,2,1,3,OPEN,0,IGNORE,,,https://hibid.com/lot/322874306
565,558,322874307,Life is better on the Farm plaster wall hanging,"* Farmall Salt and Proper shakers* International Harvester Coffee Mug * John Deere indoor thermometer",Antiques & Collectibles - Collectibles - Advertising | Antiques & Collectibles - Collectibles | Antiques & Collectibles,8,3,2,4,OPEN,8,GOOD OPPORTUNITY,farm|value,,https://hibid.com/lot/322874307
566,559,322874308,Honeycomb Bee salt and pepper shakers,"* Cedar Point Souvenir Jug* Ceramic pot",Antiques & Collectibles - Collectibles - Kitchen / Home | Antiques & Collectibles - Collectibles | Antiques & Collectibles,10,2,1,3,OPEN,0,IGNORE,,,https://hibid.com/lot/322874308
567,560,322874309,Salt and Pepper Shaker sets,"* Chef set* Dicken replicated men shakers* Fruit in a basket* Pig man and woman",Home Goods & Decor - Home Goods - Kitchen / Housewares | Home Goods & Decor - Home Goods | Home Goods & Decor,8,2,1,3,OPEN,0,IGNORE,,,https://hibid.com/lot/322874309
568,561,322874310,"Mother hen with her two chicks, salt and pepper",set,Antiques & Collectibles - Collectibles - Kitchen / Home | Antiques & Collectibles - Collectibles | Antiques & Collectibles,6,8,6,9,OPEN,0,IGNORE,,,https://hibid.com/lot/322874310
569,562,322874311,Plated Metal salt and pepper shakers (2),* Brass set of salt and pepper set,Antiques & Collectibles - Collectibles - Kitchen / Home | Antiques & Collectibles - Collectibles | Antiques & Collectibles,14,0,0,2,OPEN,-2,IGNORE,,,https://hibid.com/lot/322874311
570,563,322874312,Salt and Pepper Shakers,"* Rooster and Hen set* Little pig set * Crystal Glass set",Antiques & Collectibles - Collectibles - Kitchen / Home | Antiques & Collectibles - Collectibles | Antiques & Collectibles,9,2,1,3,OPEN,0,IGNORE,,,https://hibid.com/lot/322874312
571,564,322874313,"Glass salt and pepper sets (2) , Plastic birds o",onlog,Antiques & Collectibles - Collectibles - Kitchen / Home | Antiques & Collectibles - Collectibles | Antiques & Collectibles,6,2,1,3,OPEN,0,IGNORE,,,https://hibid.com/lot/322874313
572,565,322874314,"Spice rack with jars, Hand crank egg beater",* Hand Crank mixer,Antiques & Collectibles - Collectibles - Kitchen / Home | Antiques & Collectibles - Collectibles | Antiques & Collectibles,9,2,1,3,OPEN,0,IGNORE,,,https://hibid.com/lot/322874314
573,566,322874315,Salt and Pepper shakers,"* Strawberry shortcake set* Cut glass set* Wooden set",Antiques & Collectibles - Collectibles - Kitchen / Home | Antiques & Collectibles - Collectibles | Antiques & Collectibles,8,5,2,6,OPEN,0,IGNORE,,,https://hibid.com/lot/322874315
574,567,322874316,"Wooden spice rack with tins, Wooden Rolling Pin",,Home Goods & Decor - Home Goods - Kitchen / Housewares | Home Goods & Decor - Home Goods | Home Goods & Decor,7,12,7,13,OPEN,0,IGNORE,,,https://hibid.com/lot/322874316
575,568,322874317,"Metal Hand Sifters (2), Wooden Rolling pin","* Metal can opener, ice tongs , stainless steel ladle",Home Goods & Decor - Home Goods - Kitchen / Housewares | Home Goods & Decor - Home Goods | Home Goods & Decor,9,3,2,4,OPEN,0,IGNORE,,,https://hibid.com/lot/322874317
576,569,322874318,"Pfaltzgraff Pedestal soup tureen, Hull floral bowl",* ceramic basket style with fruit lid,Antiques & Collectibles - Collectibles - Stoneware / Pfaltzgraff /Earthenware | Antiques & Collectibles - Collectibles | Antiques & Collectibles,15,0,0,2,OPEN,0,IGNORE,,,https://hibid.com/lot/322874318
577,570,322874319,"Ruby Red fluted bowl, Green Hobnail votive holder","* Light green votive holder* Royal Blue to cleat motif bowl",Antiques & Collectibles - Collectibles - Decorative - Bowls | Antiques & Collectibles - Collectibles - Decorative | Antiques & Collectibles - Collectibles | Antiques & Collectibles,9,2,1,3,OPEN,0,IGNORE,,,https://hibid.com/lot/322874319
578,571,322874320,"Fire King Dinosaur bowl , Glass milk bottle from","Holland * Clear glass bowl and Blue glass bowl* compass",Home Goods & Decor - Home Goods - Kitchen / Housewares | Home Goods & Decor - Home Goods | Home Goods & Decor,10,0,0,2,OPEN,0,IGNORE,,,https://hibid.com/lot/322874320
579,572,322874321,Friendship Pottery Coffee pot,* Creamer and sugar set,Art - Pottery / Ceramics | Art,8,0,0,2,OPEN,0,IGNORE,,,https://hibid.com/lot/322874321
580,573,322874322,Japanese Gray Fine China Lilies and Butterflies,"* Tall vase, * Two canisters one missing a lid",Antiques & Collectibles - Collectibles - Decorative - Vases / Jars | Antiques & Collectibles - Collectibles - Decorative | Antiques & Collectibles - Collectibles | Antiques & Collectibles,10,2,1,3,OPEN,-2,IGNORE,,,https://hibid.com/lot/322874322
581,574,322874323,"Anchor Hocking bubble bowl, Fire King white bowls","* Gold and clear glass bowl and glasses * FTD Milk Glass bowl",Home Goods & Decor - Home Goods - Kitchen / Housewares | Home Goods & Decor - Home Goods | Home Goods & Decor,7,0,0,2,OPEN,0,IGNORE,,,https://hibid.com/lot/322874323
582,575,322874324,"Fostoria ""Tut"" Green Uranium Trophy Vase","* Anchor Hocking Jadeite serving bowl * Jadeite Bubble Serving Bowl",Antiques & Collectibles - Collectibles - Decorative - Vases / Jars | Antiques & Collectibles - Collectibles - Decorative | Antiques & Collectibles - Collectibles | Antiques & Collectibles,11,8,5,9,OPEN,5,PRICE-DEPENDENT,value,,https://hibid.com/lot/322874324
583,576,322874325,Porcelain Tall decorative boots,,Antiques & Collectibles - Collectibles - Figurines | Antiques & Collectibles - Collectibles | Antiques & Collectibles,5,0,0,2,OPEN,-2,IGNORE,,,https://hibid.com/lot/322874325
584,577,322874326,Victorian decorative shoes,,Antiques & Collectibles - Collectibles - Kitchen / Home | Antiques & Collectibles - Collectibles | Antiques & Collectibles,5,2,1,3,OPEN,0,IGNORE,,,https://hibid.com/lot/322874326
585,578,322874327,"Happy Birthday Teacup, Creamer and sugar",,Antiques & Collectibles - Collectibles - Kitchen / Home | Antiques & Collectibles - Collectibles | Antiques & Collectibles,9,2,1,3,OPEN,0,IGNORE,,,https://hibid.com/lot/322874327
586,579,322874328,"Porcelain Tall Decorative Boot, Baby shoe",,Antiques & Collectibles - Collectibles - Figurines | Antiques & Collectibles - Collectibles | Antiques & Collectibles,5,0,0,2,OPEN,-2,IGNORE,,,https://hibid.com/lot/322874328
587,580,322874329,Porcelain High heel decorative shoe,* China pink shoe 3D Yellow rose,Antiques & Collectibles - Collectibles - Kitchen / Home | Antiques & Collectibles - Collectibles | Antiques & Collectibles,9,0,0,2,OPEN,-2,IGNORE,,,https://hibid.com/lot/322874329
588,581,322874330,Victorian China creamer and sugar bowl,,Antiques & Collectibles - Collectibles - Kitchen / Home | Antiques & Collectibles - Collectibles | Antiques & Collectibles,5,2,1,3,OPEN,-2,IGNORE,,,https://hibid.com/lot/322874330
589,582,322874331,Japanese vase bird with floral,,Antiques & Collectibles - Collectibles - Decorative - Vases / Jars | Antiques & Collectibles - Collectibles - Decorative | Antiques & Collectibles - Collectibles | Antiques & Collectibles,3,2,1,3,OPEN,0,IGNORE,,,https://hibid.com/lot/322874331
590,583,322874332,Porcelain shoes with 3d roses,,Antiques & Collectibles - Collectibles - Figurines | Antiques & Collectibles - Collectibles | Antiques & Collectibles,5,0,0,2,OPEN,-2,IGNORE,,,https://hibid.com/lot/322874332
591,584,322874333,Porcelain Shoes (2),,Antiques & Collectibles - Collectibles - Figurines | Antiques & Collectibles - Collectibles | Antiques & Collectibles,5,0,0,2,OPEN,-2,IGNORE,,,https://hibid.com/lot/322874333
592,585,322874334,EP Zinc Grape Vine Sugar and Creamer Set,From Japan,Antiques & Collectibles - Collectibles - Kitchen / Home | Antiques & Collectibles - Collectibles | Antiques & Collectibles,6,2,1,3,OPEN,0,IGNORE,,,https://hibid.com/lot/322874334
593,586,322874335,Norman Rockwell Cups(4),,Antiques & Collectibles - Collectibles - Kitchen / Home | Antiques & Collectibles - Collectibles | Antiques & Collectibles,8,0,0,2,OPEN,0,IGNORE,,,https://hibid.com/lot/322874335
594,586B,322874336,Hobnail Votive Candle,,Home Goods & Decor - Home Goods - Kitchen / Housewares | Home Goods & Decor - Home Goods | Home Goods & Decor,10,2,1,3,OPEN,0,IGNORE,,,https://hibid.com/lot/322874336
595,587,322874337,Porcelain Pitcher(2) Bells(2),,Antiques & Collectibles - Collectibles - Kitchen / Home | Antiques & Collectibles - Collectibles | Antiques & Collectibles,12,2,1,3,OPEN,0,IGNORE,,,https://hibid.com/lot/322874337
596,588,322874338,Cobalt Blue Oil Lamp,,Antiques & Collectibles - Antiques - Antique Lamps | Antiques & Collectibles - Antiques | Antiques & Collectibles,6,9,6,10,OPEN,0,IGNORE,,,https://hibid.com/lot/322874338
597,589,322874339,Ceramic Rooster and Hen Figurine,,Antiques & Collectibles - Collectibles - Figurines | Antiques & Collectibles - Collectibles | Antiques & Collectibles,5,0,0,2,OPEN,-2,IGNORE,,,https://hibid.com/lot/322874339
598,590,322874340,Milk Glass Salt and Pepper Shaker,,Antiques & Collectibles - Collectibles - Kitchen / Home | Antiques & Collectibles - Collectibles | Antiques & Collectibles,4,2,1,3,OPEN,0,IGNORE,,,https://hibid.com/lot/322874340
599,591,322874341,Mustache Cups(2),,Antiques & Collectibles - Collectibles - Kitchen / Home | Antiques & Collectibles - Collectibles | Antiques & Collectibles,5,2,1,3,OPEN,0,IGNORE,,,https://hibid.com/lot/322874341
600,592,322874342,"Sea Shell Salt and Pepper Shaker, Sea Shells",,Antiques & Collectibles - Collectibles - Kitchen / Home | Antiques & Collectibles - Collectibles | Antiques & Collectibles,7,0,0,2,OPEN,0,IGNORE,,,https://hibid.com/lot/322874342
601,593,322874343,"Pink Ruffled Bud Vase, Lady Head Vase Planter",Pink Ruffled Bud Vase Needs Side Handle Glued Back On,Antiques & Collectibles - Collectibles - Decorative - Vases / Jars | Antiques & Collectibles - Collectibles - Decorative | Antiques & Collectibles - Collectibles | Antiques & Collectibles,8,19,15,20,OPEN,0,IGNORE,,,https://hibid.com/lot/322874343
602,594,322874344,"Wooden Dominoes Box, Miniature Blue Ceramic Dutch","Clogs, Small Blue Ceramic Train Figurine, Pair of Mini Natural Wooden Clogs, Silver Toned Miniature Urn/Toothpick Holder",Home Goods & Decor - Home Goods - Kitchen / Housewares | Home Goods & Decor - Home Goods | Home Goods & Decor,7,0,0,2,OPEN,-2,IGNORE,,,https://hibid.com/lot/322874344
603,595,322874345,Avon Bottles (2),,Antiques & Collectibles - Collectibles - Kitchen / Home | Antiques & Collectibles - Collectibles | Antiques & Collectibles,6,2,1,3,OPEN,0,IGNORE,,,https://hibid.com/lot/322874345
604,596,322874346,Holiday Wine Classes (3),,Home Goods & Decor - Home Goods - Kitchen / Housewares | Home Goods & Decor - Home Goods | Home Goods & Decor,8,0,0,2,OPEN,0,IGNORE,,,https://hibid.com/lot/322874346
605,597,322874347,"Porcelain Pink Boots(2), Candlestick Holder",,Antiques & Collectibles - Collectibles - Figurines | Antiques & Collectibles - Collectibles | Antiques & Collectibles,12,0,0,2,OPEN,-2,IGNORE,,,https://hibid.com/lot/322874347
606,598,322874348,"Porcelain Bud Vase, Duck Planter",,Antiques & Collectibles - Collectibles - Decorative - Vases / Jars | Antiques & Collectibles - Collectibles - Decorative | Antiques & Collectibles - Collectibles | Antiques & Collectibles,9,2,1,3,OPEN,0,IGNORE,,,https://hibid.com/lot/322874348
607,599,322874349,"Enoch Wedgewood Countryside Pattern, Tea Cups(4)",Salt & Pepper Shakers(2),Antiques & Collectibles - Collectibles - Kitchen / Home | Antiques & Collectibles - Collectibles | Antiques & Collectibles,11,3,2,4,OPEN,-2,IGNORE,,,https://hibid.com/lot/322874349
608,600,322874350,Nuova Capodimonte Italian Porcelain Decorative Set,,Antiques & Collectibles - Collectibles - Kitchen / Home | Antiques & Collectibles - Collectibles | Antiques & Collectibles,10,0,0,2,OPEN,0,IGNORE,,,https://hibid.com/lot/322874350
609,601,322874351,"Bud Vases, Genie Lamp, Classic Treasures Clock",,Home Goods & Decor - Home Goods - Lighting - Lamps | Home Goods & Decor - Home Goods - Lighting | Home Goods & Decor - Home Goods | Home Goods & Decor,15,0,0,2,OPEN,0,IGNORE,,,https://hibid.com/lot/322874351
610,602,322874352,Trinket Boxes,,Home Goods & Decor - Home Goods - Kitchen / Housewares | Home Goods & Decor - Home Goods | Home Goods & Decor,12,2,1,3,OPEN,0,IGNORE,,,https://hibid.com/lot/322874352
611,603,322874353,"Bicentennial Glass Plates 1776, Miniature",Baskets(2),Antiques & Collectibles - Collectibles - Decorative - Plates | Antiques & Collectibles - Collectibles - Decorative | Antiques & Collectibles - Collectibles | Antiques & Collectibles,15,2,1,3,OPEN,-2,IGNORE,,,https://hibid.com/lot/322874353
612,604,322874354,Metal Sailing Ship,,Art - Sculptures / Carvings / Statues | Art,6,2,1,3,OPEN,0,IGNORE,,,https://hibid.com/lot/322874354
613,605,322874355,Stanford Sebring Pottery Duck & Bowl,,Art - Pottery / Ceramics | Art,12,6,5,7,OPEN,0,IGNORE,,,https://hibid.com/lot/322874355
614,606,322874356,Sip ‘ N Strip Fantasy Glasses (4),,Home Goods & Decor - Home Goods - Kitchen / Housewares | Home Goods & Decor - Home Goods | Home Goods & Decor,5,26,12,27,OPEN,0,IGNORE,,,https://hibid.com/lot/322874356
615,607,322874357,Glass Insulators (4),,Home Goods & Decor - Home Goods - Kitchen / Housewares | Home Goods & Decor - Home Goods | Home Goods & Decor,5,3,2,4,OPEN,0,IGNORE,,,https://hibid.com/lot/322874357
616,608,322874358,Glass Insulators (4),,Home Goods & Decor - Home Goods - Kitchen / Housewares | Home Goods & Decor - Home Goods | Home Goods & Decor,6,3,2,4,OPEN,0,IGNORE,,,https://hibid.com/lot/322874358
617,609,322874359,Clear Glass Insulators(3),,Home Goods & Decor - Home Goods - Kitchen / Housewares | Home Goods & Decor - Home Goods | Home Goods & Decor,5,4,3,5,OPEN,0,IGNORE,,,https://hibid.com/lot/322874359
618,610,322874360,"Lidded Trinket Box, White Porcelain Bud Vase",,Antiques & Collectibles - Collectibles - Decorative - Vases / Jars | Antiques & Collectibles - Collectibles - Decorative | Antiques & Collectibles - Collectibles | Antiques & Collectibles,15,0,0,2,OPEN,0,IGNORE,,,https://hibid.com/lot/322874360
619,611,322874361,Sliver-Plated on Copper Silent Butler,Bromwell’s Measuring-Shifter,Antiques & Collectibles - Collectibles - Kitchen / Home | Antiques & Collectibles - Collectibles | Antiques & Collectibles,13,3,2,4,OPEN,-2,IGNORE,,,https://hibid.com/lot/322874361
620,612,322874362,"Knick Knack Display Shelf, Metal Flower Can, Oil",Can,Business & Industrial - Business / Retail - Displays / Display Cases | Business & Industrial - Business / Retail | Business & Industrial,7,5,3,6,OPEN,0,IGNORE,,,https://hibid.com/lot/322874362
621,613,322874363,Floral Vases (6),,Antiques & Collectibles - Collectibles - Decorative - Vases / Jars | Antiques & Collectibles - Collectibles - Decorative | Antiques & Collectibles - Collectibles | Antiques & Collectibles,15,3,2,4,OPEN,0,IGNORE,,,https://hibid.com/lot/322874363
622,614,322874364,"Pedestal Decorative Bird Bath, Jeannette Powered",Jar,Lawn & Garden - Outdoors | Lawn & Garden,14,0,0,2,OPEN,5,PRICE-DEPENDENT,property,,https://hibid.com/lot/322874364
623,615,322874365,Decorative Carousel Music Boxes (3),,Antiques & Collectibles - Collectibles - Figurines | Antiques & Collectibles - Collectibles | Antiques & Collectibles,12,2,1,3,OPEN,-2,IGNORE,,,https://hibid.com/lot/322874365
624,616,322874366,Decorative Musical Box(2),,Antiques & Collectibles - Collectibles - Figurines | Antiques & Collectibles - Collectibles | Antiques & Collectibles,10,3,2,4,OPEN,-2,IGNORE,,,https://hibid.com/lot/322874366
625,617,322874367,Wood Coasters w/ Caddy Holder(2),,Home Goods & Decor - Home Goods - Kitchen / Housewares | Home Goods & Decor - Home Goods | Home Goods & Decor,10,0,0,2,OPEN,0,IGNORE,,,https://hibid.com/lot/322874367
626,618,322874368,Decorative Ceramic Garden Gnomes(5),,Lawn & Garden - Outdoors | Lawn & Garden,4,4,3,5,OPEN,4,PRICE-DEPENDENT,property,,https://hibid.com/lot/322874368
627,618B,322874369,Glass Bottle and Plastic Bottles w/ Contents,,Home Goods & Decor - Home Goods - Kitchen / Housewares | Home Goods & Decor - Home Goods | Home Goods & Decor,10,2,1,3,OPEN,0,IGNORE,,,https://hibid.com/lot/322874369
628,619,322874370,"Bottle Opener, Bud Vase, Candle Holder",,Home Goods & Decor - Home Goods - Kitchen / Housewares | Home Goods & Decor - Home Goods | Home Goods & Decor,12,2,1,3,OPEN,0,IGNORE,,,https://hibid.com/lot/322874370
629,620,322874371,Jacques Seeds Cup,,Antiques & Collectibles - Collectibles - Advertising | Antiques & Collectibles - Collectibles | Antiques & Collectibles,6,0,0,2,OPEN,0,IGNORE,,,https://hibid.com/lot/322874371
630,621,322874372,Miniature Wooden Spinning Wheel,,Antiques & Collectibles - Antiques - Antique Furniture | Antiques & Collectibles - Antiques | Antiques & Collectibles,9,2,1,3,OPEN,0,IGNORE,,,https://hibid.com/lot/322874372
631,622,322874373,Brass Greek Warrior in Chariot & Bullock Cart,,Art - Sculptures / Carvings / Statues | Art,11,2,1,3,OPEN,0,IGNORE,,,https://hibid.com/lot/322874373
632,623,322874374,Ford Model T Musical Liquor Decanter,,Antiques & Collectibles - Collectibles - Kitchen / Home | Antiques & Collectibles - Collectibles | Antiques & Collectibles,8,18,5,19,OPEN,0,IGNORE,,,https://hibid.com/lot/322874374
633,624,322874375,Cat Figurines (5),,Antiques & Collectibles - Collectibles - Figurines | Antiques & Collectibles - Collectibles | Antiques & Collectibles,7,2,1,3,OPEN,-2,IGNORE,,,https://hibid.com/lot/322874375
634,625,322874376,Ceramic Figurines (2) Boat,,Antiques & Collectibles - Collectibles - Figurines | Antiques & Collectibles - Collectibles | Antiques & Collectibles,11,2,1,3,OPEN,-2,IGNORE,,,https://hibid.com/lot/322874376
635,626,322874377,"Long Footed Planter, Double-Handle Bud Vase(2)",,Antiques & Collectibles - Collectibles - Decorative - Vases / Jars | Antiques & Collectibles - Collectibles - Decorative | Antiques & Collectibles - Collectibles | Antiques & Collectibles,11,2,1,3,OPEN,0,IGNORE,,,https://hibid.com/lot/322874377
636,627,322874378,"Coke Drinking Glass, Coca-Cola Tin, Toothpick",Dispenser,Antiques & Collectibles - Collectibles - Advertising | Antiques & Collectibles - Collectibles | Antiques & Collectibles,22,3,2,4,OPEN,0,IGNORE,,,https://hibid.com/lot/322874378
637,628,322874379,Campfire Popcorn Popper,,Home Goods & Decor - Home Goods - Kitchen / Housewares | Home Goods & Decor - Home Goods | Home Goods & Decor,5,2,1,3,OPEN,0,IGNORE,,,https://hibid.com/lot/322874379
638,629,322874380,Matador Bull Fighting Wall Plaque,,Home Goods & Decor - Home Goods - Kitchen / Housewares | Home Goods & Decor - Home Goods | Home Goods & Decor,4,0,0,2,OPEN,0,IGNORE,,,https://hibid.com/lot/322874380
639,630,322874381,Brass Small Loving Birds Cup Vases(2) Mini Pitcher,,Antiques & Collectibles - Collectibles - Decorative - Vases / Jars | Antiques & Collectibles - Collectibles - Decorative | Antiques & Collectibles - Collectibles | Antiques & Collectibles,11,5,4,6,OPEN,0,IGNORE,,,https://hibid.com/lot/322874381
640,631,322874382,Armillary Sphere Globe,,Antiques & Collectibles - Antiques - Maps / Globes | Antiques & Collectibles - Antiques | Antiques & Collectibles,5,4,3,5,OPEN,4,PRICE-DEPENDENT,shop,,https://hibid.com/lot/322874382
641,632,322874383,Cow Bells (3),,Antiques & Collectibles - Collectibles - Kitchen / Home | Antiques & Collectibles - Collectibles | Antiques & Collectibles,5,3,2,4,OPEN,0,IGNORE,,,https://hibid.com/lot/322874383
642,633,322874384,Brass Pocket Balance,,Antiques & Collectibles - Collectibles - Kitchen / Home | Antiques & Collectibles - Collectibles | Antiques & Collectibles,5,2,1,3,OPEN,0,IGNORE,,,https://hibid.com/lot/322874384
643,634,322874385,Brass Bells(2),,Antiques & Collectibles - Collectibles - Kitchen / Home | Antiques & Collectibles - Collectibles | Antiques & Collectibles,4,4,2,5,OPEN,0,IGNORE,,,https://hibid.com/lot/322874385
644,635,322874386,Cigarette Tabacco Tin (4),,Antiques & Collectibles - Collectibles - Advertising | Antiques & Collectibles - Collectibles | Antiques & Collectibles,5,6,4,7,OPEN,0,IGNORE,,,https://hibid.com/lot/322874386
645,636,322874387,"Double Roller Pasta Cutter, Mini Sifters, Steamer","Glass Shaker,Mini Sifters 1 is Trigger  Handle & 1 Is A Crank Handle",Home Goods & Decor - Home Goods - Kitchen / Housewares | Home Goods & Decor - Home Goods | Home Goods & Decor,10,2,1,3,OPEN,0,IGNORE,,,https://hibid.com/lot/322874387
646,637,322874388,Cigarette Tobacco Tins (4),,Antiques & Collectibles - Collectibles - Tobacciana / Lighters / Tobacco Pipes | Antiques & Collectibles - Collectibles | Antiques & Collectibles,4,2,1,3,OPEN,4,PRICE-DEPENDENT,property,,https://hibid.com/lot/322874388
647,638,322874389,Rolls-Royce Radiator-Shaped Musical Liquor,Decanter,Antiques & Collectibles - Collectibles - Kitchen / Home | Antiques & Collectibles - Collectibles | Antiques & Collectibles,7,2,1,3,OPEN,0,IGNORE,,,https://hibid.com/lot/322874389
648,639,322874390,Red Lantern (2),,Antiques & Collectibles - Antiques - Antique Lamps | Antiques & Collectibles - Antiques | Antiques & Collectibles,13,4,3,5,OPEN,0,IGNORE,,,https://hibid.com/lot/322874390
649,640,322874391,Cast Iron Decorative Kitchen Utensils (4),,Home Goods & Decor - Home Goods - Kitchen / Housewares | Home Goods & Decor - Home Goods | Home Goods & Decor,4,3,2,4,OPEN,0,IGNORE,,,https://hibid.com/lot/322874391
650,641,322874392,"Yellow Metal Matchbox Holder, Letter Opener",,Antiques & Collectibles - Collectibles - Kitchen / Home | Antiques & Collectibles - Collectibles | Antiques & Collectibles,8,2,1,3,OPEN,0,IGNORE,,,https://hibid.com/lot/322874392
651,642,322874393,"Brass Water Wonderland Plate, Brass Shoes",,Antiques & Collectibles - Collectibles - Decorative - Plates | Antiques & Collectibles - Collectibles - Decorative | Antiques & Collectibles - Collectibles | Antiques & Collectibles,11,0,0,2,OPEN,-2,IGNORE,,,https://hibid.com/lot/322874393
652,643,322874394,"Cast Iron Owl Wall-Mount Hook, Letter Opener",,Home Goods & Decor - Home Goods - Kitchen / Housewares | Home Goods & Decor - Home Goods | Home Goods & Decor,9,4,3,5,OPEN,0,IGNORE,,,https://hibid.com/lot/322874394
653,644,322874395,Salt and Pepper Shaker,,Home Goods & Decor - Home Goods - Kitchen / Housewares | Home Goods & Decor - Home Goods | Home Goods & Decor,4,2,1,3,OPEN,0,IGNORE,,,https://hibid.com/lot/322874395
654,645,322874396,Cast Iron Nutcracker,,Antiques & Collectibles - Collectibles - Kitchen / Home | Antiques & Collectibles - Collectibles | Antiques & Collectibles,7,2,1,3,OPEN,0,IGNORE,,,https://hibid.com/lot/322874396
655,646,322874397,Empty Glass Bottles (4) Mini Hand Mixer,,Antiques & Collectibles - Collectibles - Kitchen / Home | Antiques & Collectibles - Collectibles | Antiques & Collectibles,7,0,0,2,OPEN,0,IGNORE,,,https://hibid.com/lot/322874397
656,647,322874398,Amberina Glass Hobnail Toothpick Holder,Other Toothpick and Tea-Light  Holder,Antiques & Collectibles - Collectibles - Kitchen / Home | Antiques & Collectibles - Collectibles | Antiques & Collectibles,9,9,5,10,OPEN,0,IGNORE,,,https://hibid.com/lot/322874398
657,648,322874399,Veterinary Syringes and Stethoscopes,,Business & Industrial - Medical Supplies / Lab Equipment | Business & Industrial,10,0,0,2,OPEN,0,IGNORE,,,https://hibid.com/lot/322874399
658,649,322874400,Trinket Jewelry Boxes,,"Jewelry, Watches & Gemstones - Jewelry - Fashion / Costume | Jewelry, Watches & Gemstones - Jewelry | Jewelry, Watches & Gemstones",15,4,3,5,OPEN,-2,IGNORE,,,https://hibid.com/lot/322874400
659,650,322874401,"Humpty Dumpty Blue Glass Mug, Blue Glass Powder Ja","Jar, Small Blue Glass Vial, 1910 Ford Model T Die-cast miniature toy car, Die-cast Metal Toy Tractor Case Replica",Antiques & Collectibles - Collectibles - Kitchen / Home | Antiques & Collectibles - Collectibles | Antiques & Collectibles,12,0,0,2,OPEN,5,PRICE-DEPENDENT,farm,,https://hibid.com/lot/322874401
660,651,322874402,Brass Bells (3),,Antiques & Collectibles - Collectibles - Kitchen / Home | Antiques & Collectibles - Collectibles | Antiques & Collectibles,4,2,1,3,OPEN,0,IGNORE,,,https://hibid.com/lot/322874402
661,652,322874403,"Celluloid Button W/Portrait "" The Robey Mfg Co""",WWII Style E Production Award Pin,Antiques & Collectibles - Militaria & War Collectibles - World War II | Antiques & Collectibles - Militaria & War Collectibles | Antiques & Collectibles,5,3,2,4,OPEN,0,IGNORE,,,https://hibid.com/lot/322874403
662,653,322874404,"Metal Eagle, Eagle Picture",,Art - Prints / Lithographs | Art,11,0,0,2,OPEN,0,IGNORE,,,https://hibid.com/lot/322874404
663,654,322874405,"Tin Spices, Cigarette Tabacco Tin",,Antiques & Collectibles - Collectibles - Advertising | Antiques & Collectibles - Collectibles | Antiques & Collectibles,7,3,2,4,OPEN,0,IGNORE,,,https://hibid.com/lot/322874405
664,655,322874406,Yankee Drummer Coffee House Sign,,Antiques & Collectibles - Collectibles - Signs | Antiques & Collectibles - Collectibles | Antiques & Collectibles,6,2,2,3,OPEN,0,IGNORE,,,https://hibid.com/lot/322874406
665,656,322874407,Mama’s Kosher Kitchen Wall Sign,,Antiques & Collectibles - Collectibles - Signs | Antiques & Collectibles - Collectibles | Antiques & Collectibles,7,4,3,5,OPEN,0,IGNORE,,,https://hibid.com/lot/322874407
666,657,322874408,Coca-Cola Tray American Homestead Spring Tray,American Homestead Summer Tray,Antiques & Collectibles - Collectibles - Advertising | Antiques & Collectibles - Collectibles | Antiques & Collectibles,11,0,0,2,OPEN,0,IGNORE,,,https://hibid.com/lot/322874408
667,658,322874409,1977 Grandma Franklin Tray(2),,Antiques & Collectibles - Collectibles - Kitchen / Home | Antiques & Collectibles - Collectibles | Antiques & Collectibles,5,2,1,3,OPEN,0,IGNORE,,,https://hibid.com/lot/322874409
668,659,322874410,Metal Dragon Head For Walking Can & Brass Cat,,Art - Sculptures / Carvings / Statues | Art,9,3,2,4,OPEN,0,IGNORE,,,https://hibid.com/lot/322874410
669,660,322874411,"Solid Brass Musical Horse, Horses Figurines",,Antiques & Collectibles - Collectibles - Figurines | Antiques & Collectibles - Collectibles | Antiques & Collectibles,9,6,5,7,OPEN,2,IGNORE,farm,,https://hibid.com/lot/322874411
670,661,322874412,Brass Unicorn Statue(2),,Art - Sculptures / Carvings / Statues | Art,8,4,3,5,OPEN,0,IGNORE,,,https://hibid.com/lot/322874412
671,662,322874413,Elephant Figurines,,Antiques & Collectibles - Collectibles - Figurines | Antiques & Collectibles - Collectibles | Antiques & Collectibles,10,2,1,3,OPEN,-2,IGNORE,,,https://hibid.com/lot/322874413
672,663,322874414,"Spelter Clock Topper, Brass Horse Figurine",,Antiques & Collectibles - Collectibles - Figurines | Antiques & Collectibles - Collectibles | Antiques & Collectibles,13,3,2,4,OPEN,2,IGNORE,farm,,https://hibid.com/lot/322874414
673,664,322874415,Solid Brass Animals (5),,Antiques & Collectibles - Collectibles - Figurines | Antiques & Collectibles - Collectibles | Antiques & Collectibles,12,15,10,16,OPEN,-2,IGNORE,,,https://hibid.com/lot/322874415
674,665,322874416,Clown Figurines (4),,Antiques & Collectibles - Collectibles - Figurines | Antiques & Collectibles - Collectibles | Antiques & Collectibles,5,2,1,3,OPEN,-2,IGNORE,,,https://hibid.com/lot/322874416
675,666,322874417,Mammy Ceramic Salt & Pepper Shaker,,Antiques & Collectibles - Collectibles - Kitchen / Home | Antiques & Collectibles - Collectibles | Antiques & Collectibles,5,7,6,8,OPEN,-2,IGNORE,,,https://hibid.com/lot/322874417
676,667,322874418,Manny Salt and Pepper Shakers,,Antiques & Collectibles - Collectibles - Kitchen / Home | Antiques & Collectibles - Collectibles | Antiques & Collectibles,5,5,4,6,OPEN,0,IGNORE,,,https://hibid.com/lot/322874418
677,668,322874419,Pappy Bells (2),,Antiques & Collectibles - Collectibles - Kitchen / Home | Antiques & Collectibles - Collectibles | Antiques & Collectibles,6,12,7,13,OPEN,0,IGNORE,,,https://hibid.com/lot/322874419
678,669,322874420,Cast Iron Mammy Coin Bank,,Antiques & Collectibles - Collectibles - Kitchen / Home | Antiques & Collectibles - Collectibles | Antiques & Collectibles,6,25,17,26,OPEN,0,IGNORE,,,https://hibid.com/lot/322874420
679,670,322874421,Ceramic Sport Figurines Coin Bank,,Antiques & Collectibles - Collectibles - Figurines | Antiques & Collectibles - Collectibles | Antiques & Collectibles,13,0,0,2,OPEN,-2,IGNORE,,,https://hibid.com/lot/322874421
680,671,322874422,"Don Sharkey, John Deere Wall Thermometer",,Antiques & Collectibles - Collectibles - Advertising | Antiques & Collectibles - Collectibles | Antiques & Collectibles,6,8,6,9,OPEN,3,PRICE-DEPENDENT,value,,https://hibid.com/lot/322874422
681,672,322874423,Don Sharkey Implement Store Yard Stick,,Antiques & Collectibles - Collectibles - Advertising | Antiques & Collectibles - Collectibles | Antiques & Collectibles,6,14,11,15,OPEN,0,IGNORE,,,https://hibid.com/lot/322874423
682,673,322874424,The Perfectscope Stereoscope Viewer,,Computers & Electronics - Cameras & Camera Accessories - Vintage Cameras | Computers & Electronics - Cameras & Camera Accessories | Computers & Electronics,9,2,1,3,OPEN,0,IGNORE,,,https://hibid.com/lot/322874424
683,674,322874425,1:18 1999 Chevrolet Silverado Collection,,Toys - Vintage / Antique Toys | Toys,9,3,2,4,OPEN,0,IGNORE,,,https://hibid.com/lot/322874425
684,675,322874426,Small Jewelry Box,,"Jewelry, Watches & Gemstones - Jewelry - Fashion / Costume | Jewelry, Watches & Gemstones - Jewelry | Jewelry, Watches & Gemstones",7,4,3,5,OPEN,-2,IGNORE,,,https://hibid.com/lot/322874426
685,676,322874427,"Dreamcatcher, Belt Buckle, Floral Pin",,Fashion - Women's Accessories | Fashion,11,2,1,3,OPEN,0,IGNORE,,,https://hibid.com/lot/322874427
686,677,322874428,Geneva Women’s Watches (2),,"Jewelry, Watches & Gemstones - Watches - Women's Watches | Jewelry, Watches & Gemstones - Watches | Jewelry, Watches & Gemstones",10,0,0,2,OPEN,0,IGNORE,,,https://hibid.com/lot/322874428
687,678,322874429,Women’s Watches (5),,"Jewelry, Watches & Gemstones - Watches - Women's Watches | Jewelry, Watches & Gemstones - Watches | Jewelry, Watches & Gemstones",22,0,0,2,OPEN,0,IGNORE,,,https://hibid.com/lot/322874429
688,679,322874430,Pocket Watches (3),,"Jewelry, Watches & Gemstones - Watches - Pocket Watches | Jewelry, Watches & Gemstones - Watches | Jewelry, Watches & Gemstones",15,19,8,20,OPEN,0,IGNORE,,,https://hibid.com/lot/322874430
689,680,322874431,Phinney-Walker Alarm Clock w/ UV Reacting Dials,Compass,Home Goods & Decor - Home Goods - Clocks | Home Goods & Decor - Home Goods | Home Goods & Decor,15,0,0,2,OPEN,0,IGNORE,,,https://hibid.com/lot/322874431
690,681,322874432,Men’s Watches w/ UV Glowing Dials (4) Total (7),Missing Glass Pieces,"Jewelry, Watches & Gemstones - Watches - Men's Watches | Jewelry, Watches & Gemstones - Watches | Jewelry, Watches & Gemstones",29,2,1,3,OPEN,0,IGNORE,,,https://hibid.com/lot/322874432
691,682,322874433,Men’s Watches (8),Missing Clips,"Jewelry, Watches & Gemstones - Watches - Men's Watches | Jewelry, Watches & Gemstones - Watches | Jewelry, Watches & Gemstones",15,0,0,2,OPEN,0,IGNORE,,,https://hibid.com/lot/322874433
692,683,322874434,Men’s Watches (8),,"Jewelry, Watches & Gemstones - Watches - Men's Watches | Jewelry, Watches & Gemstones - Watches | Jewelry, Watches & Gemstones",31,0,0,2,OPEN,0,IGNORE,,,https://hibid.com/lot/322874434
693,684,322874435,"Women’s Holiday & Butterfly Pin, Dax Hand Watch",,"Jewelry, Watches & Gemstones - Watches - Women's Watches | Jewelry, Watches & Gemstones - Watches | Jewelry, Watches & Gemstones",8,0,0,2,OPEN,0,IGNORE,,,https://hibid.com/lot/322874435
694,685,322874436,Watch Pieces,,"Jewelry, Watches & Gemstones - Watches - Parts / Tools / Accessories | Jewelry, Watches & Gemstones - Watches | Jewelry, Watches & Gemstones",5,2,1,3,OPEN,4,PRICE-DEPENDENT,shop,,https://hibid.com/lot/322874436
695,686,322874437,Women’s Watches (8),,"Jewelry, Watches & Gemstones - Watches - Women's Watches | Jewelry, Watches & Gemstones - Watches | Jewelry, Watches & Gemstones",30,0,0,2,OPEN,0,IGNORE,,,https://hibid.com/lot/322874437
696,687,322874438,Men’s and Women’s Watches (10),Unsure of working conditions,"Jewelry, Watches & Gemstones - Watches - Women's Watches | Jewelry, Watches & Gemstones - Watches | Jewelry, Watches & Gemstones",9,2,1,3,OPEN,0,IGNORE,,,https://hibid.com/lot/322874438
697,688,322874439,Women Watches (5),,"Jewelry, Watches & Gemstones - Watches - Women's Watches | Jewelry, Watches & Gemstones - Watches | Jewelry, Watches & Gemstones",14,0,0,2,OPEN,0,IGNORE,,,https://hibid.com/lot/322874439
698,689,322874440,Wooden Manual Hand-Crank Coffee Grinder,,Antiques & Collectibles - Collectibles - Kitchen / Home | Antiques & Collectibles - Collectibles | Antiques & Collectibles,8,6,5,7,OPEN,4,PRICE-DEPENDENT,shop,,https://hibid.com/lot/322874440
699,690,322874441,Hand-Crank Coffee Grinder,,Antiques & Collectibles - Collectibles - Kitchen / Home | Antiques & Collectibles - Collectibles | Antiques & Collectibles,7,7,6,8,OPEN,4,PRICE-DEPENDENT,shop,,https://hibid.com/lot/322874441
700,691,322874442,Railroad Lantern,,Antiques & Collectibles - Collectibles - Railroad | Antiques & Collectibles - Collectibles | Antiques & Collectibles,9,23,16,24,OPEN,0,IGNORE,,,https://hibid.com/lot/322874442
701,692,322874443,NECA Planet of The Apes 2001 Attar Bust Statue,,Art - Sculptures / Carvings / Statues | Art,9,3,2,4,OPEN,0,IGNORE,,,https://hibid.com/lot/322874443
702,693,322874444,Indian Chief Busy,,Art - Sculptures / Carvings / Statues | Art,6,2,1,3,OPEN,0,IGNORE,,,https://hibid.com/lot/322874444
703,694,322874445,Sad Iron w/ Wooden Detached Handle,,Antiques & Collectibles - Antiques - Antique Tools | Antiques & Collectibles - Antiques | Antiques & Collectibles,6,2,1,3,OPEN,4,PRICE-DEPENDENT,shop,,https://hibid.com/lot/322874445
704,695,322874446,Sad Iron w/ Wooden Detached Handle,,Antiques & Collectibles - Antiques - Antique Tools | Antiques & Collectibles - Antiques | Antiques & Collectibles,7,2,1,3,OPEN,4,PRICE-DEPENDENT,shop,,https://hibid.com/lot/322874446
705,696,322874447,Sad Iron,,Antiques & Collectibles - Antiques - Antique Tools | Antiques & Collectibles - Antiques | Antiques & Collectibles,7,3,2,4,OPEN,4,PRICE-DEPENDENT,shop,,https://hibid.com/lot/322874447
706,697,322874448,Sad Iron,,Antiques & Collectibles - Antiques - Antique Tools | Antiques & Collectibles - Antiques | Antiques & Collectibles,7,3,2,4,OPEN,4,PRICE-DEPENDENT,shop,,https://hibid.com/lot/322874448
707,698,322874449,Brookville Sad Iron w/ Wooden Detachable Handle,,Antiques & Collectibles - Antiques - Antique Tools | Antiques & Collectibles - Antiques | Antiques & Collectibles,7,2,1,3,OPEN,4,PRICE-DEPENDENT,shop,,https://hibid.com/lot/322874449
708,699,322874450,Cast Iron Tea Kettle,,Antiques & Collectibles - Collectibles - Kitchen / Home | Antiques & Collectibles - Collectibles | Antiques & Collectibles,6,13,5,14,OPEN,0,IGNORE,,,https://hibid.com/lot/322874450
709,700,322874451,Carousel Gumball Machine Glass Globe Cast Metal,Coin Mechanism,Business & Industrial - Restaurant / Food Industry - Vending Machines | Business & Industrial - Restaurant / Food Industry | Business & Industrial,6,7,6,8,OPEN,0,IGNORE,,,https://hibid.com/lot/322874451
710,701,322874452,Gumball Machine Glasss Globe and Cast Metal Base,,Business & Industrial - Restaurant / Food Industry - Vending Machines | Business & Industrial - Restaurant / Food Industry | Business & Industrial,6,5,4,6,OPEN,0,IGNORE,,,https://hibid.com/lot/322874452
711,702,322874453,Cast Iron Wall Mounted Hand-Crank Coffee And Spice,Grinder.  It is missing the upper glass hopper and the lower catch cup,Antiques & Collectibles - Collectibles - Kitchen / Home | Antiques & Collectibles - Collectibles | Antiques & Collectibles,9,0,0,2,OPEN,5,PRICE-DEPENDENT,shop,,https://hibid.com/lot/322874453
712,703,322874454,Metal Hand Plane,Carriage Makers or Coachmakers T-Rabbet or Pattern Plane,Lawn & Garden - Tools/Hand held items - Hand Tools | Lawn & Garden - Tools/Hand held items | Lawn & Garden,6,2,1,3,OPEN,7,GOOD OPPORTUNITY,shop|property,,https://hibid.com/lot/322874454
713,704,322874455,Cast Iron Flatbed Truck Toy W/Open Lattice Cargo,Area,Toys - Vintage / Antique Toys | Toys,9,2,2,3,OPEN,0,IGNORE,,,https://hibid.com/lot/322874455
714,705,322874456,Cast Iron Ford Model T Delivery Van or Sedan,,Toys - Vintage / Antique Toys | Toys,9,2,1,3,OPEN,0,IGNORE,,,https://hibid.com/lot/322874456
715,706,322874457,Cast Iron Toy Sedan Car,,Toys - Vintage / Antique Toys | Toys,9,2,1,3,OPEN,0,IGNORE,,,https://hibid.com/lot/322874457
716,707,322874458,Miniature Cast Iron Coffee Grinder Figurine Hand P,Painted Accents. Missing Bottom pull out tray,Antiques & Collectibles - Collectibles - Cast Iron | Antiques & Collectibles - Collectibles | Antiques & Collectibles,7,0,0,2,OPEN,3,PRICE-DEPENDENT,shop,,https://hibid.com/lot/322874458
717,708,322874459,Miniature Cast Iron Coffee Grinder Figurine W/Hand,Painted Accents,Antiques & Collectibles - Collectibles - Cast Iron | Antiques & Collectibles - Collectibles | Antiques & Collectibles,7,2,1,3,OPEN,2,IGNORE,shop,,https://hibid.com/lot/322874459
718,709,322874460,Cast Iron Horse-Drawn Fire Pumper Wagon Toy,Missing the rest of the horses,Toys - Vintage / Antique Toys | Toys,6,4,3,5,OPEN,4,PRICE-DEPENDENT,farm,,https://hibid.com/lot/322874460
719,710,322874461,Cast Iron Horse-Drawn Patrol Wagon Toy,,Toys - Vintage / Antique Toys | Toys,8,5,4,6,OPEN,4,PRICE-DEPENDENT,farm,,https://hibid.com/lot/322874461
720,711,322874462,Cast Iron Horse-Drawn Classic Circus Wagon Toy,,Toys - Vintage / Antique Toys | Toys,8,6,4,7,OPEN,4,PRICE-DEPENDENT,farm,,https://hibid.com/lot/322874462
721,712,322874463,"Cast Iron ""Overland Circus"" Wagon Toy",,Toys - Vintage / Antique Toys | Toys,7,4,3,5,OPEN,0,IGNORE,,,https://hibid.com/lot/322874463
722,713,322874464,Cast Iron Horse-Drawn Hook & Ladder Fire Truck Toy,Needs Repair,Toys - Vintage / Antique Toys | Toys,11,3,2,4,OPEN,7,GOOD OPPORTUNITY,farm|property,,https://hibid.com/lot/322874464
723,714,322874465,Cast Iron Horse-Drawn Beer Wagon Set,,Toys - Vintage / Antique Toys | Toys,7,31,7,32,OPEN,4,PRICE-DEPENDENT,farm,,https://hibid.com/lot/322874465
724,715,322874466,Cast Iron Horse-Drawn Fresh Milk Wagon Toy,,Toys - Vintage / Antique Toys | Toys,7,3,2,4,OPEN,4,PRICE-DEPENDENT,farm,,https://hibid.com/lot/322874466
725,716,322874467,Cast Iron Horse-Drawn Purelake Ice Delivery Wagon,Cast Iron Horse-Drawn Stagecoach Toy,Toys - Vintage / Antique Toys | Toys,14,9,6,10,OPEN,4,PRICE-DEPENDENT,farm,,https://hibid.com/lot/322874467
726,717,322874468,Cast Iron Horse-Drawn Beer Wagon Toy,,Toys - Vintage / Antique Toys | Toys,8,11,6,12,OPEN,4,PRICE-DEPENDENT,farm,,https://hibid.com/lot/322874468
727,718,322874469,Cast Iron Coca-Cola Horse-Drawn Delivery Wagon,,Antiques & Collectibles - Collectibles - Advertising | Antiques & Collectibles - Collectibles | Antiques & Collectibles,6,10,6,11,OPEN,4,PRICE-DEPENDENT,farm,,https://hibid.com/lot/322874469
728,719,322874470,Midwest Cast Aluminum Car Wall Plaques(3),,Home Goods & Decor - Home Goods - Kitchen / Housewares | Home Goods & Decor - Home Goods | Home Goods & Decor,13,0,0,2,OPEN,0,IGNORE,,,https://hibid.com/lot/322874470
729,720,322874471,Cast Metal Vehicle Coin Banks (3),"Popcorn Wagon Coin BankMack Truck Commercial Vehicle Die Cast Bank - Missing bottom coin slot insert.Car Figural Coin Bank",Toys - Vintage / Antique Toys | Toys,14,0,0,2,OPEN,0,IGNORE,,,https://hibid.com/lot/322874471
730,721,322874472,"Bank Of Alma Car Coin Bank, Die-cast Car Coin Bank","The Peoples Bank and Trust Company Of Grand Haven and Spring Lake MichiganBanthrico 1910 Baker Electric Car Coin Bank-Cast Metal",Antiques & Collectibles - Collectibles - Die Cast Collectible Cars | Antiques & Collectibles - Collectibles | Antiques & Collectibles,9,4,3,5,OPEN,0,IGNORE,,,https://hibid.com/lot/322874472
731,722,322874473,"Chemical Bank and Trust Midland, Mi Coin Bank","1915 Chevy Die-cast Metal Car Coin Bank1902 Rambler Metal Car Coin Bank- It Has NO Tires1902 Rambler Metal Car Coin Bank- Chemical Bank",Toys - Vintage / Antique Toys | Toys,10,2,1,3,OPEN,4,PRICE-DEPENDENT,auto,,https://hibid.com/lot/322874473
732,723,322874474,Die-cast Miniature Novelty Pencil Sharpeners,Vechiles and Train Cars all in orginal boxes,Toys - Vintage / Antique Toys | Toys,5,2,1,3,OPEN,0,IGNORE,,,https://hibid.com/lot/322874474
733,724,322874475,Die-cast Miniature Novelty Pencil Sharpeners,"Pirate Ship, Coffee Grinder, Lantern, A Spinning Wheel, Statue Of Liberty, Lamp",Toys - Vintage / Antique Toys | Toys,4,0,0,2,OPEN,5,PRICE-DEPENDENT,shop,,https://hibid.com/lot/322874475
734,725,322874476,Nostalgic Pencil Sharpeners Unopened Packages(5),Die-cast,Furniture - Desks / Home Office | Furniture,5,0,0,2,OPEN,0,IGNORE,,,https://hibid.com/lot/322874476
735,726,322874477,Die-cast Miniature Metal Pencil Sharpeners In Box,,Toys - Vintage / Antique Toys | Toys,3,0,0,2,OPEN,0,IGNORE,,,https://hibid.com/lot/322874477
736,727,322874478,Coca-Cola 1999 Holiday Classic Carrier W/53 Corvet,"1953 Classic Corvette IncludedBattery Operated LightsDetachable Cab & TrailerNew In Box",Antiques & Collectibles - Collectibles - Advertising | Antiques & Collectibles - Collectibles | Antiques & Collectibles,15,2,1,3,OPEN,4,PRICE-DEPENDENT,auto,,https://hibid.com/lot/322874478
737,728,322874479,Pepsi-Cola Coin Bank 1912 Ford Delivery Car,Die-cast Metal,Antiques & Collectibles - Collectibles - Advertising | Antiques & Collectibles - Collectibles | Antiques & Collectibles,11,2,1,3,OPEN,0,IGNORE,,,https://hibid.com/lot/322874479
738,729,322874480,Ford Model T Scale Model Cars (3),"One Is Die-castTwo are plastic",Toys - Vintage / Antique Toys | Toys,16,0,0,2,OPEN,0,IGNORE,,,https://hibid.com/lot/322874480
739,730,322874481,Wooden Antique Car Models (9),,Toys - Vintage / Antique Toys | Toys,5,0,0,2,OPEN,0,IGNORE,,,https://hibid.com/lot/322874481
740,731,322874482,Wooden Toy Car Models Classic Automobiles,1920's and 1930's Cars,Toys - Vintage / Antique Toys | Toys,4,0,0,2,OPEN,0,IGNORE,,,https://hibid.com/lot/322874482
741,732,322874483,"1:18 Die-cast 1994 Pontiac Trans Am, Die-cast Cars","Volkswagen Beetles, PT Cruiser & Small SUV",Toys - Vintage / Antique Toys | Toys,8,2,1,3,OPEN,0,IGNORE,,,https://hibid.com/lot/322874483
742,733,322874484,"Die-cast Toy Cars & Delivery Truck, Fuel Oil Tank",Fuel Oil Tanker,Toys - Vintage / Antique Toys | Toys,7,0,0,2,OPEN,0,IGNORE,,,https://hibid.com/lot/322874484
743,734,322874485,Corvette Die-cast Model Cars (4),"One Car Is Missing A DoorOne Car is Paint Chipping",Toys - Vintage / Antique Toys | Toys,9,3,2,4,OPEN,0,IGNORE,,,https://hibid.com/lot/322874485
744,735,322874486,Die-cast Toy Vehicles Miniature Trucks (4),,Toys - Vintage / Antique Toys | Toys,10,0,0,2,OPEN,0,IGNORE,,,https://hibid.com/lot/322874486
745,736,322874487,1:64 Scale Die-cast Toy Vehicles (5),,Toys - Vintage / Antique Toys | Toys,9,0,0,2,OPEN,0,IGNORE,,,https://hibid.com/lot/322874487
746,737,322874488,ERTL 1918 Ford Runabout Delivery Car Bank 1:25,"1964 Ford Mustang Convertible Die-cast Model Car New Ray 1:431955 Cadillac Eldorado Convertible In a plastic display  box.Chevy Pickup Truck/Wrecker Die-cast",Toys - Vintage / Antique Toys | Toys,9,0,0,2,OPEN,0,IGNORE,,,https://hibid.com/lot/322874488
747,738,322874489,"Coca-Cola Die-Cast Vehicles, Fire Truck, Train","1923 Ford Model T SedanFord Model T Die-cast",Toys - Vintage / Antique Toys | Toys,11,0,0,2,OPEN,0,IGNORE,,,https://hibid.com/lot/322874489
748,739,322874490,"Die-cast Toy Vehicles Cars & Trucks,Truck Bank","Some are Hot Wheels and MatchboxCherrydale Farms Delivery Truck Tin Coin Bank",Toys - Vintage / Antique Toys | Toys,12,0,0,2,OPEN,5,PRICE-DEPENDENT,farm,,https://hibid.com/lot/322874490
749,740,322874491,"Looney Tunes Cards, Die-cast Cars & Pencil Sharpen",Sharpener,Toys - Vintage / Antique Toys | Toys,7,2,1,3,OPEN,0,IGNORE,,,https://hibid.com/lot/322874491
750,741,322874492,Die-cast Farm Toy Tractors (2),Red Tractor is missing part of the seat,Toys - Vintage / Antique Toys | Toys,16,2,1,3,OPEN,7,GOOD OPPORTUNITY,farm,,https://hibid.com/lot/322874492
751,742,322874493,McCormick-Deering Cast Iron Toy Tractor,,Toys - Vintage / Antique Toys | Toys,8,4,3,5,OPEN,4,PRICE-DEPENDENT,farm,,https://hibid.com/lot/322874493
752,743,322874494,"Farmall Collector Metal Sign, International Licens",International Collector License Plate,Antiques & Collectibles - Collectibles - Signs | Antiques & Collectibles - Collectibles | Antiques & Collectibles,7,3,2,4,OPEN,4,PRICE-DEPENDENT,farm|value,,https://hibid.com/lot/322874494
753,744,322874495,"ERTL Farm Tractor Set, Farmall Toothpick Dispenser",Case Decorative Tractor Ornaments 6pc,Toys - Vintage / Antique Toys | Toys,7,3,2,4,OPEN,7,GOOD OPPORTUNITY,farm|value,,https://hibid.com/lot/322874495
754,745,322874496,John Deer Pictures & Die-cast ERTL Tractor,"ERTL Die-cast 1:16 AMT 600Farm Material TransporterERTL 1:16 John Deer Lawn and Garden Tractor",Toys - Vintage / Antique Toys | Toys,10,2,1,3,OPEN,10,STRONG TARGET,farm|property,,https://hibid.com/lot/322874496
755,746,322874497,Framed Art Prints Of Antique Automobiles(4),,Art - Prints / Lithographs | Art,7,0,0,2,OPEN,0,IGNORE,,,https://hibid.com/lot/322874497
756,747,322874498,Hockey Collectors Trading Cards & Album,,Antiques & Collectibles - Collectibles - Sports Cards / Memorabilia - Hockey Trading Cards | Antiques & Collectibles - Collectibles - Sports Cards / Memorabilia | Antiques & Collectibles - Collectibles | Antiques & Collectibles,7,2,1,3,OPEN,0,IGNORE,,,https://hibid.com/lot/322874498
757,748,322874499,"Oval Metal Serving Tray W/Tractor,Tin Mugs(2)",Bayou Billy Homebrew 2005 Collectible Promotional Tin Mugs,Home Goods & Decor - Home Goods - Kitchen / Housewares | Home Goods & Decor - Home Goods | Home Goods & Decor,9,2,1,3,OPEN,4,PRICE-DEPENDENT,farm,,https://hibid.com/lot/322874499
758,749,322874500,"Die-cast Cars, Trucks & Vans (46)",,Toys - Vintage / Antique Toys | Toys,7,2,1,3,OPEN,0,IGNORE,,,https://hibid.com/lot/322874500
759,750,322874501,"Die-cast Metal Vehicles,Road Champs Mini Monster",Wheels Value Pack Assortment,Toys - Vintage / Antique Toys | Toys,7,2,1,3,OPEN,0,IGNORE,,,https://hibid.com/lot/322874501
760,751,322874502,"Hot Wheels, Die-cast Mini Cars & Trucks(8)",Assorted Die-cast vehicles (33),Toys - Vintage / Antique Toys | Toys,8,4,3,5,OPEN,0,REVIEW,,yes,https://hibid.com/lot/322874502
761,752,322874503,Harley Davidson VHS tape rewinder & Hot Wheels,Friction motorcycle with Stunt man,Toys - Vintage / Antique Toys | Toys,7,0,0,2,OPEN,5,PRICE-DEPENDENT,auto,,https://hibid.com/lot/322874503
762,753,322874504,Vintage Cherry Pitter tool- Cast Iron,,Antiques & Collectibles - Antiques - Antique Tools | Antiques & Collectibles - Antiques | Antiques & Collectibles,4,0,0,2,OPEN,5,PRICE-DEPENDENT,shop,,https://hibid.com/lot/322874504
763,754,322874505,Corn cob pipe with amber colored stem (used),,Antiques & Collectibles - Collectibles - Tobacciana / Lighters / Tobacco Pipes | Antiques & Collectibles - Collectibles | Antiques & Collectibles,5,2,1,3,OPEN,4,PRICE-DEPENDENT,property,,https://hibid.com/lot/322874505
764,755,322874506,"TIN Cowboy skillet for fire, metal knife",,Home Goods & Decor - Home Goods - Kitchen / Housewares | Home Goods & Decor - Home Goods | Home Goods & Decor,4,0,0,2,OPEN,4,PRICE-DEPENDENT,value,,https://hibid.com/lot/322874506
765,756,322874507,"Brass & Copper Spittoon (2), brass Cauldron (2)",,Antiques & Collectibles - Collectibles - Kitchen / Home | Antiques & Collectibles - Collectibles | Antiques & Collectibles,8,2,1,3,OPEN,0,IGNORE,,,https://hibid.com/lot/322874507
766,757,322874508,Cast Iron (flat irons 3),,Antiques & Collectibles - Collectibles - Kitchen / Home | Antiques & Collectibles - Collectibles | Antiques & Collectibles,3,2,1,3,OPEN,0,IGNORE,,,https://hibid.com/lot/322874508
767,758,322874509,Cast Iron Flat Irons (3),,Antiques & Collectibles - Collectibles - Kitchen / Home | Antiques & Collectibles - Collectibles | Antiques & Collectibles,5,2,1,3,OPEN,0,IGNORE,,,https://hibid.com/lot/322874509
768,759,322874510,Vintage Tin cans,,Antiques & Collectibles - Collectibles - Advertising | Antiques & Collectibles - Collectibles | Antiques & Collectibles,4,2,1,3,OPEN,0,IGNORE,,,https://hibid.com/lot/322874510
769,760,322874511,Vintage Glass Bottles (5),,Antiques & Collectibles - Collectibles - Kitchen / Home | Antiques & Collectibles - Collectibles | Antiques & Collectibles,5,3,2,4,OPEN,0,IGNORE,,,https://hibid.com/lot/322874511
770,761,322874512,Primitive Wooden Mallet/Maul,,Antiques & Collectibles - Antiques - Antique Tools | Antiques & Collectibles - Antiques | Antiques & Collectibles,4,2,1,3,OPEN,4,PRICE-DEPENDENT,shop,,https://hibid.com/lot/322874512
771,762,322874513,Glass insulators Aqua colored (3),,Antiques & Collectibles - Collectibles - Kitchen / Home | Antiques & Collectibles - Collectibles | Antiques & Collectibles,7,4,3,5,OPEN,0,IGNORE,,,https://hibid.com/lot/322874513
772,763,322874514,Antique Cast Iron hand Crank apple peeler,,Antiques & Collectibles - Antiques - Antique Tools | Antiques & Collectibles - Antiques | Antiques & Collectibles,6,2,1,3,OPEN,4,PRICE-DEPENDENT,shop,,https://hibid.com/lot/322874514
773,764,322874515,Kerosene Hurricane Lantern- Dietz #50,,Antiques & Collectibles - Antiques - Antique Lamps | Antiques & Collectibles - Antiques | Antiques & Collectibles,6,16,9,17,OPEN,3,PRICE-DEPENDENT,value,,https://hibid.com/lot/322874515
774,765,322874516,1923 Dietz Red globe Railroad Lantern,,Antiques & Collectibles - Collectibles - Railroad | Antiques & Collectibles - Collectibles | Antiques & Collectibles,5,52,14,53,OPEN,3,PRICE-DEPENDENT,value,,https://hibid.com/lot/322874516
775,766,322874517,"Homemade wooden church, wooden Wagon lamp",Wagon (lamp) has red cloth cover,Home Goods & Decor - Home Goods - Lighting - Lamps | Home Goods & Decor - Home Goods - Lighting | Home Goods & Decor - Home Goods | Home Goods & Decor,8,0,0,2,OPEN,0,IGNORE,,,https://hibid.com/lot/322874517
776,767,322874518,Ceramic Wash Basin & Pitcher with blue flowers,,Antiques & Collectibles - Collectibles - Kitchen / Home | Antiques & Collectibles - Collectibles | Antiques & Collectibles,7,0,0,2,OPEN,0,IGNORE,,,https://hibid.com/lot/322874518
777,768,322874519,Wash Basin with Pitcher and Red roses,,Antiques & Collectibles - Collectibles - Kitchen / Home | Antiques & Collectibles - Collectibles | Antiques & Collectibles,6,0,0,2,OPEN,0,IGNORE,,,https://hibid.com/lot/322874519
778,769,322874520,Cast Iron hanging balance beam scale & Hog Scraper,,Antiques & Collectibles - Antiques - Antique Tools | Antiques & Collectibles - Antiques | Antiques & Collectibles,6,2,1,3,OPEN,4,PRICE-DEPENDENT,shop,,https://hibid.com/lot/322874520
779,770,322874521,"Clydesdale horses-ceramic, brass horses, Big","Mouth Billy Bass, Celestial Perpetual desk toy (battery operated)",Antiques & Collectibles - Collectibles - Figurines | Antiques & Collectibles - Collectibles | Antiques & Collectibles,7,2,1,3,OPEN,2,IGNORE,farm,,https://hibid.com/lot/322874521
780,771,322874522,Salt & Pepper Shakers- 4 sets,,Antiques & Collectibles - Collectibles - Kitchen / Home | Antiques & Collectibles - Collectibles | Antiques & Collectibles,5,0,0,2,OPEN,-2,IGNORE,,,https://hibid.com/lot/322874522
781,772,322874523,"Glass- bowls, Pitcher & Sundae cups",,Home Goods & Decor - Home Goods - Kitchen / Housewares | Home Goods & Decor - Home Goods | Home Goods & Decor,9,0,0,2,OPEN,0,IGNORE,,,https://hibid.com/lot/322874523
782,773,322874524,"Ceramic Ducks (3), Resin Squirrels (2)",1 duck has a broken beak.,Antiques & Collectibles - Collectibles - Figurines | Antiques & Collectibles - Collectibles | Antiques & Collectibles,13,2,1,3,OPEN,-2,IGNORE,,,https://hibid.com/lot/322874524
783,774,322874525,"Oven Proof ceramic Pitcher, green glass bowl &","Goblet, Indian Chief Vintage Glass Canister/tobacco Humidor",Antiques & Collectibles - Collectibles - Pitchers / Decanters | Antiques & Collectibles - Collectibles | Antiques & Collectibles,6,0,0,2,OPEN,0,IGNORE,,,https://hibid.com/lot/322874525
784,775,322874526,"Vintage Blue plate-Friendship of Salem,","independence Day plate, Decorative plates (3),  Anchor Hocking kids bowl with dinosaur.",Antiques & Collectibles - Collectibles - Decorative - Plates | Antiques & Collectibles - Collectibles - Decorative | Antiques & Collectibles - Collectibles | Antiques & Collectibles,10,2,1,3,OPEN,-2,IGNORE,,,https://hibid.com/lot/322874526
785,776,322874527,"Ceramic-Tea cup & Saucers sets, tea pot, egg,","tiger Bank, Avon bear with cologne",Antiques & Collectibles - Collectibles - Kitchen / Home | Antiques & Collectibles - Collectibles | Antiques & Collectibles,7,0,0,2,OPEN,0,IGNORE,,,https://hibid.com/lot/322874527
786,777,322874528,"Vintage Ball ideal jar with Lid, pitcher, Vases,","Candle sticks, spoon rest, Decorative plate, Hurricane glass lamp shade, ceramic crock",Antiques & Collectibles - Collectibles - Pitchers / Decanters | Antiques & Collectibles - Collectibles | Antiques & Collectibles,19,0,0,2,OPEN,-2,IGNORE,,,https://hibid.com/lot/322874528
787,778,322874529,"Indian head steel bank, ceramic praying hands,","Ceramic book, Vintage table top topiary figures",Antiques & Collectibles - Collectibles - Figurines | Antiques & Collectibles - Collectibles | Antiques & Collectibles,8,0,0,2,OPEN,-2,IGNORE,,,https://hibid.com/lot/322874529
788,779,322874530,"Butcher block knife holder, pencil sharpener,",Decorative painted wash board,Home Goods & Decor - Home Goods - Kitchen / Housewares | Home Goods & Decor - Home Goods | Home Goods & Decor,8,2,1,3,OPEN,0,IGNORE,,,https://hibid.com/lot/322874530
789,780,322874531,"Vintage white milk glass hobnail pitcher,","Aquamarine ball pitcher, Amber Glass ""genie bottle"" decanter",Antiques & Collectibles - Collectibles - Pitchers / Decanters | Antiques & Collectibles - Collectibles | Antiques & Collectibles,9,2,1,3,OPEN,0,IGNORE,,,https://hibid.com/lot/322874531
790,781,322874532,Avon Vintage Variety of Decorative shaped bottles,,Antiques & Collectibles - Collectibles - Kitchen / Home | Antiques & Collectibles - Collectibles | Antiques & Collectibles,5,3,2,4,OPEN,0,IGNORE,,,https://hibid.com/lot/322874532
791,782,322874533,Variety selection of different ball caps,,Fashion - Men's Accessories | Fashion,4,2,1,3,OPEN,0,IGNORE,,,https://hibid.com/lot/322874533
792,783,322874534,Variety selection of different Ball caps,,Fashion - Men's Accessories | Fashion,4,2,1,3,OPEN,0,IGNORE,,,https://hibid.com/lot/322874534
793,784,322874535,Large variety of LP records,,Home Goods & Decor - Home Goods - Music - CDs / Records / Cassettes | Home Goods & Decor - Home Goods | Home Goods & Decor,5,0,0,2,OPEN,0,IGNORE,,,https://hibid.com/lot/322874535
794,785,322874536,Large variety of LP records,,Home Goods & Decor - Home Goods - Music - CDs / Records / Cassettes | Home Goods & Decor - Home Goods | Home Goods & Decor,5,0,0,2,OPEN,0,IGNORE,,,https://hibid.com/lot/322874536
795,786,322874537,Hou Shiueh self cooking pistol crossbow,,Sporting Goods - Hunting & Trapping | Sporting Goods,8,14,8,15,OPEN,0,IGNORE,,,https://hibid.com/lot/322874537
796,787,322874538,U.S. Military- style combat bayonet (WW2),,Sporting Goods - Firearms / Weapons - Knives / Blades | Sporting Goods - Firearms / Weapons | Sporting Goods,5,7,4,8,OPEN,0,IGNORE,,,https://hibid.com/lot/322874538
797,788,322874539,"Pocket knives (variety), vintage metal",thumb-press oil can,Sporting Goods - Firearms / Weapons - Knives / Blades | Sporting Goods - Firearms / Weapons | Sporting Goods,5,6,4,7,OPEN,0,IGNORE,,,https://hibid.com/lot/322874539
798,789,322874540,"Carton of premium BB's, box of 410 3"" shells",,Sporting Goods - Firearms / Weapons - Ammunition | Sporting Goods - Firearms / Weapons | Sporting Goods,8,16,13,17,OPEN,0,IGNORE,,,https://hibid.com/lot/322874540
799,790,322874541,Air pistol Guns (2) & some lead pellets,,Sporting Goods - Firearms / Weapons - Airsoft / Paintball / Pellet / BB Guns | Sporting Goods - Firearms / Weapons | Sporting Goods,8,9,5,10,OPEN,0,IGNORE,,,https://hibid.com/lot/322874541
800,792,322874543,"Hornady 45 cal bullets, misc shells,",,Sporting Goods - Firearms / Weapons - Ammunition | Sporting Goods - Firearms / Weapons | Sporting Goods,22,2,1,3,OPEN,0,REVIEW,,yes,https://hibid.com/lot/322874543
801,793,322874544,"Binoculars (2), black powder (cannot ship)",,Sporting Goods - Hunting & Trapping | Sporting Goods,10,2,1,3,OPEN,0,IGNORE,,,https://hibid.com/lot/322874544
802,794,322874545,"Savage rifle scope (4×15), Pocket & hunting","knives, copper Thermometer, brown leather gun holster",Sporting Goods - Hunting & Trapping | Sporting Goods,9,21,9,22,OPEN,0,IGNORE,,,https://hibid.com/lot/322874545
803,795,322874546,Pocket knives (6),,Sporting Goods - Firearms / Weapons - Knives / Blades | Sporting Goods - Firearms / Weapons | Sporting Goods,4,4,3,5,OPEN,0,IGNORE,,,https://hibid.com/lot/322874546
804,796,322874547,"Big Game Butcher knife awr with case, hunting",pocket knife with leather case,Sporting Goods - Firearms / Weapons - Knives / Blades | Sporting Goods - Firearms / Weapons | Sporting Goods,10,10,7,11,OPEN,0,IGNORE,,,https://hibid.com/lot/322874547
805,797,322874548,"Hoppe's gun cleaning kit, muzzleloading black",powder (can't ship),Sporting Goods - Firearms / Weapons - Black Powder / Muzzleloader / Percussion | Sporting Goods - Firearms / Weapons | Sporting Goods,7,2,1,3,OPEN,0,IGNORE,,,https://hibid.com/lot/322874548
806,798,322874549,Regular Checkers/Chinese Checkers with chips,,Toys - Games | Toys,7,2,1,3,OPEN,0,IGNORE,,,https://hibid.com/lot/322874549
807,799,322874550,Variety of Vintage kids toys,,Toys - Vintage / Antique Toys | Toys,14,0,0,2,OPEN,0,IGNORE,,,https://hibid.com/lot/322874550
808,800,322874551,Vintage Peek a Babe kids organ (battery operated),,Toys - Vintage / Antique Toys | Toys,6,2,1,3,OPEN,0,IGNORE,,,https://hibid.com/lot/322874551
809,801,322874552,"Vintage door locks, Paddle locks, leather sewing","awl, 10 amp switch, high pressure oil gun, jar of misc hardware pieces, Mons-turn rear windows turn stop indicator",Construction & Farm - Shop / Warehouse - Parts / Accessories | Construction & Farm - Shop / Warehouse | Construction & Farm,7,2,1,3,OPEN,7,GOOD OPPORTUNITY,farm|shop,yes,https://hibid.com/lot/322874552
810,802,322874553,"Vintage draw woodworking knife, folding tape","measurers, LED headlamp, relector tape, bolts, nuts, washers, Allen Wrenches, socket set, paint brushes, touch up scratch paint",Lawn & Garden - Tools/Hand held items - Hand Tools | Lawn & Garden - Tools/Hand held items | Lawn & Garden,9,0,0,2,OPEN,17,STRONG TARGET,shop|property,,https://hibid.com/lot/322874553
811,803,322874554,Kenmore Vacuum(2),Will need new bags,Business & Industrial - Business / Retail - Janitorial - Cleaning Equipment | Business & Industrial - Business / Retail - Janitorial | Business & Industrial - Business / Retail | Business & Industrial,5,0,0,2,OPEN,5,PRICE-DEPENDENT,property,,https://hibid.com/lot/322874554
812,804,322874555,Display Cabinet,,Business & Industrial - Business / Retail - Displays / Display Cases | Business & Industrial - Business / Retail | Business & Industrial,6,0,0,2,OPEN,5,PRICE-DEPENDENT,property,,https://hibid.com/lot/322874555
813,805,322874556,Display Hutch,,Furniture - Cabinets | Furniture,9,2,1,3,OPEN,4,PRICE-DEPENDENT,property,,https://hibid.com/lot/322874556
814,806,322874557,Panasonic Stereo System w/ Speakers(2),,Computers & Electronics - Consumer Electronics - Home Audio - Speakers | Computers & Electronics - Consumer Electronics - Home Audio | Computers & Electronics - Consumer Electronics | Computers & Electronics,9,2,1,3,OPEN,0,IGNORE,,,https://hibid.com/lot/322874557
815,807,322874558,Pressed Board Entertainment Stands,,Furniture - Entertainment Centers / TV Stands | Furniture,11,0,0,2,OPEN,0,IGNORE,,,https://hibid.com/lot/322874558
816,808,322874559,"German Victorian- At the well painting,",historical harvest scene ad for Baker threshing machine,Art - Paintings | Art,8,2,1,3,OPEN,0,IGNORE,,,https://hibid.com/lot/322874559
817,809,322874560,Print of the Last Supper,,Art - Prints / Lithographs | Art,6,2,1,3,OPEN,0,IGNORE,,,https://hibid.com/lot/322874560
818,810,322874561,Aerial Framed Painting,,Art - Paintings | Art,6,2,1,3,OPEN,0,IGNORE,,,https://hibid.com/lot/322874561
819,811,322874562,Vintage folding end table,,Furniture - Tables | Furniture,7,6,5,7,OPEN,0,IGNORE,,,https://hibid.com/lot/322874562
820,812,322874563,Samsung Tv,,Computers & Electronics - Consumer Electronics - TVs | Computers & Electronics - Consumer Electronics | Computers & Electronics,3,0,0,2,OPEN,0,IGNORE,,,https://hibid.com/lot/322874563
821,813,322874564,Green Swivel Rocking Chair,,Furniture - Chairs / Stools | Furniture,4,0,0,2,OPEN,5,PRICE-DEPENDENT,shop,,https://hibid.com/lot/322874564
822,814,322874565,Blue Recliner Chair,,Furniture - Chairs / Stools | Furniture,6,2,1,3,OPEN,4,PRICE-DEPENDENT,shop,,https://hibid.com/lot/322874565
823,815,322874566,Dark Brown Metal Folding Chairs (4),,Furniture - Chairs / Stools | Furniture,5,2,1,3,OPEN,4,PRICE-DEPENDENT,shop,,https://hibid.com/lot/322874566
824,816,322874567,Metal Folding Chairs (7),,Furniture - Chairs / Stools | Furniture,4,2,1,3,OPEN,4,PRICE-DEPENDENT,shop,,https://hibid.com/lot/322874567
825,817,322874568,Oak Washstand,,Antiques & Collectibles - Antiques - Antique Furniture | Antiques & Collectibles - Antiques | Antiques & Collectibles,7,3,2,4,OPEN,0,IGNORE,,,https://hibid.com/lot/322874568
826,818,322874569,"End Table, Folding Chair",,Furniture - Tables | Furniture,11,10,8,11,OPEN,0,IGNORE,,,https://hibid.com/lot/322874569
827,819,322874570,Wooden Rocking Chairs Americana Collage Pattern,,Furniture - Chairs / Stools | Furniture,7,0,0,2,OPEN,5,PRICE-DEPENDENT,shop,,https://hibid.com/lot/322874570
828,820,322874571,Console Table,,Furniture - Tables | Furniture,6,3,2,4,OPEN,0,IGNORE,,,https://hibid.com/lot/322874571
829,821,322874572,Gun Cabinet,,Furniture - Cabinets | Furniture,7,2,1,3,OPEN,4,PRICE-DEPENDENT,property,,https://hibid.com/lot/322874572
830,822,322874573,Four-Stack Barrister Bookcase,,Furniture - Bookshelves | Furniture,6,3,2,4,OPEN,0,IGNORE,,,https://hibid.com/lot/322874573
831,823,322874574,"Craftsman Tool sharpening & grinding attachment,","Pliers for bloodless castration & tail docking, 9/16"" cable metal stales",Lawn & Garden - Tools/Hand held items - Hand Tools | Lawn & Garden - Tools/Hand held items | Lawn & Garden,11,0,0,2,OPEN,10,STRONG TARGET,shop|property|value,,https://hibid.com/lot/322874574
832,824,322874575,"Vintage manual insecticide powder duster, oil","can, Pliers, handsaws (2), steel metal meat tenderizers (2)",Antiques & Collectibles - Antiques - Antique Tools | Antiques & Collectibles - Antiques | Antiques & Collectibles,11,3,2,4,OPEN,7,GOOD OPPORTUNITY,shop,,https://hibid.com/lot/322874575
833,825,322874576,"Electric & plumbing items, tools",,Lawn & Garden - Tools/Hand held items - Mixed Tools | Lawn & Garden - Tools/Hand held items | Lawn & Garden,12,2,1,3,OPEN,10,STRONG TARGET,shop|property,,https://hibid.com/lot/322874576
834,826,322874577,Pipe wrenches,,Lawn & Garden - Tools/Hand held items - Hand Tools | Lawn & Garden - Tools/Hand held items | Lawn & Garden,4,0,0,2,OPEN,14,STRONG TARGET,shop|property,,https://hibid.com/lot/322874577
835,827,322874578,Ball Jars & water bath rack,,Antiques & Collectibles - Collectibles - Decorative - Vases / Jars | Antiques & Collectibles - Collectibles - Decorative | Antiques & Collectibles - Collectibles | Antiques & Collectibles,9,2,1,3,OPEN,0,IGNORE,,,https://hibid.com/lot/322874578
836,828,322874579,Ball Jars,,Antiques & Collectibles - Collectibles - Decorative - Vases / Jars | Antiques & Collectibles - Collectibles - Decorative | Antiques & Collectibles - Collectibles | Antiques & Collectibles,6,7,3,8,OPEN,0,IGNORE,,,https://hibid.com/lot/322874579
837,829,322874580,"Light, foam sealant & foam tape",,Home Goods & Decor - Home Goods - Kitchen / Housewares | Home Goods & Decor - Home Goods | Home Goods & Decor,6,0,0,2,OPEN,0,IGNORE,,,https://hibid.com/lot/322874580
838,830,322874581,Air mattress- (Queen size 2),,Home Goods & Decor - Home Goods - Bed / Bath Items | Home Goods & Decor - Home Goods | Home Goods & Decor,5,0,0,2,OPEN,0,IGNORE,,,https://hibid.com/lot/322874581
839,831,322874582,Croquet Set,,Sporting Goods - Sporting Goods / Outdoor Recreation - Outdoor Games & Sports Equipment | Sporting Goods - Sporting Goods / Outdoor Recreation | Sporting Goods,5,4,3,5,OPEN,0,IGNORE,,,https://hibid.com/lot/322874582
840,832,322874583,Cream Separator,,Antiques & Collectibles - Collectibles - Kitchen / Home | Antiques & Collectibles - Collectibles | Antiques & Collectibles,9,53,6,54,OPEN,0,IGNORE,,,https://hibid.com/lot/322874583
841,833,322874584,Speed Queen Washer,,Home Goods & Decor - Home Goods - Appliances - Washer / Dryers | Home Goods & Decor - Home Goods - Appliances | Home Goods & Decor - Home Goods | Home Goods & Decor,6,2,1,3,OPEN,6,GOOD OPPORTUNITY,property|value,,https://hibid.com/lot/322874584
842,834,322874585,Tote with Canning Jars,,Antiques & Collectibles - Collectibles - Decorative - Vases / Jars | Antiques & Collectibles - Collectibles - Decorative | Antiques & Collectibles - Collectibles | Antiques & Collectibles,3,4,3,5,OPEN,0,IGNORE,,,https://hibid.com/lot/322874585
843,835,322874586,Tote W/Canning Jars,,Antiques & Collectibles - Collectibles - Decorative - Vases / Jars | Antiques & Collectibles - Collectibles - Decorative | Antiques & Collectibles - Collectibles | Antiques & Collectibles,6,4,3,5,OPEN,0,IGNORE,,,https://hibid.com/lot/322874586
844,836,322874587,Frigidaire Freezer,,Home Goods & Decor - Home Goods - Appliances - Refrigerators / Freezers | Home Goods & Decor - Home Goods - Appliances | Home Goods & Decor - Home Goods | Home Goods & Decor,8,2,1,3,OPEN,4,PRICE-DEPENDENT,property,,https://hibid.com/lot/322874587
845,837,322874588,Metal Shelf,,Construction & Farm - Shop / Warehouse - Racks / Shelves | Construction & Farm - Shop / Warehouse | Construction & Farm,6,0,0,2,OPEN,5,PRICE-DEPENDENT,farm,,https://hibid.com/lot/322874588
846,838,322874589,Metal Shelf W/ Contents,,Construction & Farm - Shop / Warehouse - Racks / Shelves | Construction & Farm - Shop / Warehouse | Construction & Farm,4,0,0,2,OPEN,5,PRICE-DEPENDENT,farm,,https://hibid.com/lot/322874589
847,839,322874590,5 door cabinet with shelves,,Furniture - Cabinets | Furniture,8,0,0,2,OPEN,5,PRICE-DEPENDENT,property,,https://hibid.com/lot/322874590
848,840,322874591,4 door cabinet with shelves,,Furniture - Cabinets | Furniture,5,2,1,3,OPEN,4,PRICE-DEPENDENT,property,,https://hibid.com/lot/322874591
849,841,322874592,Hat racks (2),,Business & Industrial - Business / Retail - Racks / Shelving | Business & Industrial - Business / Retail | Business & Industrial,5,3,2,4,OPEN,4,PRICE-DEPENDENT,property,,https://hibid.com/lot/322874592
850,842,322874593,King Size headboard with mirror & doors,,Furniture - Beds / Bedroom Sets | Furniture,7,0,0,2,OPEN,0,IGNORE,,,https://hibid.com/lot/322874593
851,843,322874594,Dresser mirrors,,Furniture - Dressers / Wardrobes / Armoires | Furniture,7,0,0,2,OPEN,0,IGNORE,,,https://hibid.com/lot/322874594
852,844,322874595,Wall mirror and shelf,,Furniture - Mirrors | Furniture,7,0,0,2,OPEN,0,IGNORE,,,https://hibid.com/lot/322874595
853,845,322874596,Computer cabinet with bookshelf top,,Furniture - Cabinets | Furniture,7,0,0,2,OPEN,5,PRICE-DEPENDENT,property,,https://hibid.com/lot/322874596
854,846,322874597,"Wardrobe with 2 doors and shelves, 2 drawers on",the bottom,Furniture - Dressers / Wardrobes / Armoires | Furniture,6,0,0,2,OPEN,0,IGNORE,,,https://hibid.com/lot/322874597
855,847,322874598,Frigidaire upright freezer (with key),,Home Goods & Decor - Home Goods - Appliances - Refrigerators / Freezers | Home Goods & Decor - Home Goods - Appliances | Home Goods & Decor - Home Goods | Home Goods & Decor,8,30,7,31,OPEN,4,PRICE-DEPENDENT,property,,https://hibid.com/lot/322874598
856,848,322874599,Primo water drinking units hot and cold,,Home Goods & Decor - Home Goods - Kitchen / Housewares | Home Goods & Decor - Home Goods | Home Goods & Decor,4,27,11,28,OPEN,0,IGNORE,,,https://hibid.com/lot/322874599
857,849,322874600,PRIMO Water Dispenser,,Home Goods & Decor - Home Goods - Kitchen / Housewares | Home Goods & Decor - Home Goods | Home Goods & Decor,4,2,1,3,OPEN,0,IGNORE,,,https://hibid.com/lot/322874600
858,850,322874601,LG Portable Air Conditioner,* has been tested,Home Goods & Decor - Home Goods - Appliances - Heating / Air Conditioning | Home Goods & Decor - Home Goods - Appliances | Home Goods & Decor - Home Goods | Home Goods & Decor,7,2,1,3,OPEN,4,PRICE-DEPENDENT,property,,https://hibid.com/lot/322874601
859,851,322874602,Window Air Conditioner,,Home Goods & Decor - Home Goods - Appliances - Heating / Air Conditioning | Home Goods & Decor - Home Goods - Appliances | Home Goods & Decor - Home Goods | Home Goods & Decor,4,2,2,3,OPEN,4,PRICE-DEPENDENT,property,,https://hibid.com/lot/322874602
860,852,322874603,Homemade wooden toy box,,Furniture - Trunks / Chests | Furniture,5,0,0,2,OPEN,0,IGNORE,,,https://hibid.com/lot/322874603
861,853,322874604,Antique Trunk,,Furniture - Trunks / Chests | Furniture,9,4,4,5,OPEN,0,IGNORE,,,https://hibid.com/lot/322874604
862,854,322874605,Sewing machine stand with drop down drawer,,Furniture - Cabinets | Furniture,7,0,0,2,OPEN,5,PRICE-DEPENDENT,property,,https://hibid.com/lot/322874605
863,855,322874606,Wooden entertainment stand with glass doors,,Furniture - Entertainment Centers / TV Stands | Furniture,8,0,0,2,OPEN,0,IGNORE,,,https://hibid.com/lot/322874606
864,856,322874607,Handmade Cedar wardrobe,,Furniture - Dressers / Wardrobes / Armoires | Furniture,8,2,1,3,OPEN,0,IGNORE,,,https://hibid.com/lot/322874607
865,857,322874608,White Metal Coat Rack,,Business & Industrial - Business / Retail - Racks / Shelving | Business & Industrial - Business / Retail | Business & Industrial,4,0,0,2,OPEN,5,PRICE-DEPENDENT,property,,https://hibid.com/lot/322874608
866,858,322874609,"Decorative Chest & Sideboard Cabinet, Decks of Car","4 Decks of playing cardsWicker basket filled with grooming tools, nail care accessories and metal instruments like nail clippers",Furniture - Cabinets | Furniture,10,2,1,3,OPEN,7,GOOD OPPORTUNITY,shop|property,,https://hibid.com/lot/322874609
867,859,322874610,"DYSON DC 24, DC 41 Vaccum cleaner, HAAN Carpet",cleaner,Business & Industrial - Business / Retail - Janitorial - Cleaning Equipment | Business & Industrial - Business / Retail - Janitorial | Business & Industrial - Business / Retail | Business & Industrial,7,4,3,5,OPEN,6,GOOD OPPORTUNITY,property|value,,https://hibid.com/lot/322874610
868,860,322874611,Wicker Basket with a variety of toys,,Toys - Vintage / Antique Toys | Toys,8,0,0,2,OPEN,0,IGNORE,,,https://hibid.com/lot/322874611
869,861,322874612,Extra Large tote with a variety of outside toys,,Toys - Vintage / Antique Toys | Toys,6,0,0,2,OPEN,0,IGNORE,,,https://hibid.com/lot/322874612
870,862,322874613,Tote of dolls & stuffed animals,,Toys - Bears / Stuffed Animals | Toys,7,0,0,2,OPEN,-4,IGNORE,,,https://hibid.com/lot/322874613
871,863,322874614,Floral crosses & Wreaths,,Home Goods & Decor - Home Goods - Kitchen / Housewares | Home Goods & Decor - Home Goods | Home Goods & Decor,7,2,1,3,OPEN,0,IGNORE,,,https://hibid.com/lot/322874614
872,864,322874615,"Tote full of a Variety of flowers, green foam",pieces & tin cans,Home Goods & Decor - Home Goods - Kitchen / Housewares | Home Goods & Decor - Home Goods | Home Goods & Decor,6,0,0,2,OPEN,0,IGNORE,,,https://hibid.com/lot/322874615
873,865,322874616,Tote of Variety of Christmas decorations,,Antiques & Collectibles - Collectibles - Decorative - Ornaments | Antiques & Collectibles - Collectibles - Decorative | Antiques & Collectibles - Collectibles | Antiques & Collectibles,6,0,0,2,OPEN,-2,IGNORE,,,https://hibid.com/lot/322874616
874,866,322874617,Brass colored Chandelier,,Home Goods & Decor - Home Goods - Lighting - Chandeliers | Home Goods & Decor - Home Goods - Lighting | Home Goods & Decor - Home Goods | Home Goods & Decor,6,0,0,2,OPEN,0,IGNORE,,,https://hibid.com/lot/322874617
875,867,322874618,Back2Life Personal Back Therapist,,Antiques & Collectibles - Collectibles - Books | Antiques & Collectibles - Collectibles | Antiques & Collectibles,5,0,0,2,OPEN,0,IGNORE,,,https://hibid.com/lot/322874618
876,868,322874619,Bissell Deep Steam Multi Purpose Cleaner,,Business & Industrial - Business / Retail - Janitorial - Cleaning Equipment | Business & Industrial - Business / Retail - Janitorial | Business & Industrial - Business / Retail | Business & Industrial,5,2,1,3,OPEN,0,IGNORE,,,https://hibid.com/lot/322874619
877,869,322874620,Black Softside Rolling Suitcase W/Zipper Compartme,,Home Goods & Decor - Home Goods - Kitchen / Housewares | Home Goods & Decor - Home Goods | Home Goods & Decor,8,0,0,2,OPEN,0,IGNORE,,,https://hibid.com/lot/322874620
878,870,322874621,Pfaltzgraff Village Pattern Stoneware Dishes,,Antiques & Collectibles - Collectibles - Stoneware / Pfaltzgraff /Earthenware | Antiques & Collectibles - Collectibles | Antiques & Collectibles,15,2,1,3,OPEN,0,IGNORE,,,https://hibid.com/lot/322874621
879,872,322874623,"Colonial Fireside Dishes, Lucite Resin Napkin Hold",Holder,Home Goods & Decor - Home Goods - Kitchen / Housewares | Home Goods & Decor - Home Goods | Home Goods & Decor,10,0,0,2,OPEN,0,IGNORE,,,https://hibid.com/lot/322874623
880,873,322874624,Romance Novels,,Antiques & Collectibles - Collectibles - Books | Antiques & Collectibles - Collectibles | Antiques & Collectibles,8,0,0,2,OPEN,0,IGNORE,,,https://hibid.com/lot/322874624
881,874,322874625,Paperback Romance Novels,,Antiques & Collectibles - Collectibles - Books | Antiques & Collectibles - Collectibles | Antiques & Collectibles,9,0,0,2,OPEN,0,IGNORE,,,https://hibid.com/lot/322874625
882,875,322874626,Thriller & Romance Novels,,Antiques & Collectibles - Collectibles - Books | Antiques & Collectibles - Collectibles | Antiques & Collectibles,3,0,0,2,OPEN,0,IGNORE,,,https://hibid.com/lot/322874626
883,876,322874627,Paperback Romance Novels,,Antiques & Collectibles - Collectibles - Books | Antiques & Collectibles - Collectibles | Antiques & Collectibles,9,0,0,2,OPEN,0,IGNORE,,,https://hibid.com/lot/322874627
884,877,322874628,Paperback Romance Novels,,Antiques & Collectibles - Collectibles - Books | Antiques & Collectibles - Collectibles | Antiques & Collectibles,7,0,0,2,OPEN,0,IGNORE,,,https://hibid.com/lot/322874628
885,878,322874629,Paperback Romance Novels,,Antiques & Collectibles - Collectibles - Books | Antiques & Collectibles - Collectibles | Antiques & Collectibles,10,0,0,2,OPEN,0,IGNORE,,,https://hibid.com/lot/322874629
886,879,322874630,Paperback Romance Novels,,Antiques & Collectibles - Collectibles - Books | Antiques & Collectibles - Collectibles | Antiques & Collectibles,9,0,0,2,OPEN,0,IGNORE,,,https://hibid.com/lot/322874630
887,880,322874631,Paperback Romance Novels,,Antiques & Collectibles - Collectibles - Books | Antiques & Collectibles - Collectibles | Antiques & Collectibles,8,0,0,2,OPEN,0,IGNORE,,,https://hibid.com/lot/322874631
888,881,322874632,Fiction & Romance Novels,,Antiques & Collectibles - Collectibles - Books | Antiques & Collectibles - Collectibles | Antiques & Collectibles,6,0,0,2,OPEN,0,IGNORE,,,https://hibid.com/lot/322874632
889,882,322874633,Paperback Romance Novels,,Antiques & Collectibles - Collectibles - Books | Antiques & Collectibles - Collectibles | Antiques & Collectibles,10,0,0,2,OPEN,0,IGNORE,,,https://hibid.com/lot/322874633
890,883,322874634,Paperback Romance Novels,,Antiques & Collectibles - Collectibles - Books | Antiques & Collectibles - Collectibles | Antiques & Collectibles,8,2,1,3,OPEN,0,IGNORE,,,https://hibid.com/lot/322874634
891,884,322874635,Paperback Romance Novels,,Antiques & Collectibles - Collectibles - Books | Antiques & Collectibles - Collectibles | Antiques & Collectibles,7,0,0,2,OPEN,0,IGNORE,,,https://hibid.com/lot/322874635
892,885,322874636,Fiction & Romance Novels,,Antiques & Collectibles - Collectibles - Books | Antiques & Collectibles - Collectibles | Antiques & Collectibles,5,0,0,2,OPEN,0,IGNORE,,,https://hibid.com/lot/322874636
893,886,322874637,Paperback Romance Novels,,Antiques & Collectibles - Collectibles - Books | Antiques & Collectibles - Collectibles | Antiques & Collectibles,8,0,0,2,OPEN,0,IGNORE,,,https://hibid.com/lot/322874637
894,887,322874638,"Cookbook Assortment, Garden Problem Solver Book","Fresh Ways With PastaThe Dieter's Cook BookBiggest Book of Soups & StewsChurch SuppersPatti LaBelle Cook Book",Antiques & Collectibles - Collectibles - Books | Antiques & Collectibles - Collectibles | Antiques & Collectibles,3,2,1,3,OPEN,3,PRICE-DEPENDENT,property,,https://hibid.com/lot/322874638
895,888,322874639,Paperback Romance Novels,,Antiques & Collectibles - Collectibles - Books | Antiques & Collectibles - Collectibles | Antiques & Collectibles,7,0,0,2,OPEN,0,IGNORE,,,https://hibid.com/lot/322874639
896,890,322874641,Hardcover & Paper Back Novels (15),"Anne Geddes Down in the GardenComplete Book of the Marine Aquarium",Antiques & Collectibles - Collectibles - Books | Antiques & Collectibles - Collectibles | Antiques & Collectibles,5,0,0,2,OPEN,5,PRICE-DEPENDENT,property,,https://hibid.com/lot/322874641
897,891,322874642,Oil Lamps Chimney & Globe Style Shades (2),,Antiques & Collectibles - Antiques - Antique Lamps | Antiques & Collectibles - Antiques | Antiques & Collectibles,5,2,1,3,OPEN,0,IGNORE,,,https://hibid.com/lot/322874642
898,892,322874644,"Glass & Brass Square Case Anniversary Clock, Bell","Pong Handled Hand BellOrnate Container or Holder With Portrait Slots",Antiques & Collectibles - Collectibles - Kitchen / Home | Antiques & Collectibles - Collectibles | Antiques & Collectibles,4,0,0,2,OPEN,0,IGNORE,,,https://hibid.com/lot/322874644
899,893,322874645,Clear Glass Oil Lamp W/Chimney's(3),,Antiques & Collectibles - Antiques - Antique Lamps | Antiques & Collectibles - Antiques | Antiques & Collectibles,3,2,1,3,OPEN,0,IGNORE,,,https://hibid.com/lot/322874645
900,894,322874647,Brass& Crystal Candlestick Holders W/Marble Bases,"Green Glass VaseBlue Glass Vase",Antiques & Collectibles - Collectibles - Decorative - Vases / Jars | Antiques & Collectibles - Collectibles - Decorative | Antiques & Collectibles - Collectibles | Antiques & Collectibles,3,3,2,4,OPEN,0,IGNORE,,,https://hibid.com/lot/322874647
901,895,322874649,"Santa Claus Cookie Jar, Candle Holders (2)",,Home Goods & Decor - Home Goods - Kitchen / Housewares | Home Goods & Decor - Home Goods | Home Goods & Decor,4,2,1,3,OPEN,0,IGNORE,,,https://hibid.com/lot/322874649
902,896,322874650,"Ceramic Teapot, Mustache Mug,Crackle Glass Vase",,Antiques & Collectibles - Collectibles - Decorative - Vases / Jars | Antiques & Collectibles - Collectibles - Decorative | Antiques & Collectibles - Collectibles | Antiques & Collectibles,5,2,1,3,OPEN,0,IGNORE,,,https://hibid.com/lot/322874650
903,897,322874652,"Vanity Dresser Set ,Hand & Tabletop  Mirrors",Powder Jar,Home Goods & Decor - Home Goods - Bed / Bath Items | Home Goods & Decor - Home Goods | Home Goods & Decor,4,6,4,7,OPEN,0,IGNORE,,,https://hibid.com/lot/322874652
904,898,322874654,"Timex Anniversary Clock, Plaster Figurine Young",Girl Holding a Doll. Chip on Girls Hat.,Antiques & Collectibles - Collectibles - Figurines | Antiques & Collectibles - Collectibles | Antiques & Collectibles,4,0,0,2,OPEN,-4,IGNORE,,,https://hibid.com/lot/322874654
905,899,322874655,Cherished Teddies Miniature Nativity Collection,,Antiques & Collectibles - Collectibles - Figurines | Antiques & Collectibles - Collectibles | Antiques & Collectibles,4,2,1,3,OPEN,-2,IGNORE,,,https://hibid.com/lot/322874655
906,900,322874656,"Angel Candle Holder, Christmas Angel Doll",Christmas Angel Doll - Music Doesn't Work,Toys - Dolls | Toys,5,3,2,4,OPEN,-2,IGNORE,,,https://hibid.com/lot/322874656
907,901,323034343,Christmas Mailbox Set (2),,Lawn & Garden - Outdoors | Lawn & Garden,7,0,0,2,OPEN,5,PRICE-DEPENDENT,property,,https://hibid.com/lot/323034343
908,902,323034344,Resin Angel Figurines By Roman,,Antiques & Collectibles - Collectibles - Figurines | Antiques & Collectibles - Collectibles | Antiques & Collectibles,5,0,0,2,OPEN,-2,IGNORE,,,https://hibid.com/lot/323034344
909,903,323034345,"Teddy Babies Figurines, Cherished Teddies",,Antiques & Collectibles - Collectibles - Figurines | Antiques & Collectibles - Collectibles | Antiques & Collectibles,5,2,1,3,OPEN,-2,IGNORE,,,https://hibid.com/lot/323034345
910,904,323034346,"Cherished Teddies, Teddy Bear Figurines",,Antiques & Collectibles - Collectibles - Figurines | Antiques & Collectibles - Collectibles | Antiques & Collectibles,6,0,0,2,OPEN,-2,IGNORE,,,https://hibid.com/lot/323034346
911,905,323034347,Round Ceiling Light Fixture W/Glass Shade,4 Glass Ruffled Bell or Tulip Style Replacement light shades,Antiques & Collectibles - Antiques - Lighting Fixtures | Antiques & Collectibles - Antiques | Antiques & Collectibles,7,0,0,2,OPEN,0,IGNORE,,,https://hibid.com/lot/323034347
912,906,323034348,Farm Design Seat Cushions (2),,Home Goods & Decor - Home Goods - Kitchen / Housewares | Home Goods & Decor - Home Goods | Home Goods & Decor,5,2,1,3,OPEN,4,PRICE-DEPENDENT,farm,,https://hibid.com/lot/323034348
913,907,323034349,"Music Box Pieces(2), Porcelain Dolls(2)",Gold-toned metal and stained glass figurine featuring two angels with a red heart,Antiques & Collectibles - Collectibles - Figurines | Antiques & Collectibles - Collectibles | Antiques & Collectibles,4,0,0,2,OPEN,-4,IGNORE,,,https://hibid.com/lot/323034349
914,908,323034350,Cherished Teddies Figurines(2) & Plates(2),,Antiques & Collectibles - Collectibles - Figurines | Antiques & Collectibles - Collectibles | Antiques & Collectibles,3,0,0,2,OPEN,-4,IGNORE,,,https://hibid.com/lot/323034350
915,909,323034351,"Scholaropod Dino, Uncle Samosaurus Dino Figures",,Toys - Action Figures | Toys,4,2,1,3,OPEN,0,IGNORE,,,https://hibid.com/lot/323034351
916,910,323034353,"Peacock Figurine, Console Bowl, Rooster Figurines",Soup Bowl Coozie,Antiques & Collectibles - Collectibles - Figurines | Antiques & Collectibles - Collectibles | Antiques & Collectibles,6,2,1,3,OPEN,-2,IGNORE,,,https://hibid.com/lot/323034353
917,911,323034361,Thomas Kinkade Lighted Cottage-Heather's Hutch,4 White Ceramic Owls,Antiques & Collectibles - Collectibles - Figurines | Antiques & Collectibles - Collectibles | Antiques & Collectibles,5,0,0,2,OPEN,-2,IGNORE,,,https://hibid.com/lot/323034361
918,912,323034363,"Metal Basket & Bowl, Footed Crystal Floral Silver","Tone Flanders Poppy overlay pattern Bowl, Indian Lassi Cup",Antiques & Collectibles - Collectibles - Kitchen / Home | Antiques & Collectibles - Collectibles | Antiques & Collectibles,9,0,0,2,OPEN,0,IGNORE,,,https://hibid.com/lot/323034363
919,913,323034365,Assorted 4th Generation TY Beanie Babies (10),"Lady Bug,Duck,Mallard,Dog, Crab and more",Toys - Bears / Stuffed Animals | Toys,5,0,0,2,OPEN,-2,REVIEW,,yes,https://hibid.com/lot/323034365
920,914,323034367,4th Generation TY Bear Assortment(10),,Toys - Bears / Stuffed Animals | Toys,4,0,0,2,OPEN,-2,IGNORE,,,https://hibid.com/lot/323034367
921,915,323034369,4th Generation TY Beanies Animals (10),"Ghost, Owl,Dog, Tiger, Bird, Zebra and More",Toys - Bears / Stuffed Animals | Toys,6,0,0,2,OPEN,-2,IGNORE,,,https://hibid.com/lot/323034369
922,916,323034370,4th Generation TY Beanies Babies (10),"Turkey,Bear, Skunk, Cat, Sea Lion and more",Toys - Bears / Stuffed Animals | Toys,6,0,0,2,OPEN,-2,IGNORE,,,https://hibid.com/lot/323034370
923,917,323034372,4th Generation TY Beanies (10),"Penguin, Dolphin, Dog, Deer, Owl, Crab and More",Toys - Bears / Stuffed Animals | Toys,4,0,0,2,OPEN,-2,IGNORE,,,https://hibid.com/lot/323034372
924,918,323034374,4th Generation TY Beanies (10),"Dog,Rabbit, Pink Bunny,Snake,Bear, Santa and More",Toys - Bears / Stuffed Animals | Toys,4,2,1,3,OPEN,-2,IGNORE,,,https://hibid.com/lot/323034374
925,919,323034376,4th Generation TY Beanies (10),"Rooster, Dog, Butterfly,Frog, Snake, Snail,Fish, Jelly Fish and More",Toys - Bears / Stuffed Animals | Toys,4,2,1,3,OPEN,-2,IGNORE,,,https://hibid.com/lot/323034376
926,920,323034378,4th Generation TY Beanies (10),"Walrus,Monkey,Mouse,Bunny,Panda, Bird, Koala Bear and More",Toys - Bears / Stuffed Animals | Toys,5,2,1,3,OPEN,-2,IGNORE,,,https://hibid.com/lot/323034378
927,921,323034388,4th Generation TY Beanies (10),"Shark,Lizard, Bear,Dog, Nuts,Lamb and More",Toys - Bears / Stuffed Animals | Toys,5,2,1,3,OPEN,-2,IGNORE,,,https://hibid.com/lot/323034388
928,922,323034390,4th Generation TY Beanies (10),"Pig, Dog,Lion,Parrot, Duck, Bunny, Cat and More",Toys - Bears / Stuffed Animals | Toys,5,2,1,3,OPEN,-2,IGNORE,,,https://hibid.com/lot/323034390
929,923,323034391,4th Generation TY Beanies (10),"Duck,Whale,Unicorn,Dalmatian Dog,Cat, Mouse and More",Toys - Bears / Stuffed Animals | Toys,4,2,1,3,OPEN,-2,IGNORE,,,https://hibid.com/lot/323034391
930,924,323034393,4th Generation TY Beanies (10),"Hedgehog, Cardinal,Fox, Pug, Rainbow",Toys - Bears / Stuffed Animals | Toys,4,2,1,3,OPEN,-2,IGNORE,,,https://hibid.com/lot/323034393
931,925,323034395,4th Generation TY Beanies (11),"Penguin,Dog, Bear,Horse, Eagle and More",Toys - Bears / Stuffed Animals | Toys,5,2,1,3,OPEN,2,IGNORE,farm,,https://hibid.com/lot/323034395
932,926,323034397,"1999 Beanie Babies Calendar, Avon Full of Beans","Avon Full of Beans Stuffed AnimalsBeanie Bear(1)1999 Beanie Babies Official Calendar",Toys - Bears / Stuffed Animals | Toys,5,0,0,2,OPEN,-2,IGNORE,,,https://hibid.com/lot/323034397
933,927,323034399,4th Generation TY Beanies (10),"Kangaroo, Bear, Unicorn, Jack O Lantern,Cow and More",Toys - Bears / Stuffed Animals | Toys,4,2,1,3,OPEN,2,IGNORE,shop,,https://hibid.com/lot/323034399
934,928,323034401,Walt Disney 7 Dwarfs Stuffed Plushies,,Toys - Bears / Stuffed Animals | Toys,4,6,5,7,OPEN,-2,IGNORE,,,https://hibid.com/lot/323034401
935,929,323034402,"Green Glass Waffle Pattern Shakers(2), Spool Shape",Spool Shaped Salt and Pepper Shakers,Antiques & Collectibles - Collectibles - Kitchen / Home | Antiques & Collectibles - Collectibles | Antiques & Collectibles,6,6,5,7,OPEN,0,IGNORE,,,https://hibid.com/lot/323034402
936,930,323034404,"Chalkware Fruit Plaques, Ceramic Quail Figurines","Wooden Jointed Rooster, Glazed Ceramic Quail Figurines(2), Glass Storage Jar with cork lid, Chalkware Fruit Plaque have a few chips on edges",Antiques & Collectibles - Collectibles - Figurines | Antiques & Collectibles - Collectibles | Antiques & Collectibles,10,3,2,4,OPEN,2,IGNORE,property,,https://hibid.com/lot/323034404
937,931,323034414,"Clear Glass Pitcher. Footed Sherbet Dishes,Glasses","Sherbet Dishes-7Juice Glasses-6Pilsner-1Drinking Tumbler-1",Home Goods & Decor - Home Goods - Kitchen / Housewares | Home Goods & Decor - Home Goods | Home Goods & Decor,5,0,0,2,OPEN,0,IGNORE,,,https://hibid.com/lot/323034414
938,932,323034416,MCDonald's Garfield Mugs (8),,Antiques & Collectibles - Collectibles - Kitchen / Home | Antiques & Collectibles - Collectibles | Antiques & Collectibles,3,0,0,2,OPEN,0,IGNORE,,,https://hibid.com/lot/323034416
939,933,323034419,Clear Glass Coffee Mugs (8),,Home Goods & Decor - Home Goods - Kitchen / Housewares | Home Goods & Decor - Home Goods | Home Goods & Decor,5,0,0,2,OPEN,0,IGNORE,,,https://hibid.com/lot/323034419
940,934,323034422,Assorted Rocks Glasses (15),,Business & Industrial - Restaurant / Food Industry - Glassware | Business & Industrial - Restaurant / Food Industry | Business & Industrial,5,0,0,2,OPEN,0,REVIEW,,yes,https://hibid.com/lot/323034422
941,935,323034424,"Coca-Cola Glass, Assorted Glasses (13)",,Antiques & Collectibles - Collectibles - Advertising | Antiques & Collectibles - Collectibles | Antiques & Collectibles,4,0,0,2,OPEN,0,REVIEW,,yes,https://hibid.com/lot/323034424
942,936,323034426,"Coffee Cups(8), Tumbler, Rocks Glass",,Home Goods & Decor - Home Goods - Kitchen / Housewares | Home Goods & Decor - Home Goods | Home Goods & Decor,5,0,0,2,OPEN,0,IGNORE,,,https://hibid.com/lot/323034426
943,937,323034429,"Green Glass Moon & Stars Pattern Footed Bowl, Tall","Pedestal Compote, Small Bowl/Dish",Antiques & Collectibles - Collectibles - Decorative - Bowls | Antiques & Collectibles - Collectibles - Decorative | Antiques & Collectibles - Collectibles | Antiques & Collectibles,9,41,14,42,OPEN,0,IGNORE,,,https://hibid.com/lot/323034429
944,938,323034430,"I.H., Pioneer, B&W Co-op Baseball Caps & More","Camo Discount TireGrumpy Old FartPabst Blue RibbonFord Jim Navarre St. Louis",Fashion - Men's Clothing - Tops | Fashion - Men's Clothing | Fashion,10,2,1,3,OPEN,4,PRICE-DEPENDENT,auto,,https://hibid.com/lot/323034430
945,939,323034431,Way Rite & Hanson 25lb Kitchen & Mercantile Scales,2 Scales,Construction & Farm - Shop / Warehouse - Scales / Hoists | Construction & Farm - Shop / Warehouse | Construction & Farm,8,2,1,3,OPEN,4,PRICE-DEPENDENT,farm,,https://hibid.com/lot/323034431
946,940,323034432,"Wooden and Glass Washboard, Van Atten's Outdoor 68","Van Atten's Inc Outdoor Man's Headquarters 1968 Calendar, Wood Yard Stick, 4 Sided Yard Stick",Antiques & Collectibles - Collectibles - Kitchen / Home | Antiques & Collectibles - Collectibles | Antiques & Collectibles,8,8,4,9,OPEN,0,IGNORE,,,https://hibid.com/lot/323034432
947,941,323034433,Deshler Mail Box Cylindrical Galvanized Tube,Mailbox,Lawn & Garden - Outdoors | Lawn & Garden,6,6,2,7,OPEN,4,PRICE-DEPENDENT,property,,https://hibid.com/lot/323034433
948,942,323034435,Republic Truck Emblem,,Antiques & Collectibles - Collectibles - Automobilia | Antiques & Collectibles - Collectibles | Antiques & Collectibles,3,91,5,92,OPEN,0,IGNORE,,,https://hibid.com/lot/323034435
949,944,323034440,Decorative Plates (7),,Antiques & Collectibles - Collectibles - Decorative - Plates | Antiques & Collectibles - Collectibles - Decorative | Antiques & Collectibles - Collectibles | Antiques & Collectibles,7,0,0,2,OPEN,-2,IGNORE,,,https://hibid.com/lot/323034440
950,945,323034442,The Old Curiosity Shop Green Transferware Dishes,,Antiques & Collectibles - Collectibles - Kitchen / Home | Antiques & Collectibles - Collectibles | Antiques & Collectibles,10,53,24,54,OPEN,0,IGNORE,,,https://hibid.com/lot/323034442
951,946,323034444,"Pyrex & Anchor Hocking Ovenware Glass Bowls, Pan",,Home Goods & Decor - Home Goods - Kitchen / Housewares | Home Goods & Decor - Home Goods | Home Goods & Decor,10,0,0,2,OPEN,0,IGNORE,,,https://hibid.com/lot/323034444
952,947,323034446,"Vignaud Limoges Dinner Plates(9),Corning Ware Pan",Corning Ware Sauce Pan,Home Goods & Decor - Home Goods - Kitchen / Housewares | Home Goods & Decor - Home Goods | Home Goods & Decor,8,0,0,2,OPEN,-2,IGNORE,,,https://hibid.com/lot/323034446
953,948,323034448,Noritake China Dinnerware-Crestmont Pattern,"Dinner Plates-9Salad Plates-9Serving Platters-2Serving Bowl-1Teacups-6Gravy Boat-1Small Lidded Dish-1Lidded Serving Piece-1Dessert Plate-9Cup & Saucers-9Berry Bowls-8",Antiques & Collectibles - Collectibles - Kitchen / Home | Antiques & Collectibles - Collectibles | Antiques & Collectibles,19,2,1,3,OPEN,-4,IGNORE,,,https://hibid.com/lot/323034448
954,950,323034451,"Clear Glass Punch Bowls(2), 8 Glass Cups",,Home Goods & Decor - Home Goods - Kitchen / Housewares | Home Goods & Decor - Home Goods | Home Goods & Decor,8,0,0,2,OPEN,0,IGNORE,,,https://hibid.com/lot/323034451
955,951,323034457,Ceramic and Porcelain Figurines,"Birds, Animals, Angels,Jemima Puddle-Duck Planter, Jasco Fragrant Ornament",Antiques & Collectibles - Collectibles - Figurines | Antiques & Collectibles - Collectibles | Antiques & Collectibles,5,2,1,3,OPEN,-4,IGNORE,,,https://hibid.com/lot/323034457
956,952,323034459,Corning Ware Blue Cornflower Menuette Skillets,Also could be a sauce pans (2),Home Goods & Decor - Home Goods - Kitchen / Housewares | Home Goods & Decor - Home Goods | Home Goods & Decor,8,2,1,3,OPEN,3,PRICE-DEPENDENT,value,,https://hibid.com/lot/323034459
957,953,323034461,Clear Glass Apothecary and Storage Jars W/Lids,Glass Serving Bowl,Antiques & Collectibles - Collectibles - Decorative - Vases / Jars | Antiques & Collectibles - Collectibles - Decorative | Antiques & Collectibles - Collectibles | Antiques & Collectibles,7,0,0,2,OPEN,5,PRICE-DEPENDENT,property,,https://hibid.com/lot/323034461
958,954,323034463,"Woven Wood Picnic/Pie Basket , Charles Cookies Tin","Some Foam Trays, A wooden removable shelf",Home Goods & Decor - Home Goods - Kitchen / Housewares | Home Goods & Decor - Home Goods | Home Goods & Decor,11,3,2,4,OPEN,0,IGNORE,,,https://hibid.com/lot/323034463
959,955,323034464,"Wooden Wall Mounted Spice Rack W/Jars, Wall Shelf","Spice Jars are clear glass and have NO spices.Wooden Wall Shelves(2)",Home Goods & Decor - Home Goods - Kitchen / Housewares | Home Goods & Decor - Home Goods | Home Goods & Decor,11,6,4,7,OPEN,0,IGNORE,,,https://hibid.com/lot/323034464
960,956,323034466,"Hoover Wet/Dry Hand Vac, Waffle Drawer Liner, Hand","Weight 5LB, Microwave Heat Pack",Business & Industrial - Business / Retail - Janitorial - Cleaning Equipment | Business & Industrial - Business / Retail - Janitorial | Business & Industrial - Business / Retail | Business & Industrial,7,0,0,2,OPEN,5,PRICE-DEPENDENT,property,,https://hibid.com/lot/323034466
961,957,323034468,"Pyrex Glass Removable Handle, Lantern Battery Opt","Coleman Stainless Steel Camp Mug, Brass Chalice Goblets From India Floral Pattern(2), Tupperware Lidded Relish Tray, Wooden Baskets Small(4)",Home Goods & Decor - Home Goods - Kitchen / Housewares | Home Goods & Decor - Home Goods | Home Goods & Decor,13,2,1,3,OPEN,0,IGNORE,,,https://hibid.com/lot/323034468
962,958,323034469,"Flush Lever, 20 AMP Fuses, Furniture Movers","Paint Stirrer Sticks,Paint Brush,3 way grounded outlet tap, 90 degree right angle 2prong/3prong replacement plug/adapter,Medium base light bulb socket to plug adapter",Construction & Farm - Shop / Warehouse - Parts / Accessories | Construction & Farm - Shop / Warehouse | Construction & Farm,4,0,0,2,OPEN,11,STRONG TARGET,farm|shop|auto,,https://hibid.com/lot/323034469
963,959,323034470,Manual Cast Iron or Metal Meat Grinders,Also used as food choppers,Home Goods & Decor - Home Goods - Kitchen / Housewares | Home Goods & Decor - Home Goods | Home Goods & Decor,6,2,1,3,OPEN,4,PRICE-DEPENDENT,shop,,https://hibid.com/lot/323034470
964,960,323034471,"Caravan Spinning Serving Tray, Rolling Pins,Slicer","Double Ended Wooden Pastry and Pizza Dough Roller, Roasting Forks",Home Goods & Decor - Home Goods - Kitchen / Housewares | Home Goods & Decor - Home Goods | Home Goods & Decor,9,2,1,3,OPEN,0,IGNORE,,,https://hibid.com/lot/323034471
965,961,323034476,"15In Baking Stone, Kitchen Aide Stainless 4 1/2 QT",Bowl In the Box,Home Goods & Decor - Home Goods - Kitchen / Housewares | Home Goods & Decor - Home Goods | Home Goods & Decor,7,6,4,7,OPEN,0,IGNORE,,,https://hibid.com/lot/323034476
966,962,323034478,Pottery Bicentennial Liberty Belk Milk Can Cookie,Jar from 1976. Has a chip on the rim.,Art - Pottery / Ceramics | Art,6,0,0,2,OPEN,0,IGNORE,,,https://hibid.com/lot/323034478
967,963,323034480,Stoneware Cookie Jar from the 1970's,,Home Goods & Decor - Home Goods - Kitchen / Housewares | Home Goods & Decor - Home Goods | Home Goods & Decor,4,12,9,13,OPEN,0,IGNORE,,,https://hibid.com/lot/323034480
968,964,323034482,"Fisher Price Toys, Tupperware Shape O Sorter Toy","Little Peoples Cottage HouseCrib Activity CenterTurn & Learn Activity CenterCash RegisterPhone",Toys - Vintage / Antique Toys | Toys,9,2,1,3,OPEN,0,IGNORE,,,https://hibid.com/lot/323034482
969,965,323034484,"Little Tikes Toddle Fire Truck, Tonka Fire Truck",,Toys - Vintage / Antique Toys | Toys,5,2,1,3,OPEN,0,IGNORE,,,https://hibid.com/lot/323034484
970,966,323034486,Die-cast Toy Vehicles and Miniature Cars,,Toys - Vintage / Antique Toys | Toys,4,0,0,2,OPEN,0,IGNORE,,,https://hibid.com/lot/323034486
971,967,323034488,"Toy Vehicles and Action Figure,Daisy Air Pistol",Spring Action Repeating Air Pistol designed for BBs and Pellets uses .177,Sporting Goods - Firearms / Weapons - Airsoft / Paintball / Pellet / BB Guns | Sporting Goods - Firearms / Weapons | Sporting Goods,6,2,1,3,OPEN,0,IGNORE,,,https://hibid.com/lot/323034488
972,968,323034489,"Blow Mold Piggy Bank, Alexander's Star 3D Puzzle","Softball, Fast Food Promotional Toys",Antiques & Collectibles - Collectibles - Kitchen / Home | Antiques & Collectibles - Collectibles | Antiques & Collectibles,4,2,1,3,OPEN,0,IGNORE,,,https://hibid.com/lot/323034489
973,969,323034490,"Battery Opt Talking Train, Big Wing Biplane, Toy T","Battery Operated Orion Express Talking Train- Needs Batteries unable to testAir Show Big Wing Plastic Toy Biplane- Needs Batteries unable to test.Toy Tools-Plastic",Toys - Trains / Railroad | Toys,6,0,0,2,OPEN,5,PRICE-DEPENDENT,shop,,https://hibid.com/lot/323034490
974,970,323034491,"Die-cast Red Tractor and Wagon, Green Toy Tractor",Miniature Metal Shovel A salesman's sample or produced as a metal toy shovel,Toys - Vintage / Antique Toys | Toys,8,0,0,2,OPEN,8,GOOD OPPORTUNITY,farm|property,,https://hibid.com/lot/323034491
975,971,323034492,Cathy Multi Panel Comic Print Umbrella,Newspaper Themed Umbrella,Home Goods & Decor - Home Goods - Kitchen / Housewares | Home Goods & Decor - Home Goods | Home Goods & Decor,4,2,1,3,OPEN,0,IGNORE,,,https://hibid.com/lot/323034492
976,972,323034493,"Racquet Sports Equipment, Ball Mitts & Balls","4 Mitts8 Assorted Balls3 Racquets",Sporting Goods - Sporting Goods / Outdoor Recreation - Outdoor Games & Sports Equipment | Sporting Goods - Sporting Goods / Outdoor Recreation | Sporting Goods,6,0,0,2,OPEN,0,REVIEW,,yes,https://hibid.com/lot/323034493
977,973,323034495,"30-06 Springfield Shells, Hunting Cushions, H","Hats,Zip Up Hoodie Jacket",Sporting Goods - Hunting & Trapping | Sporting Goods,13,2,1,3,OPEN,4,PRICE-DEPENDENT,shop,,https://hibid.com/lot/323034495
978,974,323034497,Live Edge Wood Slab Wall Clocks(2),finished with a clear lacquer,Antiques & Collectibles - Antiques - Clocks - Wall | Antiques & Collectibles - Antiques - Clocks | Antiques & Collectibles - Antiques | Antiques & Collectibles,5,2,1,3,OPEN,0,IGNORE,,,https://hibid.com/lot/323034497
979,975,323034499,Unfinished Live Edge Wood Pieces (2),,Construction & Farm - Building Supplies - Lumber | Construction & Farm - Building Supplies | Construction & Farm,3,2,1,3,OPEN,3,PRICE-DEPENDENT,farm,,https://hibid.com/lot/323034499
980,976,323034500,Clear Glass Barrel Shaped Jar Wire Bail & Wood Han,Handle. No Lid,Antiques & Collectibles - Collectibles - Decorative - Vases / Jars | Antiques & Collectibles - Collectibles - Decorative | Antiques & Collectibles - Collectibles | Antiques & Collectibles,4,2,1,3,OPEN,4,PRICE-DEPENDENT,property,,https://hibid.com/lot/323034500
981,977,323034502,Bell No.2 Cast Iron Bell Yoke or Mounting Bracket,"Stamped with Crystal Metal and the number 2- Has Bell DingerMade By C.S. Bell CompanyBell & Yoke/Bracket",Antiques & Collectibles - Collectibles - Kitchen / Home | Antiques & Collectibles - Collectibles | Antiques & Collectibles,6,11,7,12,OPEN,0,IGNORE,,,https://hibid.com/lot/323034502
982,978,323034504,Cross Cut Saw Blade,,Construction & Farm - Shop / Warehouse - Saws / Drills | Construction & Farm - Shop / Warehouse | Construction & Farm,3,2,1,3,OPEN,9,STRONG TARGET,farm|shop,,https://hibid.com/lot/323034504
983,979,323034506,"Selmer Bundy II Saxophone In A Case, Metal Detecto",White's Classic III Plus Metal Detector In a Case,Home Goods & Decor - Home Goods - Musical Instruments | Home Goods & Decor - Home Goods | Home Goods & Decor,12,3,2,4,OPEN,5,PRICE-DEPENDENT,value,,https://hibid.com/lot/323034506
984,979B,323218633,Bonus Lot,,Home Goods & Decor - Home Goods - Kitchen / Housewares | Home Goods & Decor - Home Goods | Home Goods & Decor,7,2,1,3,OPEN,0,REVIEW,,yes,https://hibid.com/lot/323218633
985,980,323034508,"Makita 10"" Saw",,Construction & Farm - Shop / Warehouse - Saws / Drills | Construction & Farm - Shop / Warehouse | Construction & Farm,8,2,1,3,OPEN,12,STRONG TARGET,farm|shop|value,,https://hibid.com/lot/323034508
986,981,323034512,Black & Decker Electric Circular Saw,,Construction & Farm - Shop / Warehouse - Saws / Drills | Construction & Farm - Shop / Warehouse | Construction & Farm,14,0,0,2,OPEN,11,STRONG TARGET,farm|shop,,https://hibid.com/lot/323034512
987,982,323034513,Black & Decker Electric Sander/Polisher & Grinder,4 1/2 Angle Grinder,Lawn & Garden - Tools/Hand held items - Power Tools | Lawn & Garden - Tools/Hand held items | Lawn & Garden,18,2,1,3,OPEN,13,STRONG TARGET,shop|property,,https://hibid.com/lot/323034513
988,983,323034514,"Craftsman Sabre Saw, Tru-Test Drill",,Construction & Farm - Shop / Warehouse - Saws / Drills | Construction & Farm - Shop / Warehouse | Construction & Farm,16,0,0,2,OPEN,13,STRONG TARGET,farm|shop|value,,https://hibid.com/lot/323034514
989,984,323034515,"Craftsman Reciprocating Saw, Deluxe Zipp Saw",,Construction & Farm - Shop / Warehouse - Saws / Drills | Construction & Farm - Shop / Warehouse | Construction & Farm,15,0,0,2,OPEN,13,STRONG TARGET,farm|shop|value,,https://hibid.com/lot/323034515
990,985,323034517,"1/2"" Electric Hammer Drill",,Lawn & Garden - Tools/Hand held items - Power Tools | Lawn & Garden - Tools/Hand held items | Lawn & Garden,12,0,0,2,OPEN,11,STRONG TARGET,shop|property,,https://hibid.com/lot/323034517
991,986,323034519,Craftsman Industrial Reciprocating Saw in Case,,Construction & Farm - Shop / Warehouse - Saws / Drills | Construction & Farm - Shop / Warehouse | Construction & Farm,11,2,1,3,OPEN,12,STRONG TARGET,farm|shop|value,,https://hibid.com/lot/323034519
992,987,323034521,Worx Battery Charger and Charger,,Construction & Farm - Shop / Warehouse - Automotive | Construction & Farm - Shop / Warehouse | Construction & Farm,7,0,0,2,OPEN,11,STRONG TARGET,farm|auto,,https://hibid.com/lot/323034521
993,988,323034524,DeWalt Battery Operated Drill in Metal Case,Comes with 2 battery’s and one charger,Lawn & Garden - Tools/Hand held items - Power Tools | Lawn & Garden - Tools/Hand held items | Lawn & Garden,10,0,0,2,OPEN,13,STRONG TARGET,shop|property|value,,https://hibid.com/lot/323034524
994,989,323034526,"Pro-Tech 10"" Buffer/ Polisher, Skil 3/8” Drill",,Lawn & Garden - Tools/Hand held items - Power Tools | Lawn & Garden - Tools/Hand held items | Lawn & Garden,10,2,1,3,OPEN,12,STRONG TARGET,shop|property|value,,https://hibid.com/lot/323034526
995,990,323034528,"Skil Jig Saw, Heat Gun & Black & Decker Sander",Block,Lawn & Garden - Tools/Hand held items - Power Tools | Lawn & Garden - Tools/Hand held items | Lawn & Garden,18,0,0,2,OPEN,16,STRONG TARGET,shop|property|value,,https://hibid.com/lot/323034528
996,991,323034533,"Angle Grinder, Cordless Drill w/ Battery",Drill does NOT come with battery charger,Lawn & Garden - Tools/Hand held items - Power Tools | Lawn & Garden - Tools/Hand held items | Lawn & Garden,11,0,0,2,OPEN,17,STRONG TARGET,shop|auto|property,,https://hibid.com/lot/323034533
997,992,323034536,Black & Decker Circular Saw & Belt Sander,,Lawn & Garden - Tools/Hand held items - Power Tools | Lawn & Garden - Tools/Hand held items | Lawn & Garden,12,0,0,2,OPEN,14,STRONG TARGET,shop|property,,https://hibid.com/lot/323034536
998,993,323034539,Black and Decker 7 1/4 circular saws (2),* has been tested,Construction & Farm - Shop / Warehouse - Saws / Drills | Construction & Farm - Shop / Warehouse | Construction & Farm,10,0,0,2,OPEN,11,STRONG TARGET,farm|shop,,https://hibid.com/lot/323034539
999,994,323034542,Pneumatic Paint Sprayers,"*  Sears pneumatic spray paint gun with a metal fluid canister* Speedy pneumatic paint gun",Construction & Farm - Shop / Warehouse - Painting | Construction & Farm - Shop / Warehouse | Construction & Farm,16,0,0,2,OPEN,8,GOOD OPPORTUNITY,farm|property,,https://hibid.com/lot/323034542
1000,995,323034546,Remington Power Actuated Tool,* Box of power fasteners and Pins,Lawn & Garden - Tools/Hand held items - Power Tools | Lawn & Garden - Tools/Hand held items | Lawn & Garden,12,3,2,4,OPEN,10,STRONG TARGET,shop|property,,https://hibid.com/lot/323034546
1001,996,323034547,Hardware Organizer with contents,,Construction & Farm - Shop / Warehouse - Parts / Accessories | Construction & Farm - Shop / Warehouse | Construction & Farm,6,0,0,2,OPEN,8,GOOD OPPORTUNITY,farm|shop,,https://hibid.com/lot/323034547
1002,997,323034548,Hardware Organizer and  contents,,Construction & Farm - Shop / Warehouse - Parts / Accessories | Construction & Farm - Shop / Warehouse | Construction & Farm,5,2,1,3,OPEN,7,GOOD OPPORTUNITY,farm|shop,,https://hibid.com/lot/323034548
1003,998,323034549,Plano tackle box and contents,,Sporting Goods - Fishing | Sporting Goods,9,3,2,4,OPEN,0,IGNORE,,,https://hibid.com/lot/323034549
1004,999,323034550,"Sockets, Allen wrenches, Pistol Grip screwdriver",,Lawn & Garden - Tools/Hand held items - Hand Tools | Lawn & Garden - Tools/Hand held items | Lawn & Garden,14,2,1,3,OPEN,13,STRONG TARGET,shop|property,,https://hibid.com/lot/323034550
1005,1000,323034551,"Ball ping hammers, Hammers (2)",,Lawn & Garden - Tools/Hand held items - Hand Tools | Lawn & Garden - Tools/Hand held items | Lawn & Garden,5,2,1,3,OPEN,7,GOOD OPPORTUNITY,shop|property,,https://hibid.com/lot/323034551
1006,1001,323034557,"Hammers, Rubber Mallet, Ball ping Hammer",,Lawn & Garden - Tools/Hand held items - Hand Tools | Lawn & Garden - Tools/Hand held items | Lawn & Garden,6,0,0,2,OPEN,8,GOOD OPPORTUNITY,shop|property,,https://hibid.com/lot/323034557
1007,1002,323034559,Socket set,,Lawn & Garden - Tools/Hand held items - Hand Tools | Lawn & Garden - Tools/Hand held items | Lawn & Garden,7,2,1,3,OPEN,10,STRONG TARGET,shop|property,,https://hibid.com/lot/323034559
1008,1003,323034560,Estwing E3-CA shingle roofing / drywall hatchet,"head * Striking tool for stone or black smithing *Magnectic striking tool",Lawn & Garden - Tools/Hand held items - Hand Tools | Lawn & Garden - Tools/Hand held items | Lawn & Garden,4,2,1,3,OPEN,9,STRONG TARGET,shop|property|value,,https://hibid.com/lot/323034560
1009,1004,323034561,Vintage Pipe wrenches,,Lawn & Garden - Tools/Hand held items - Hand Tools | Lawn & Garden - Tools/Hand held items | Lawn & Garden,4,2,1,3,OPEN,13,STRONG TARGET,shop|property,,https://hibid.com/lot/323034561
1010,1005,323034562,Vintage Pipe wrenches,,Lawn & Garden - Tools/Hand held items - Hand Tools | Lawn & Garden - Tools/Hand held items | Lawn & Garden,4,2,1,3,OPEN,13,STRONG TARGET,shop|property,,https://hibid.com/lot/323034562
1011,1006,323034563,Assorted screwdrivers,,Lawn & Garden - Tools/Hand held items - Hand Tools | Lawn & Garden - Tools/Hand held items | Lawn & Garden,6,0,0,2,OPEN,8,GOOD OPPORTUNITY,shop|property,yes,https://hibid.com/lot/323034563
1012,1007,323034564,Assorted Screwdrivers,,Lawn & Garden - Tools/Hand held items - Hand Tools | Lawn & Garden - Tools/Hand held items | Lawn & Garden,8,0,0,2,OPEN,8,GOOD OPPORTUNITY,shop|property,yes,https://hibid.com/lot/323034564
1013,1008,323034565,Standard Wrenches,,Lawn & Garden - Tools/Hand held items - Hand Tools | Lawn & Garden - Tools/Hand held items | Lawn & Garden,7,0,0,2,OPEN,11,STRONG TARGET,shop|property,,https://hibid.com/lot/323034565
1014,1009,323034566,"Tin bucket wedges, Thorsen socket set",,Lawn & Garden - Tools/Hand held items - Hand Tools | Lawn & Garden - Tools/Hand held items | Lawn & Garden,13,2,1,3,OPEN,13,STRONG TARGET,farm|shop|property,,https://hibid.com/lot/323034566
1015,1010,323034567,Fenwick 1040 tackle box with contents,,Sporting Goods - Fishing | Sporting Goods,11,0,0,2,OPEN,0,IGNORE,,,https://hibid.com/lot/323034567
1016,1011,323034568,Schumacher Power Converter,,Construction & Farm - Shop / Warehouse - Automotive | Construction & Farm - Shop / Warehouse | Construction & Farm,7,0,0,2,OPEN,8,GOOD OPPORTUNITY,farm|auto,,https://hibid.com/lot/323034568
1017,1012,323034569,Pipe wrenches,,Lawn & Garden - Tools/Hand held items - Hand Tools | Lawn & Garden - Tools/Hand held items | Lawn & Garden,4,2,1,3,OPEN,13,STRONG TARGET,shop|property,,https://hibid.com/lot/323034569
1018,1013,323034570,Vintage Pipe wrenches,"* ball joint and tie rod separator, also known as a Pickle Fork",Lawn & Garden - Tools/Hand held items - Hand Tools | Lawn & Garden - Tools/Hand held items | Lawn & Garden,4,0,0,2,OPEN,14,STRONG TARGET,shop|property,,https://hibid.com/lot/323034570
1019,1014,323034571,Antique Cast Iron Wood stove lid lifter with w,"wirebrush * Hog nose ring pullers* Vintage Sheers",Antiques & Collectibles - Antiques - Antique Tools | Antiques & Collectibles - Antiques | Antiques & Collectibles,7,0,0,2,OPEN,11,STRONG TARGET,shop|property,,https://hibid.com/lot/323034571
1020,1015,323034572,C Clamps (9),,Lawn & Garden - Tools/Hand held items - Hand Tools | Lawn & Garden - Tools/Hand held items | Lawn & Garden,10,4,3,5,OPEN,10,STRONG TARGET,shop|property,,https://hibid.com/lot/323034572
1021,1016,323034573,"Extra long screwdrivers, drill bits, assorted","small tools* Half hatchet, half hammer for roofing",Lawn & Garden - Tools/Hand held items - Hand Tools | Lawn & Garden - Tools/Hand held items | Lawn & Garden,10,0,0,2,OPEN,11,STRONG TARGET,shop|property,yes,https://hibid.com/lot/323034573
1022,1017,323034574,"Long Screwdrivers, Drill Bits, Pliers",,Lawn & Garden - Tools/Hand held items - Hand Tools | Lawn & Garden - Tools/Hand held items | Lawn & Garden,9,0,0,2,OPEN,11,STRONG TARGET,shop|property,,https://hibid.com/lot/323034574
1023,1018,323034575,"Hand Riveter, Wrenches, Rubber mallet",,Lawn & Garden - Tools/Hand held items - Hand Tools | Lawn & Garden - Tools/Hand held items | Lawn & Garden,10,2,1,3,OPEN,10,STRONG TARGET,shop|property,,https://hibid.com/lot/323034575
1024,1019,323034576,"Carpenter squares, level  saw blades",,Construction & Farm - Shop / Warehouse - Saws / Drills | Construction & Farm - Shop / Warehouse | Construction & Farm,6,0,0,2,OPEN,11,STRONG TARGET,farm|shop,,https://hibid.com/lot/323034576
1025,1020,323034577,"Circular saw blades,",,Construction & Farm - Shop / Warehouse - Saws / Drills | Construction & Farm - Shop / Warehouse | Construction & Farm,7,2,1,3,OPEN,10,STRONG TARGET,farm|shop,,https://hibid.com/lot/323034577
1026,1021,323034578,"Crescent wrenches, Pliers",,Lawn & Garden - Tools/Hand held items - Hand Tools | Lawn & Garden - Tools/Hand held items | Lawn & Garden,8,2,1,3,OPEN,10,STRONG TARGET,shop|property,,https://hibid.com/lot/323034578
1027,1022,323034579,Craftsman multi head Dog Bone Wrench,"* Wire brush * assorted other items",Lawn & Garden - Tools/Hand held items - Hand Tools | Lawn & Garden - Tools/Hand held items | Lawn & Garden,8,0,0,2,OPEN,16,STRONG TARGET,shop|property|value,yes,https://hibid.com/lot/323034579
1028,1023,323034580,"Masonry drill bits,",,Construction & Farm - Shop / Warehouse - Parts / Accessories | Construction & Farm - Shop / Warehouse | Construction & Farm,8,0,0,2,OPEN,8,GOOD OPPORTUNITY,farm|shop,,https://hibid.com/lot/323034580
1029,1024,323034581,"Vintage tools, Hoof nipper, Hand crank drill","* wood level* larger pipe wrench",Antiques & Collectibles - Antiques - Antique Tools | Antiques & Collectibles - Antiques | Antiques & Collectibles,9,2,1,3,OPEN,13,STRONG TARGET,shop|property,,https://hibid.com/lot/323034581
1030,1025,323034582,"Steel trowels wood handles, Steel file",,Lawn & Garden - Tools/Hand held items - Hand Tools | Lawn & Garden - Tools/Hand held items | Lawn & Garden,5,2,1,3,OPEN,7,GOOD OPPORTUNITY,shop|property,,https://hibid.com/lot/323034582
1031,1026,323034583,Vinly Floor Tiles,,Construction & Farm - Building Supplies - Flooring | Construction & Farm - Building Supplies | Construction & Farm,6,2,1,3,OPEN,4,PRICE-DEPENDENT,farm,,https://hibid.com/lot/323034583
1032,1027,323034584,(2) Full one gallon jugs of deck wash,,Business & Industrial - Business / Retail - Janitorial - Cleaners / Cleaning Supplies | Business & Industrial - Business / Retail - Janitorial | Business & Industrial - Business / Retail | Business & Industrial,3,2,1,3,OPEN,0,IGNORE,,,https://hibid.com/lot/323034584
1033,1028,323034585,5 gallon bucket with assorted toils,"* large clamp* hacksaw’s with pistol grips * hand crack drill or wood auger",Lawn & Garden - Tools/Hand held items - Mixed Tools | Lawn & Garden - Tools/Hand held items | Lawn & Garden,13,2,1,3,OPEN,16,STRONG TARGET,shop|property,yes,https://hibid.com/lot/323034585
1034,1029,323034586,"Sear Craftsman 10 in Band saw, 1/3 HP",,Construction & Farm - Shop / Warehouse - Saws / Drills | Construction & Farm - Shop / Warehouse | Construction & Farm,7,21,5,22,OPEN,12,STRONG TARGET,farm|shop|value,,https://hibid.com/lot/323034586
1035,1030,323034587,"Black Jack Trailer Hitch, 3000lbs max capacity",* lift 2000 lbs,Construction & Farm - Shop / Warehouse - Jacks | Construction & Farm - Shop / Warehouse | Construction & Farm,4,8,6,9,OPEN,13,STRONG TARGET,farm|shop|auto,,https://hibid.com/lot/323034587
1036,1031,323034588,Torin Black Jack hydraulic floor jack 2 1/2 tons,,Construction & Farm - Shop / Warehouse - Jacks | Construction & Farm - Shop / Warehouse | Construction & Farm,7,0,0,2,OPEN,8,GOOD OPPORTUNITY,farm|shop,,https://hibid.com/lot/323034588
1037,1032,323034589,Igloo Koolmate cooler,Works,Sporting Goods - Camping | Sporting Goods,6,0,0,2,OPEN,0,IGNORE,,,https://hibid.com/lot/323034589
1038,1033,323034590,Coleman Thermoelectric Cooler,* has been tested,Sporting Goods - Camping | Sporting Goods,7,0,0,2,OPEN,0,IGNORE,,,https://hibid.com/lot/323034590
1039,1034,323034591,Air pump fan - has been tested,,Home Goods & Decor - Home Goods - Small Appliances | Home Goods & Decor - Home Goods | Home Goods & Decor,7,0,0,2,OPEN,0,IGNORE,,,https://hibid.com/lot/323034591
1040,1035,323034592,Go Clean Household Wet/Dry Vac- has been tested,,Business & Industrial - Business / Retail - Janitorial - Cleaning Equipment | Business & Industrial - Business / Retail - Janitorial | Business & Industrial - Business / Retail | Business & Industrial,5,2,1,3,OPEN,4,PRICE-DEPENDENT,property,,https://hibid.com/lot/323034592
1041,1036,323034593,"Compress and Bandage , gauze for the field",,Home Goods & Decor - Home Goods - Bed / Bath Items | Home Goods & Decor - Home Goods | Home Goods & Decor,5,0,0,2,OPEN,0,IGNORE,,,https://hibid.com/lot/323034593
1042,1037,323034594,Bow and Hack Saws,,Construction & Farm - Shop / Warehouse - Saws / Drills | Construction & Farm - Shop / Warehouse | Construction & Farm,7,0,0,2,OPEN,11,STRONG TARGET,farm|shop,,https://hibid.com/lot/323034594
1043,1038,323034595,Hand Forged Log Rolling tool,,Lawn & Garden - Tools/Hand held items - Hand Tools | Lawn & Garden - Tools/Hand held items | Lawn & Garden,5,3,2,4,OPEN,7,GOOD OPPORTUNITY,shop|property,,https://hibid.com/lot/323034595
1044,1039,323034596,Vintage Ice Block Tongs-cast iron,,Antiques & Collectibles - Antiques - Antique Tools | Antiques & Collectibles - Antiques | Antiques & Collectibles,4,7,6,8,OPEN,4,PRICE-DEPENDENT,shop,,https://hibid.com/lot/323034596
1045,1040,323034597,Cast Iron Wishbone shape ice block tongs,,Antiques & Collectibles - Antiques - Antique Tools | Antiques & Collectibles - Antiques | Antiques & Collectibles,4,4,3,5,OPEN,4,PRICE-DEPENDENT,shop,,https://hibid.com/lot/323034597
1046,1041,323034598,Cast iron Ice Block tongs,,Antiques & Collectibles - Antiques - Antique Tools | Antiques & Collectibles - Antiques | Antiques & Collectibles,4,2,1,3,OPEN,4,PRICE-DEPENDENT,shop,,https://hibid.com/lot/323034598
1047,1042,323034599,"Pry bar, Tire irons, Small pry bar",,Lawn & Garden - Tools/Hand held items - Hand Tools | Lawn & Garden - Tools/Hand held items | Lawn & Garden,4,0,0,2,OPEN,11,STRONG TARGET,shop|auto|property,,https://hibid.com/lot/323034599
1048,1043,323034600,Small cast iron ice block tongs,,Antiques & Collectibles - Antiques - Antique Tools | Antiques & Collectibles - Antiques | Antiques & Collectibles,4,2,1,3,OPEN,4,PRICE-DEPENDENT,shop,,https://hibid.com/lot/323034600
1049,1044,323034601,Horse Mule Yoke Hames Harness (2),,Construction & Farm - Livestock Equipment - Handling Equipment | Construction & Farm - Livestock Equipment | Construction & Farm,5,0,0,2,OPEN,11,STRONG TARGET,farm,,https://hibid.com/lot/323034601
1050,1045,323034602,Wooden and iron smaller horse mule hames,,Construction & Farm - Horse Drawn Equipment | Construction & Farm,4,0,0,2,OPEN,8,GOOD OPPORTUNITY,farm,,https://hibid.com/lot/323034602
1051,1046,323034603,Large Pry Bars (2),,Lawn & Garden - Tools/Hand held items - Hand Tools | Lawn & Garden - Tools/Hand held items | Lawn & Garden,3,0,0,2,OPEN,7,GOOD OPPORTUNITY,shop|property,,https://hibid.com/lot/323034603
1052,1047,323034604,Antique Cross Buck bow saws (2),,Antiques & Collectibles - Antiques - Antique Tools | Antiques & Collectibles - Antiques | Antiques & Collectibles,7,2,1,3,OPEN,7,GOOD OPPORTUNITY,shop,,https://hibid.com/lot/323034604
1053,1048,323034605,Lineman Pole Climbing Spikes (2),,Antiques & Collectibles - Collectibles - Railroad | Antiques & Collectibles - Collectibles | Antiques & Collectibles,5,2,1,3,OPEN,0,IGNORE,,,https://hibid.com/lot/323034605
1054,1049,323034606,Vacmaster 8 gallon wet dry system,,Business & Industrial - Business / Retail - Janitorial - Cleaning Equipment | Business & Industrial - Business / Retail - Janitorial | Business & Industrial - Business / Retail | Business & Industrial,6,0,0,2,OPEN,5,PRICE-DEPENDENT,property,,https://hibid.com/lot/323034606
1055,1049B,323156668,"Stinger wet/dry vac, 2 gallon",,Business & Industrial - Business / Retail - Janitorial - Cleaning Equipment | Business & Industrial - Business / Retail - Janitorial | Business & Industrial - Business / Retail | Business & Industrial,6,0,0,2,OPEN,5,PRICE-DEPENDENT,property,,https://hibid.com/lot/323156668
1056,1050,323034607,Genie Wet/Dry Vac 16 gallons,,Business & Industrial - Business / Retail - Janitorial - Cleaning Equipment | Business & Industrial - Business / Retail - Janitorial | Business & Industrial - Business / Retail | Business & Industrial,6,0,0,2,OPEN,5,PRICE-DEPENDENT,property,,https://hibid.com/lot/323034607
1057,1051,323034608,"Word 20"" Hedge Trimmer, Cordless electric grass","shears , unsure on working condition",Lawn & Garden - Tools/Hand held items - Power Tools | Lawn & Garden - Tools/Hand held items | Lawn & Garden,8,0,0,2,OPEN,8,GOOD OPPORTUNITY,shop|property,,https://hibid.com/lot/323034608
1058,1051B,323156669,Black & Decker cordless weed whip,* Has been tested,Lawn & Garden - Tools/Hand held items - Power Tools | Lawn & Garden - Tools/Hand held items | Lawn & Garden,8,0,0,2,OPEN,11,STRONG TARGET,shop|property,,https://hibid.com/lot/323156669
1059,1052,323034609,Sotz Monster Mauls for splitting (2),,Lawn & Garden - Tools/Hand held items - Hand Tools | Lawn & Garden - Tools/Hand held items | Lawn & Garden,4,3,2,4,OPEN,7,GOOD OPPORTUNITY,shop|property,,https://hibid.com/lot/323034609
1060,1053,323034610,"Cast iron welcome bells, Eagle missing head",,Lawn & Garden - Outdoors | Lawn & Garden,10,2,1,3,OPEN,4,PRICE-DEPENDENT,property,,https://hibid.com/lot/323034610
1061,1054,323034611,"Ortho Sticky fly traps, Am-Tech hand clippers",* shelf brackets,Sporting Goods - Hunting & Trapping | Sporting Goods,7,2,1,3,OPEN,0,IGNORE,,,https://hibid.com/lot/323034611
1062,1055,323034612,"Glass Hummingbird Feeders, Windchimes",,Lawn & Garden - Outdoors | Lawn & Garden,9,0,0,2,OPEN,5,PRICE-DEPENDENT,property,,https://hibid.com/lot/323034612
1063,1056,323034613,Bird Feeders,,Lawn & Garden - Outdoors | Lawn & Garden,7,0,0,2,OPEN,5,PRICE-DEPENDENT,property,,https://hibid.com/lot/323034613
1064,1057,323034614,"Handpainted hooks, wooden cutting board",,Home Goods & Decor - Home Goods - Kitchen / Housewares | Home Goods & Decor - Home Goods | Home Goods & Decor,10,3,2,4,OPEN,0,IGNORE,,,https://hibid.com/lot/323034614
1065,1058,323034615,Metal and Wood Birdhouses,,Lawn & Garden - Outdoors | Lawn & Garden,13,3,2,4,OPEN,4,PRICE-DEPENDENT,property,,https://hibid.com/lot/323034615
1066,1059,323034616,"Large ceramic frog, Solar Butterfly but no solar","light * plastic frogs",Home Goods & Decor - Home Goods - Lighting - Outdoor Lighting | Home Goods & Decor - Home Goods - Lighting | Home Goods & Decor - Home Goods | Home Goods & Decor,7,2,1,3,OPEN,0,IGNORE,,,https://hibid.com/lot/323034616
1067,1060,323034617,"Weed screening, Ortho treatment, Diazinon ultra",,Lawn & Garden - Outdoors | Lawn & Garden,5,0,0,2,OPEN,8,GOOD OPPORTUNITY,property,,https://hibid.com/lot/323034617
1068,1061,323034618,Tricycle training wheels,,"Sporting Goods - Sporting Goods / Outdoor Recreation - Bicycles, Scooters & More | Sporting Goods - Sporting Goods / Outdoor Recreation | Sporting Goods",7,0,0,2,OPEN,0,IGNORE,,,https://hibid.com/lot/323034618
1069,1062,323034619,"Bike seat, training wheels, and more",,"Sporting Goods - Sporting Goods / Outdoor Recreation - Bicycles, Scooters & More | Sporting Goods - Sporting Goods / Outdoor Recreation | Sporting Goods",8,0,0,2,OPEN,0,IGNORE,,,https://hibid.com/lot/323034619
1070,1063,323034620,Motorcycle Helmets,,Sporting Goods - Sporting Goods / Outdoor Recreation - Outdoor Games & Sports Equipment | Sporting Goods - Sporting Goods / Outdoor Recreation | Sporting Goods,7,2,1,3,OPEN,4,PRICE-DEPENDENT,auto,,https://hibid.com/lot/323034620
1071,1064,323034621,Mole and Animal traps,,Sporting Goods - Hunting & Trapping | Sporting Goods,10,2,1,3,OPEN,0,IGNORE,,,https://hibid.com/lot/323034621
1072,1065,323034622,"Tackle box with contents, and older fishing poles",,Sporting Goods - Fishing | Sporting Goods,9,0,0,2,OPEN,0,IGNORE,,,https://hibid.com/lot/323034622
1073,1066,323034623,Horse Shoes,,Sporting Goods - Sporting Goods / Outdoor Recreation - Outdoor Games & Sports Equipment | Sporting Goods - Sporting Goods / Outdoor Recreation | Sporting Goods,9,4,3,5,OPEN,4,PRICE-DEPENDENT,farm,,https://hibid.com/lot/323034623
1074,1067,323034624,Horse Shoes (3Sets),,Sporting Goods - Sporting Goods / Outdoor Recreation - Outdoor Games & Sports Equipment | Sporting Goods - Sporting Goods / Outdoor Recreation | Sporting Goods,6,5,4,6,OPEN,4,PRICE-DEPENDENT,farm,,https://hibid.com/lot/323034624
1075,1068,323034625,Machetes (2),,Sporting Goods - Firearms / Weapons - Knives / Blades | Sporting Goods - Firearms / Weapons | Sporting Goods,8,3,2,4,OPEN,0,IGNORE,,,https://hibid.com/lot/323034625
1076,1069,323034626,Stanley Garage Door Opener,,Construction & Farm - Shop / Warehouse - Parts / Accessories | Construction & Farm - Shop / Warehouse | Construction & Farm,3,0,0,2,OPEN,4,PRICE-DEPENDENT,farm,,https://hibid.com/lot/323034626
1077,1070,323034627,"Wire Grilling Basket, Bone saw wooden handle",,Home Goods & Decor - Home Goods - Kitchen / Housewares | Home Goods & Decor - Home Goods | Home Goods & Decor,7,0,0,2,OPEN,8,GOOD OPPORTUNITY,shop|property,,https://hibid.com/lot/323034627
1078,1071,323034628,Armstrong Rose Floor Tiles,Unopened,Construction & Farm - Building Supplies - Flooring | Construction & Farm - Building Supplies | Construction & Farm,3,0,0,2,OPEN,4,PRICE-DEPENDENT,farm,,https://hibid.com/lot/323034628
1079,1072,323034629,Weathervane,,Lawn & Garden - Outdoors | Lawn & Garden,5,5,4,6,OPEN,4,PRICE-DEPENDENT,property,,https://hibid.com/lot/323034629
1080,1073,323034630,Bucket of seashells,,Home Goods & Decor - Home Goods - Kitchen / Housewares | Home Goods & Decor - Home Goods | Home Goods & Decor,5,0,0,2,OPEN,0,IGNORE,,,https://hibid.com/lot/323034630
1081,1074,323034631,"Storage Wicker Baskets , large one is covered",,Home Goods & Decor - Home Goods - Kitchen / Housewares | Home Goods & Decor - Home Goods | Home Goods & Decor,9,2,1,3,OPEN,4,PRICE-DEPENDENT,property,,https://hibid.com/lot/323034631
1082,1075,323034632,"wooden slat bushel baskets, basket full of",clothespins,Home Goods & Decor - Home Goods - Kitchen / Housewares | Home Goods & Decor - Home Goods | Home Goods & Decor,6,2,1,3,OPEN,0,IGNORE,,,https://hibid.com/lot/323034632
1083,1076,323034633,Coleman Alma Products 50th Anniversary cooler,* Rubbermaid Red cooler,Sporting Goods - Camping | Sporting Goods,12,0,0,2,OPEN,0,IGNORE,,,https://hibid.com/lot/323034633
1084,1077,323034634,"Rubbermaid Blue cooler, Coleman Drinking jug",,Sporting Goods - Camping | Sporting Goods,8,0,0,2,OPEN,0,IGNORE,,,https://hibid.com/lot/323034634
1085,1078,323034635,Assorted life jackets,,Sporting Goods - Sporting Goods / Outdoor Recreation - Outdoor Games & Sports Equipment | Sporting Goods - Sporting Goods / Outdoor Recreation | Sporting Goods,5,0,0,2,OPEN,5,PRICE-DEPENDENT,shop,yes,https://hibid.com/lot/323034635
1086,1079,323034636,Platform ladder,,Construction & Farm - Shop / Warehouse - Ladders / Scaffolding | Construction & Farm - Shop / Warehouse | Construction & Farm,6,11,8,12,OPEN,7,GOOD OPPORTUNITY,farm|property,,https://hibid.com/lot/323034636
1087,1080,323034637,Crescent Lufkin Measuring wheel,,Lawn & Garden - Tools/Hand held items - Hand Tools | Lawn & Garden - Tools/Hand held items | Lawn & Garden,5,0,0,2,OPEN,8,GOOD OPPORTUNITY,shop|property,,https://hibid.com/lot/323034637
1088,1081,323034643,Die Hard Battery Charger 275/125 amp engine,,Construction & Farm - Shop / Warehouse - Automotive | Construction & Farm - Shop / Warehouse | Construction & Farm,11,13,9,14,OPEN,13,STRONG TARGET,farm|auto,,https://hibid.com/lot/323034643
1089,1082,323034645,"Wood Miter Box (2), Carpenter Belt, Carpenter",Apron,Lawn & Garden - Tools/Hand held items - Hand Tools | Lawn & Garden - Tools/Hand held items | Lawn & Garden,12,0,0,2,OPEN,8,GOOD OPPORTUNITY,shop|property,,https://hibid.com/lot/323034645
1090,1083,323034647,"Hoofing pincers, Level, Hudson spray accessories",,Lawn & Garden - Tools/Hand held items - Hand Tools | Lawn & Garden - Tools/Hand held items | Lawn & Garden,10,0,0,2,OPEN,8,GOOD OPPORTUNITY,shop|property,,https://hibid.com/lot/323034647
1091,1084,323034649,"Ford lights, Wheel cap",,Construction & Farm - Shop / Warehouse - Automotive | Construction & Farm - Shop / Warehouse | Construction & Farm,13,2,1,3,OPEN,7,GOOD OPPORTUNITY,farm|auto,,https://hibid.com/lot/323034649
1092,1085,323034651,Metal measuring Jugs used for oil,,Antiques & Collectibles - Collectibles - Gas / Oil | Antiques & Collectibles - Collectibles | Antiques & Collectibles,10,2,1,3,OPEN,0,IGNORE,,,https://hibid.com/lot/323034651
1093,1086,323034652,"Hard hat, Electrical boards",,Construction & Farm - Shop / Warehouse - Electrical | Construction & Farm - Shop / Warehouse | Construction & Farm,8,2,1,3,OPEN,7,GOOD OPPORTUNITY,farm|property,,https://hibid.com/lot/323034652
1094,1087,323034653,"Pinto hub cap and emblem, Ford emblem",,Construction & Farm - Shop / Warehouse - Automotive | Construction & Farm - Shop / Warehouse | Construction & Farm,9,0,0,2,OPEN,8,GOOD OPPORTUNITY,farm|auto,,https://hibid.com/lot/323034653
1095,1088,323034654,"Vintage Cigerette lighter Spotlights, Flasher",light,Antiques & Collectibles - Collectibles - Kitchen / Home | Antiques & Collectibles - Collectibles | Antiques & Collectibles,8,0,0,2,OPEN,0,IGNORE,,,https://hibid.com/lot/323034654
1096,1089,323034655,1920s beehive-style stop and tail lights,,Construction & Farm - Shop / Warehouse - Automotive | Construction & Farm - Shop / Warehouse | Construction & Farm,5,5,4,6,OPEN,7,GOOD OPPORTUNITY,farm|auto,,https://hibid.com/lot/323034655
1097,1090,323034656,Lights and wiring,,Construction & Farm - Shop / Warehouse - Electrical | Construction & Farm - Shop / Warehouse | Construction & Farm,7,0,0,2,OPEN,8,GOOD OPPORTUNITY,farm|property,,https://hibid.com/lot/323034656
1098,1091,323034657,"Pennzoil 10w-40 oil, 1/2 full, liquid wrench spray",,Construction & Farm - Shop / Warehouse - Automotive | Construction & Farm - Shop / Warehouse | Construction & Farm,5,3,2,4,OPEN,10,STRONG TARGET,farm|shop|auto,,https://hibid.com/lot/323034657
1099,1092,323034658,Farmall Tractor smaller parts,,Construction & Farm - Shop / Warehouse - Parts / Accessories | Construction & Farm - Shop / Warehouse | Construction & Farm,16,0,0,2,OPEN,10,STRONG TARGET,farm|value,,https://hibid.com/lot/323034658
1100,1093,323034659,Ropes,,Construction & Farm - Shop / Warehouse - Tiedowns / Binders | Construction & Farm - Shop / Warehouse | Construction & Farm,5,0,0,2,OPEN,5,PRICE-DEPENDENT,farm,,https://hibid.com/lot/323034659
1101,1094,323034660,"Metal oil funnel, air filter, in dash am/ fm car","stereo * dash mount for gps* small garden tire",Construction & Farm - Shop / Warehouse - Automotive | Construction & Farm - Shop / Warehouse | Construction & Farm,12,0,0,2,OPEN,14,STRONG TARGET,farm|auto|property,,https://hibid.com/lot/323034660
1102,1095,323034661,Assorted sized heavy duty staples,,Construction & Farm - Shop / Warehouse - Parts / Accessories | Construction & Farm - Shop / Warehouse | Construction & Farm,6,0,0,2,OPEN,5,PRICE-DEPENDENT,farm,yes,https://hibid.com/lot/323034661
1103,1096,323034662,"Rachet Tie downs, Measuring tape",,Construction & Farm - Shop / Warehouse - Tiedowns / Binders | Construction & Farm - Shop / Warehouse | Construction & Farm,6,0,0,2,OPEN,5,PRICE-DEPENDENT,farm,,https://hibid.com/lot/323034662
1104,1097,323034663,"Mr. LongArm Paint Roller, Static Hinge (2)","* multi ladder paint can tray * paint roller telescoping brush",Construction & Farm - Shop / Warehouse - Painting | Construction & Farm - Shop / Warehouse | Construction & Farm,21,0,0,2,OPEN,8,GOOD OPPORTUNITY,farm|property,,https://hibid.com/lot/323034663
1105,1098,323034664,"Hunter Orange rain gear,",,Sporting Goods - Sporting Goods / Outdoor Recreation - Outdoor Games & Sports Equipment | Sporting Goods - Sporting Goods / Outdoor Recreation | Sporting Goods,5,0,0,2,OPEN,0,IGNORE,,,https://hibid.com/lot/323034664
1106,1099,323034665,"Metal Signs, Keep out, Farmer Family, Spending",our children’s inheritance,Antiques & Collectibles - Collectibles - Signs | Antiques & Collectibles - Collectibles | Antiques & Collectibles,10,2,1,3,OPEN,4,PRICE-DEPENDENT,farm,,https://hibid.com/lot/323034665
1107,1100,323034666,Large Hinges,,Construction & Farm - Shop / Warehouse - Parts / Accessories | Construction & Farm - Shop / Warehouse | Construction & Farm,6,2,1,3,OPEN,4,PRICE-DEPENDENT,farm,,https://hibid.com/lot/323034666
1108,1101,323034667,Screws and Nails,,Construction & Farm - Shop / Warehouse - Parts / Accessories | Construction & Farm - Shop / Warehouse | Construction & Farm,8,0,0,2,OPEN,5,PRICE-DEPENDENT,farm,,https://hibid.com/lot/323034667
1109,1102,323034668,Handcut Horse Shelf Decorations,,Home Goods & Decor - Home Goods - Kitchen / Housewares | Home Goods & Decor - Home Goods | Home Goods & Decor,5,2,1,3,OPEN,4,PRICE-DEPENDENT,farm,,https://hibid.com/lot/323034668
1110,1103,323034669,Yellow Flashing caution light,* Quick spin manual hand auger for drains,Construction & Farm - Shop / Warehouse - Safety | Construction & Farm - Shop / Warehouse | Construction & Farm,11,0,0,2,OPEN,5,PRICE-DEPENDENT,farm,,https://hibid.com/lot/323034669
1111,1104,323034670,Areovantage wiper blades 22,"* Triple ledge 53/04* Pylon 22/550* Trico Exactfit 20-1",Construction & Farm - Shop / Warehouse - Automotive | Construction & Farm - Shop / Warehouse | Construction & Farm,3,0,0,2,OPEN,7,GOOD OPPORTUNITY,farm|auto,,https://hibid.com/lot/323034670
1112,1105,323034671,Rope,,Construction & Farm - Shop / Warehouse - Tiedowns / Binders | Construction & Farm - Shop / Warehouse | Construction & Farm,6,0,0,2,OPEN,5,PRICE-DEPENDENT,farm,,https://hibid.com/lot/323034671
1113,1106,323034672,"Bicycle pedals, universal inner tube, 3- speed",cable,"Sporting Goods - Sporting Goods / Outdoor Recreation - Bicycles, Scooters & More | Sporting Goods - Sporting Goods / Outdoor Recreation | Sporting Goods",11,0,0,2,OPEN,0,IGNORE,,,https://hibid.com/lot/323034672
1114,1107,323034673,"Landscape Post caps , Screening",,Lawn & Garden - Outdoors | Lawn & Garden,8,0,0,2,OPEN,5,PRICE-DEPENDENT,property,,https://hibid.com/lot/323034673
1115,1108,323034674,Tarps,,Sporting Goods - Camping | Sporting Goods,6,2,1,3,OPEN,0,IGNORE,,,https://hibid.com/lot/323034674
1116,1109,323034675,"Black & Decker feed spool, Homelite air filter","* universal air filter, ez trim replacement blades, * Homelite fuel caps",Construction & Farm - Shop / Warehouse - Parts / Accessories | Construction & Farm - Shop / Warehouse | Construction & Farm,6,0,0,2,OPEN,5,PRICE-DEPENDENT,farm,,https://hibid.com/lot/323034675
1117,1110,323034676,"Sanding Paper, Electrical tape, tape guns",,Construction & Farm - Shop / Warehouse - Parts / Accessories | Construction & Farm - Shop / Warehouse | Construction & Farm,7,0,0,2,OPEN,8,GOOD OPPORTUNITY,farm|property,,https://hibid.com/lot/323034676
1118,1111,323034677,"4"" paintbrush, Animal saver for car, locks, Fish",scaler,Construction & Farm - Shop / Warehouse - Automotive | Construction & Farm - Shop / Warehouse | Construction & Farm,7,0,0,2,OPEN,8,GOOD OPPORTUNITY,farm|auto,,https://hibid.com/lot/323034677
1119,1112,323034678,"Caulking Guns, Quick Spair, Bag",,Lawn & Garden - Tools/Hand held items - Hand Tools | Lawn & Garden - Tools/Hand held items | Lawn & Garden,7,0,0,2,OPEN,8,GOOD OPPORTUNITY,shop|property,,https://hibid.com/lot/323034678
1120,1113,323034679,"Tack Cloth, Flash Lights, Glass Cutter",,Home Goods & Decor - Home Goods - Kitchen / Housewares | Home Goods & Decor - Home Goods | Home Goods & Decor,5,0,0,2,OPEN,0,IGNORE,,,https://hibid.com/lot/323034679
1121,1114,323034680,"Pipe Heating Cable, Hose Connectors, House Number",,Construction & Farm - Shop / Warehouse - Parts / Accessories | Construction & Farm - Shop / Warehouse | Construction & Farm,10,0,0,2,OPEN,11,STRONG TARGET,farm|property,,https://hibid.com/lot/323034680
1122,1115,323034681,"Weather Strip Tape, Mater Lock, Tension Roller",,Lawn & Garden - Tools/Hand held items - Hand Tools | Lawn & Garden - Tools/Hand held items | Lawn & Garden,6,0,0,2,OPEN,8,GOOD OPPORTUNITY,shop|property,,https://hibid.com/lot/323034681
1123,1116,323034682,"Brass Padlocks, Staple Gun, Snow Scraper",,Lawn & Garden - Tools/Hand held items - Hand Tools | Lawn & Garden - Tools/Hand held items | Lawn & Garden,7,0,0,2,OPEN,8,GOOD OPPORTUNITY,shop|property,,https://hibid.com/lot/323034682
1124,1117,323034683,"Sink Strainer Locknut, Shower Nozzle",Lavatory Drain Extension Tube,Home Goods & Decor - Home Goods - Bed / Bath Items | Home Goods & Decor - Home Goods | Home Goods & Decor,9,0,0,2,OPEN,0,IGNORE,,,https://hibid.com/lot/323034683
1125,1118,323034684,"Brackets, Flower Pot",,Antiques & Collectibles - Collectibles - Decorative - Planters | Antiques & Collectibles - Collectibles - Decorative | Antiques & Collectibles - Collectibles | Antiques & Collectibles,11,0,0,2,OPEN,0,IGNORE,,,https://hibid.com/lot/323034684
1126,1119,323034685,2 Ton Hand Puller,,Lawn & Garden - Tools/Hand held items - Hand Tools | Lawn & Garden - Tools/Hand held items | Lawn & Garden,6,14,7,15,OPEN,10,STRONG TARGET,shop|property,,https://hibid.com/lot/323034685
1127,1120,323034686,Stanley Level and Speed Level,,Lawn & Garden - Tools/Hand held items - Hand Tools | Lawn & Garden - Tools/Hand held items | Lawn & Garden,7,0,0,2,OPEN,8,GOOD OPPORTUNITY,shop|property,,https://hibid.com/lot/323034686
1128,1121,323034687,Hand Saws (5),,Construction & Farm - Shop / Warehouse - Saws / Drills | Construction & Farm - Shop / Warehouse | Construction & Farm,6,2,1,3,OPEN,10,STRONG TARGET,farm|shop,,https://hibid.com/lot/323034687
1129,1122,323034688,Hand Saws (4),,Construction & Farm - Shop / Warehouse - Saws / Drills | Construction & Farm - Shop / Warehouse | Construction & Farm,6,0,0,2,OPEN,11,STRONG TARGET,farm|shop,,https://hibid.com/lot/323034688
1130,1123,323034689,"Metal Hardware,Washers, Brackets, Small Fasteners","Round Steel Washer Plates,Flat Metal Discs",Construction & Farm - Shop / Warehouse - Parts / Accessories | Construction & Farm - Shop / Warehouse | Construction & Farm,6,2,1,3,OPEN,11,STRONG TARGET,farm|shop|property,,https://hibid.com/lot/323034689
1131,1124,323034690,"Metal Hardware, Hose Clamps, Retaining Clips,","Hitch Pins , R Clips, Hair pin Cotter Pins",Construction & Farm - Shop / Warehouse - Parts / Accessories | Construction & Farm - Shop / Warehouse | Construction & Farm,6,0,0,2,OPEN,17,STRONG TARGET,farm|shop|auto|property,,https://hibid.com/lot/323034690
1132,1125,323034691,"Hand Tools, Mallet, Hole Saw Attachment, Steel","Tape Measure, Thread Repair Inserts, Jab Saw, Screwdrivers, Pipe and Tubing Cutter, Wrenches",Lawn & Garden - Tools/Hand held items - Hand Tools | Lawn & Garden - Tools/Hand held items | Lawn & Garden,5,0,0,2,OPEN,17,STRONG TARGET,shop|property,,https://hibid.com/lot/323034691
1133,1126,323034692,"Primitive Hand Tools, Double Sheave Metal Pulley","Metal Bell on A String,Small Brackets",Antiques & Collectibles - Antiques - Antique Tools | Antiques & Collectibles - Antiques | Antiques & Collectibles,9,2,1,3,OPEN,4,PRICE-DEPENDENT,shop,,https://hibid.com/lot/323034692
1134,1127,323034693,HD Mechanical Puller and Installer Tool,,Lawn & Garden - Tools/Hand held items - Hand Tools | Lawn & Garden - Tools/Hand held items | Lawn & Garden,11,2,1,3,OPEN,10,STRONG TARGET,shop|property,,https://hibid.com/lot/323034693
1135,1128,323034694,"Welding Helmets (3), Lens Plate Package",,Construction & Farm - Shop / Warehouse - Welding Accessories | Construction & Farm - Shop / Warehouse | Construction & Farm,14,0,0,2,OPEN,6,GOOD OPPORTUNITY,farm|shop,,https://hibid.com/lot/323034694
1136,1129,323034695,"Coarse Sanding Belt, Sandpaper Assortment",,Construction & Farm - Shop / Warehouse - Parts / Accessories | Construction & Farm - Shop / Warehouse | Construction & Farm,6,2,1,3,OPEN,4,PRICE-DEPENDENT,farm,,https://hibid.com/lot/323034695
1137,1130,323034696,Abrasive Grinding Wheels And Discs,,Construction & Farm - Shop / Warehouse - Parts / Accessories | Construction & Farm - Shop / Warehouse | Construction & Farm,9,0,0,2,OPEN,5,PRICE-DEPENDENT,farm,,https://hibid.com/lot/323034696
1138,1131,323034697,"Yellow HD Extension Cord, Metal Shop Trouble","Light, Power Strips(2)",Construction & Farm - Shop / Warehouse - Electrical | Construction & Farm - Shop / Warehouse | Construction & Farm,8,2,1,3,OPEN,10,STRONG TARGET,farm|shop|property,,https://hibid.com/lot/323034697
1139,1132,323034698,"Pro Gas Cylinder W/Torch(2),Stick Electrodes,","Pocket Saw and Blades,Flint Spark Lighter",Construction & Farm - Shop / Warehouse - Welding Accessories | Construction & Farm - Shop / Warehouse | Construction & Farm,8,3,2,4,OPEN,10,STRONG TARGET,farm|shop,,https://hibid.com/lot/323034698
1140,1133,323034699,"Retractable Work Light, Drop Light, Extension Cord",,Construction & Farm - Shop / Warehouse - Electrical | Construction & Farm - Shop / Warehouse | Construction & Farm,7,0,0,2,OPEN,11,STRONG TARGET,farm|shop|property,,https://hibid.com/lot/323034699
1141,1134,323034700,"Electrical Box,Range Outlet,Electrical Tester","Low Voltage Transformer, Appliance Cord, Outlet Cover,Trouble Shooter Charging and Ignition Tester",Construction & Farm - Shop / Warehouse - Electrical | Construction & Farm - Shop / Warehouse | Construction & Farm,10,2,1,3,OPEN,7,GOOD OPPORTUNITY,farm|property,,https://hibid.com/lot/323034700
1142,1135,323034701,"Electrical Wire, Misc. Cords, Electrical Hardware",6-12 Volt Circuit Tester,Construction & Farm - Shop / Warehouse - Electrical | Construction & Farm - Shop / Warehouse | Construction & Farm,8,2,1,3,OPEN,13,STRONG TARGET,farm|shop|property,yes,https://hibid.com/lot/323034701
1143,1136,323034702,"Portable Fluorescent Work Light, 3Prong 30 Amp","Electric Dryer Power Cord, Extension Cord on A Reel needs repair,",Home Goods & Decor - Lighting | Home Goods & Decor,8,2,1,3,OPEN,4,PRICE-DEPENDENT,shop,,https://hibid.com/lot/323034702
1144,1137,323034703,"Orange Extension Cord On A Reel, Black Power Cord",,Construction & Farm - Shop / Warehouse - Electrical | Construction & Farm - Shop / Warehouse | Construction & Farm,5,2,1,3,OPEN,10,STRONG TARGET,farm|shop|property,,https://hibid.com/lot/323034703
1145,1138,323034704,"Orange Extension Cord On A Reel, HD Black",Extension Cord,Construction & Farm - Shop / Warehouse - Electrical | Construction & Farm - Shop / Warehouse | Construction & Farm,8,2,1,3,OPEN,10,STRONG TARGET,farm|shop|property,,https://hibid.com/lot/323034704
1146,1139,323034705,"HD Electrical Extension Cord, 4 Prong Appliance","Cord, White Flat Electrical Cord",Construction & Farm - Shop / Warehouse - Electrical | Construction & Farm - Shop / Warehouse | Construction & Farm,6,2,1,3,OPEN,10,STRONG TARGET,farm|shop|property,,https://hibid.com/lot/323034705
1147,1140,323034706,"Replacement Cable For Industrial Automation,  HD",Orange Extension Cord,Construction & Farm - Shop / Warehouse - Electrical | Construction & Farm - Shop / Warehouse | Construction & Farm,7,3,2,4,OPEN,10,STRONG TARGET,farm|shop|property,,https://hibid.com/lot/323034706
1148,1141,323034707,"Trouble light, Orange Extension Cord,Multi-Outlet","Power Block with Black Extension Cord, Grey Flat Jacketed Insulated Electrical Wire",Construction & Farm - Shop / Warehouse - Electrical | Construction & Farm - Shop / Warehouse | Construction & Farm,5,4,3,5,OPEN,16,STRONG TARGET,farm|shop|property,,https://hibid.com/lot/323034707
1149,1142,323034708,"Aluminum Nails,Screws,Padlock W/Key, Hinges","Pulley,Gate Latch, Swivel Snap, Steel Bolts",Construction & Farm - Shop / Warehouse - Parts / Accessories | Construction & Farm - Shop / Warehouse | Construction & Farm,5,0,0,2,OPEN,5,PRICE-DEPENDENT,farm,,https://hibid.com/lot/323034708
1150,1143,323034709,"Small Engine Replacement Parts, Rubber Hose","Metal Fittings, Spark Plugs, Radiator Cap, Belt",Construction & Farm - Shop / Warehouse - Parts / Accessories | Construction & Farm - Shop / Warehouse | Construction & Farm,6,0,0,2,OPEN,14,STRONG TARGET,farm|auto|property,,https://hibid.com/lot/323034709
1151,1144,323034710,Handheld Metal Oil Cans & Pump Oilers,,Antiques & Collectibles - Collectibles - Gas / Oil | Antiques & Collectibles - Collectibles | Antiques & Collectibles,7,2,1,3,OPEN,0,IGNORE,,,https://hibid.com/lot/323034710
1152,1145,323034711,Trailer Towing Hardware,,Construction & Farm - Shop / Warehouse - Parts / Accessories | Construction & Farm - Shop / Warehouse | Construction & Farm,9,4,3,5,OPEN,16,STRONG TARGET,farm|shop|auto,,https://hibid.com/lot/323034711
1153,1146,323034712,Michigan License Plates 1928-2009,Some are motorcycle plates. 6 Plates In this lot,Antiques & Collectibles - Collectibles - Automobilia | Antiques & Collectibles - Collectibles | Antiques & Collectibles,4,2,1,3,OPEN,2,IGNORE,auto,,https://hibid.com/lot/323034712
1154,1147,323034713,"Oil Filter Wrenches, Assorted Filters, Prestone",Antifreeze Coolant Tester,Construction & Farm - Shop / Warehouse - Automotive | Construction & Farm - Shop / Warehouse | Construction & Farm,7,0,0,2,OPEN,11,STRONG TARGET,farm|shop|auto,yes,https://hibid.com/lot/323034713
1155,1148,323034714,"30 Pc Screwdriver Bits, Pneumatic Dual-Action",Orbital Sander with Attached Backing Pad,Lawn & Garden - Tools/Hand held items - Hand Tools | Lawn & Garden - Tools/Hand held items | Lawn & Garden,9,0,0,2,OPEN,11,STRONG TARGET,shop|property,,https://hibid.com/lot/323034714
1156,1149,323034715,"Rubber Air Hoses, Tire Tackle Set, Lever Style","Pneumatic Air Blow Gun, 26In Bike Tube",Construction & Farm - Shop / Warehouse - Hoses | Construction & Farm - Shop / Warehouse | Construction & Farm,8,0,0,2,OPEN,11,STRONG TARGET,farm|auto|property,,https://hibid.com/lot/323034715
1157,1150,323034716,"Coolant/Surge Tank, Manual Siphon, Lg Metal Funnel","Lon Red Plastic Funnel,Yellow Plastic Funnel",Construction & Farm - Shop / Warehouse - Parts / Accessories | Construction & Farm - Shop / Warehouse | Construction & Farm,8,0,0,2,OPEN,5,PRICE-DEPENDENT,farm,,https://hibid.com/lot/323034716
1158,1151,323034717,Automotive Fluid And Oil Change Accessories,"Funnel,Spout, Oil Filter wrench and Pliers",Construction & Farm - Shop / Warehouse - Automotive | Construction & Farm - Shop / Warehouse | Construction & Farm,4,2,1,3,OPEN,10,STRONG TARGET,farm|shop|auto,,https://hibid.com/lot/323034717
1159,1152,323034718,Roadside Assistance Kit,,Construction & Farm - Shop / Warehouse - Automotive | Construction & Farm - Shop / Warehouse | Construction & Farm,5,0,0,2,OPEN,8,GOOD OPPORTUNITY,farm|auto,,https://hibid.com/lot/323034718
1160,1153,323034719,"Jumper Cables (2), Red Reflective Warning Triangle",,Construction & Farm - Shop / Warehouse - Automotive | Construction & Farm - Shop / Warehouse | Construction & Farm,4,0,0,2,OPEN,11,STRONG TARGET,farm|auto,,https://hibid.com/lot/323034719
1161,1154,323034720,Manual Lever Action Grease Guns (3),,Lawn & Garden - Tools/Hand held items - Hand Tools | Lawn & Garden - Tools/Hand held items | Lawn & Garden,5,0,0,2,OPEN,11,STRONG TARGET,shop|auto|property,,https://hibid.com/lot/323034720
1162,1155,323034721,HD Towing and Tractor Hardware,"Hitch Pins, Trailer Balls, Shackle, Hook",Construction & Farm - Shop / Warehouse - Parts / Accessories | Construction & Farm - Shop / Warehouse | Construction & Farm,9,2,1,3,OPEN,22,STRONG TARGET,farm|shop|auto,,https://hibid.com/lot/323034721
1163,1156,323034722,"Paint Thinner, Power Steering Fluid, Resin,","Hydraulic  Jack Oil, Lead Substitute, Hanger Iron, Lubricant Belt Dressing, Gas Guard",Construction & Farm - Shop / Warehouse - Automotive | Construction & Farm - Shop / Warehouse | Construction & Farm,2,0,0,2,OPEN,10,STRONG TARGET,farm|shop|auto,,https://hibid.com/lot/323034722
1164,1157,323034723,"MP2 Lithium Grease, Manual Grease Guns(2)",,Construction & Farm - Shop / Warehouse - Automotive | Construction & Farm - Shop / Warehouse | Construction & Farm,4,0,0,2,OPEN,11,STRONG TARGET,farm|auto,,https://hibid.com/lot/323034723
1165,1158,323034724,"WD 40,Motor Oil, Tire Sealant,Brake Fluid,","Transmission fluid, Antifreeze",Construction & Farm - Shop / Warehouse - Automotive | Construction & Farm - Shop / Warehouse | Construction & Farm,5,2,1,3,OPEN,16,STRONG TARGET,farm|auto|property,,https://hibid.com/lot/323034724
1166,1159,323034725,Bottle Jack And Lug Wrench/ Extension Handles,Tire Jack Kit,Construction & Farm - Shop / Warehouse - Jacks | Construction & Farm - Shop / Warehouse | Construction & Farm,10,0,0,2,OPEN,17,STRONG TARGET,farm|shop|auto,,https://hibid.com/lot/323034725
1167,1160,323034726,"RV & Marine Antifreeze, RainX 2 N 1 Fluid,","Hydraulic Fluid, Motor Oil, 2 Cycle Oil, Power Steering Fluid",Construction & Farm - Shop / Warehouse - Automotive | Construction & Farm - Shop / Warehouse | Construction & Farm,4,2,1,3,OPEN,10,STRONG TARGET,farm|auto,,https://hibid.com/lot/323034726
1168,1161,323034727,- no description -,,Home Goods & Decor - Home Goods - Other Items - Other,0,0,0,2,OPEN,0,IGNORE,,,https://hibid.com/lot/323034727
1169,1162,323034728,- no description -,,Home Goods & Decor - Home Goods - Other Items - Other,0,2,1,3,OPEN,0,IGNORE,,,https://hibid.com/lot/323034728
1170,1163,323034729,- no description -,,Home Goods & Decor - Home Goods - Other Items - Other,0,2,1,3,OPEN,0,IGNORE,,,https://hibid.com/lot/323034729
1171,1164,323034730,- no description -,,Home Goods & Decor - Home Goods - Other Items - Other,0,0,0,2,OPEN,0,IGNORE,,,https://hibid.com/lot/323034730
1172,1165,323034731,- no description -,,Home Goods & Decor - Home Goods - Other Items - Other,0,0,0,2,OPEN,0,IGNORE,,,https://hibid.com/lot/323034731
1173,1166,323034732,- no description -,,Home Goods & Decor - Home Goods - Other Items - Other,0,5,4,6,OPEN,0,IGNORE,,,https://hibid.com/lot/323034732
1174,1167,323034733,- no description -,,Home Goods & Decor - Home Goods - Other Items - Other,0,0,0,2,OPEN,0,IGNORE,,,https://hibid.com/lot/323034733
1175,1168,323034734,- no description -,,Home Goods & Decor - Home Goods - Other Items - Other,0,0,0,2,OPEN,0,IGNORE,,,https://hibid.com/lot/323034734
1176,1169,323034735,- no description -,,Home Goods & Decor - Home Goods - Other Items - Other,0,2,1,3,OPEN,0,IGNORE,,,https://hibid.com/lot/323034735
1177,1170,323034736,- no description -,,Home Goods & Decor - Home Goods - Other Items - Other,0,0,0,2,OPEN,0,IGNORE,,,https://hibid.com/lot/323034736
1178,1171,323034737,- no description -,,Home Goods & Decor - Home Goods - Other Items - Other,0,2,1,3,OPEN,0,IGNORE,,,https://hibid.com/lot/323034737
1179,1172,323034738,- no description -,,Home Goods & Decor - Home Goods - Other Items - Other,0,0,0,2,OPEN,0,IGNORE,,,https://hibid.com/lot/323034738
1180,1173,323034739,- no description -,,Home Goods & Decor - Home Goods - Other Items - Other,0,0,0,2,OPEN,0,IGNORE,,,https://hibid.com/lot/323034739
1181,1174,323034740,- no description -,,Home Goods & Decor - Home Goods - Other Items - Other,0,0,0,2,OPEN,0,IGNORE,,,https://hibid.com/lot/323034740
1182,1175,323034741,- no description -,,Home Goods & Decor - Home Goods - Other Items - Other,0,2,1,3,OPEN,0,IGNORE,,,https://hibid.com/lot/323034741
1183,1176,323034742,- no description -,,Home Goods & Decor - Home Goods - Other Items - Other,0,0,0,2,OPEN,0,IGNORE,,,https://hibid.com/lot/323034742
1184,1177,323034743,- no description -,,Home Goods & Decor - Home Goods - Other Items - Other,0,0,0,2,OPEN,0,IGNORE,,,https://hibid.com/lot/323034743
1185,1178,323034744,- no description -,,Home Goods & Decor - Home Goods - Other Items - Other,0,2,1,3,OPEN,0,IGNORE,,,https://hibid.com/lot/323034744
1186,1179,323034745,- no description -,,Home Goods & Decor - Home Goods - Other Items - Other,0,11,4,12,OPEN,0,IGNORE,,,https://hibid.com/lot/323034745
1187,1180,323034746,- no description -,,Home Goods & Decor - Home Goods - Other Items - Other,0,31,9,32,OPEN,0,IGNORE,,,https://hibid.com/lot/323034746
1188,1181,323034747,- no description -,,Home Goods & Decor - Home Goods - Other Items - Other,0,0,0,2,OPEN,0,IGNORE,,,https://hibid.com/lot/323034747
1189,1182,323034748,- no description -,,Home Goods & Decor - Home Goods - Other Items - Other,0,2,1,3,OPEN,0,IGNORE,,,https://hibid.com/lot/323034748
1190,1183,323034749,- no description -,,Home Goods & Decor - Home Goods - Other Items - Other,0,13,6,14,OPEN,0,IGNORE,,,https://hibid.com/lot/323034749
1191,1184,323034750,- no description -,,Home Goods & Decor - Home Goods - Other Items - Other,0,0,0,2,OPEN,0,IGNORE,,,https://hibid.com/lot/323034750
1192,1185,323034751,- no description -,,Home Goods & Decor - Home Goods - Other Items - Other,0,0,0,2,OPEN,0,IGNORE,,,https://hibid.com/lot/323034751
1193,1186,323034752,- no description -,,Home Goods & Decor - Home Goods - Other Items - Other,0,0,0,2,OPEN,0,IGNORE,,,https://hibid.com/lot/323034752
1194,1187,323034753,- no description -,,Home Goods & Decor - Home Goods - Other Items - Other,0,0,0,2,OPEN,0,IGNORE,,,https://hibid.com/lot/323034753
1195,1188,323034754,- no description -,,Home Goods & Decor - Home Goods - Other Items - Other,0,6,5,7,OPEN,0,IGNORE,,,https://hibid.com/lot/323034754
1196,1189,323034755,- no description -,,Home Goods & Decor - Home Goods - Other Items - Other,0,25,10,26,OPEN,0,IGNORE,,,https://hibid.com/lot/323034755
1197,1190,323034756,- no description -,,Home Goods & Decor - Home Goods - Other Items - Other,0,0,0,2,OPEN,0,IGNORE,,,https://hibid.com/lot/323034756
1198,1191,323034757,De’Longhi Oil Filled Radiator Space Heater,,Home Goods & Decor - Home Goods - Appliances - Heating / Air Conditioning | Home Goods & Decor - Home Goods - Appliances | Home Goods & Decor - Home Goods | Home Goods & Decor,0,2,1,3,OPEN,3,PRICE-DEPENDENT,property,,https://hibid.com/lot/323034757
1199,1192,323034758,Cast Iron Fireplace Tool Set w/Stand,,Home Goods & Decor - Home Goods - Kitchen / Housewares | Home Goods & Decor - Home Goods | Home Goods & Decor,0,2,1,3,OPEN,3,PRICE-DEPENDENT,shop,,https://hibid.com/lot/323034758
1200,1193,323034759,Stainless Steel Milking Buckets (2),Top Mounted Dairy Strainer Funnel,Home Goods & Decor - Home Goods - Kitchen / Housewares | Home Goods & Decor - Home Goods | Home Goods & Decor,0,17,14,18,OPEN,6,GOOD OPPORTUNITY,farm,,https://hibid.com/lot/323034759
1201,1194,323034760,Mechanical Platform Beam Scale,Fairbanks Morse Tag,Construction & Farm - Shop / Warehouse - Scales / Hoists | Construction & Farm - Shop / Warehouse | Construction & Farm,0,0,0,2,OPEN,6,GOOD OPPORTUNITY,farm|value,,https://hibid.com/lot/323034760
1202,1195,323034761,Two Tone Glazed Stoneware Butter Churn Crock,Complete with A Lid and Dasher Handle,Antiques & Collectibles - Collectibles - Kitchen / Home | Antiques & Collectibles - Collectibles | Antiques & Collectibles,0,12,10,13,OPEN,0,IGNORE,,,https://hibid.com/lot/323034761
1203,1196,323034762,5 Gallon Two Tone Stoneware Crock W/Cork,,Antiques & Collectibles - Collectibles - Kitchen / Home | Antiques & Collectibles - Collectibles | Antiques & Collectibles,0,5,4,6,OPEN,0,IGNORE,,,https://hibid.com/lot/323034762
1204,1197,323034763,Cream Colored Stoneware Jug Rounded Shoulder,Single Side Handle,Antiques & Collectibles - Collectibles - Kitchen / Home | Antiques & Collectibles - Collectibles | Antiques & Collectibles,0,5,4,6,OPEN,0,IGNORE,,,https://hibid.com/lot/323034763
1205,1198,323034764,Stoneware Jugs(2),,Antiques & Collectibles - Collectibles - Decorative - Vases / Jars | Antiques & Collectibles - Collectibles - Decorative | Antiques & Collectibles - Collectibles | Antiques & Collectibles,11,5,4,6,OPEN,0,IGNORE,,,https://hibid.com/lot/323034764
1206,1199,323034765,Stoneware Jugs(2),,Antiques & Collectibles - Collectibles - Decorative - Vases / Jars | Antiques & Collectibles - Collectibles - Decorative | Antiques & Collectibles - Collectibles | Antiques & Collectibles,11,5,4,6,OPEN,0,IGNORE,,,https://hibid.com/lot/323034765
1207,1200,323034766,Two Tone Stoneware Jugs (2),,Antiques & Collectibles - Collectibles - Decorative - Vases / Jars | Antiques & Collectibles - Collectibles - Decorative | Antiques & Collectibles - Collectibles | Antiques & Collectibles,12,5,4,6,OPEN,0,IGNORE,,,https://hibid.com/lot/323034766
1208,1201,323034767,Two Tone Stoneware Jugs (2),,Antiques & Collectibles - Collectibles - Decorative - Vases / Jars | Antiques & Collectibles - Collectibles - Decorative | Antiques & Collectibles - Collectibles | Antiques & Collectibles,11,5,4,6,OPEN,0,IGNORE,,,https://hibid.com/lot/323034767
1209,1202,323034768,Two Tone Stoneware Jugs (2),,Antiques & Collectibles - Collectibles - Decorative - Vases / Jars | Antiques & Collectibles - Collectibles - Decorative | Antiques & Collectibles - Collectibles | Antiques & Collectibles,13,5,4,6,OPEN,0,IGNORE,,,https://hibid.com/lot/323034768
1210,1203,323034769,Two Tone Brown/Cream Glazed Stoneware Crock,,Antiques & Collectibles - Collectibles - Kitchen / Home | Antiques & Collectibles - Collectibles | Antiques & Collectibles,7,2,1,3,OPEN,0,IGNORE,,,https://hibid.com/lot/323034769
1211,1204,323034770,Two Tone Stoneware Crock By Star Stoneware,"Company of Crooksville, Ohio With The Blue Star Logo",Antiques & Collectibles - Collectibles - Kitchen / Home | Antiques & Collectibles - Collectibles | Antiques & Collectibles,0,6,5,7,OPEN,0,IGNORE,,,https://hibid.com/lot/323034770
1212,1205,323034771,Bamboo or Cane Fishing Poles & GreenTackle Box,"Fishing Gear, Spool Of Line, Small Package Of Lures, Fishing Reels",Sporting Goods - Fishing | Sporting Goods,0,2,1,3,OPEN,0,IGNORE,,,https://hibid.com/lot/323034771
1213,1206,323034772,48 In Fiber Optic Color Changing Christmas Tree,In the box,Antiques & Collectibles - Collectibles - Decorative - Ornaments | Antiques & Collectibles - Collectibles - Decorative | Antiques & Collectibles - Collectibles | Antiques & Collectibles,0,2,1,3,OPEN,-2,IGNORE,,,https://hibid.com/lot/323034772
1214,1207,323034773,Equinox Rubber Front Floor Liners Raised Edges,,Construction & Farm - Shop / Warehouse - Automotive | Construction & Farm - Shop / Warehouse | Construction & Farm,6,0,0,2,OPEN,8,GOOD OPPORTUNITY,farm|auto,,https://hibid.com/lot/323034773
1215,1208,323034774,- no description -,,Home Goods & Decor - Home Goods - Other Items - Other,6,2,1,3,OPEN,0,IGNORE,,,https://hibid.com/lot/323034774
1216,1209,323034775,- no description -,,Home Goods & Decor - Home Goods - Other Items - Other,4,3,2,4,OPEN,0,IGNORE,,,https://hibid.com/lot/323034775
1217,1210,323218874,.,,Home Goods & Decor - Home Goods - Movies | Home Goods & Decor - Home Goods | Home Goods & Decor,4,7,5,8,OPEN,0,IGNORE,,,https://hibid.com/lot/323218874
1218,1211,323218876,- no description -,,Home Goods & Decor - Home Goods - Other Items - Other,0,0,0,2,OPEN,0,IGNORE,,,https://hibid.com/lot/323218876
1219,1212,323218877,- no description -,,Home Goods & Decor - Home Goods - Other Items - Other,0,2,1,3,OPEN,0,IGNORE,,,https://hibid.com/lot/323218877
1220,1213,323218878,- no description -,,Home Goods & Decor - Home Goods - Other Items - Other,0,2,1,3,OPEN,0,IGNORE,,,https://hibid.com/lot/323218878
1221,1214,323218879,- no description -,,Home Goods & Decor - Home Goods - Other Items - Other,0,0,0,2,OPEN,0,IGNORE,,,https://hibid.com/lot/323218879
1222,1215,323218880,- no description -,,Home Goods & Decor - Home Goods - Other Items - Other,0,2,1,3,OPEN,0,IGNORE,,,https://hibid.com/lot/323218880
1223,1216,323218881,- no description -,,Home Goods & Decor - Home Goods - Other Items - Other,0,0,0,2,OPEN,0,IGNORE,,,https://hibid.com/lot/323218881
1224,1217,323218882,- no description -,,Home Goods & Decor - Home Goods - Other Items - Other,0,2,1,3,OPEN,0,IGNORE,,,https://hibid.com/lot/323218882
1225,1218,323218883,- no description -,,Home Goods & Decor - Home Goods - Other Items - Other,0,0,0,2,OPEN,0,IGNORE,,,https://hibid.com/lot/323218883
1226,1219,323218884,- no description -,,Home Goods & Decor - Home Goods - Other Items - Other,0,3,2,4,OPEN,0,IGNORE,,,https://hibid.com/lot/323218884
1227,1220,323218885,- no description -,,Home Goods & Decor - Home Goods - Other Items - Other,0,3,2,4,OPEN,0,IGNORE,,,https://hibid.com/lot/323218885
1228,1221,323218886,- no description -,,Home Goods & Decor - Home Goods - Other Items - Other,0,0,0,2,OPEN,0,IGNORE,,,https://hibid.com/lot/323218886
1229,1222,323218887,- no description -,,Home Goods & Decor - Home Goods - Other Items - Other,0,0,0,2,OPEN,0,IGNORE,,,https://hibid.com/lot/323218887
1230,1223,323218888,- no description -,,Home Goods & Decor - Home Goods - Other Items - Other,0,0,0,2,OPEN,0,IGNORE,,,https://hibid.com/lot/323218888
1231,1224,323218889,- no description -,,Home Goods & Decor - Home Goods - Other Items - Other,0,0,0,2,OPEN,0,IGNORE,,,https://hibid.com/lot/323218889
1232,1225,323218890,- no description -,,Home Goods & Decor - Home Goods - Other Items - Other,0,0,0,2,OPEN,0,IGNORE,,,https://hibid.com/lot/323218890
1233,1226,323218891,- no description -,,Home Goods & Decor - Home Goods - Other Items - Other,0,0,0,2,OPEN,0,IGNORE,,,https://hibid.com/lot/323218891
1234,1227,323218892,- no description -,,Home Goods & Decor - Home Goods - Other Items - Other,0,2,1,3,OPEN,0,IGNORE,,,https://hibid.com/lot/323218892
1235,1228,323218893,- no description -,,Home Goods & Decor - Home Goods - Other Items - Other,0,2,1,3,OPEN,0,IGNORE,,,https://hibid.com/lot/323218893
1236,1229,323218894,- no description -,,Home Goods & Decor - Home Goods - Other Items - Other,0,2,1,3,OPEN,0,IGNORE,,,https://hibid.com/lot/323218894
1237,1230,323218895,- no description -,,Home Goods & Decor - Home Goods - Other Items - Other,0,0,0,2,OPEN,0,IGNORE,,,https://hibid.com/lot/323218895
1238,1231,323218896,- no description -,,Home Goods & Decor - Home Goods - Other Items - Other,0,0,0,2,OPEN,0,IGNORE,,,https://hibid.com/lot/323218896
1239,1232,323218897,- no description -,,Home Goods & Decor - Home Goods - Other Items - Other,0,2,1,3,OPEN,0,IGNORE,,,https://hibid.com/lot/323218897
1240,1233,323218898,Steel Rail Ties,,Lawn & Garden - Outdoors | Lawn & Garden,6,7,6,8,OPEN,4,PRICE-DEPENDENT,property,,https://hibid.com/lot/323218898
1241,1234,323218899,Heavy Round Steel Stock,,Home Goods & Decor - Home Goods - Other Items - Other,6,2,1,3,OPEN,0,IGNORE,,,https://hibid.com/lot/323218899
1242,1235,323218900,- no description -,,Home Goods & Decor - Home Goods - Other Items - Other,0,0,0,2,OPEN,0,IGNORE,,,https://hibid.com/lot/323218900
1243,1236,323218901,- no description -,,Home Goods & Decor - Home Goods - Other Items - Other,0,3,2,4,OPEN,0,IGNORE,,,https://hibid.com/lot/323218901
1244,1237,323218903,- no description -,,Home Goods & Decor - Home Goods - Other Items - Other,0,0,0,2,OPEN,0,IGNORE,,,https://hibid.com/lot/323218903
1245,1238,323218904,- no description -,,Home Goods & Decor - Home Goods - Other Items - Other,0,2,1,3,OPEN,0,IGNORE,,,https://hibid.com/lot/323218904
1246,1239,323218905,- no description -,,Home Goods & Decor - Home Goods - Other Items - Other,0,0,0,2,OPEN,0,IGNORE,,,https://hibid.com/lot/323218905
1247,1240,323218906,- no description -,,Home Goods & Decor - Home Goods - Other Items - Other,0,3,2,4,OPEN,0,IGNORE,,,https://hibid.com/lot/323218906
1248,1241,323218907,- no description -,,Home Goods & Decor - Home Goods - Other Items - Other,0,2,1,3,OPEN,0,IGNORE,,,https://hibid.com/lot/323218907
1249,1242,323218908,- no description -,,Home Goods & Decor - Home Goods - Other Items - Other,0,0,0,2,OPEN,0,IGNORE,,,https://hibid.com/lot/323218908
1250,1243,323218909,- no description -,,Home Goods & Decor - Home Goods - Other Items - Other,0,0,0,2,OPEN,0,IGNORE,,,https://hibid.com/lot/323218909
1251,1244,323218910,- no description -,,Home Goods & Decor - Home Goods - Other Items - Other,0,0,0,2,OPEN,0,IGNORE,,,https://hibid.com/lot/323218910
1252,1245,323218911,- no description -,,Home Goods & Decor - Home Goods - Other Items - Other,0,0,0,2,OPEN,0,IGNORE,,,https://hibid.com/lot/323218911
1253,1246,323218912,- no description -,,Home Goods & Decor - Home Goods - Other Items - Other,0,0,0,2,OPEN,0,IGNORE,,,https://hibid.com/lot/323218912
1254,1247,323218913,- no description -,,Home Goods & Decor - Home Goods - Other Items - Other,0,2,1,3,OPEN,0,IGNORE,,,https://hibid.com/lot/323218913
1255,1248,323218914,- no description -,,Home Goods & Decor - Home Goods - Other Items - Other,0,0,0,2,OPEN,0,IGNORE,,,https://hibid.com/lot/323218914
1256,1249,323218915,- no description -,,Home Goods & Decor - Home Goods - Other Items - Other,0,0,0,2,OPEN,0,IGNORE,,,https://hibid.com/lot/323218915
1257,1250,323218917,- no description -,,Home Goods & Decor - Home Goods - Other Items - Other,0,0,0,2,OPEN,0,IGNORE,,,https://hibid.com/lot/323218917
1258,1251,323218918,- no description -,,Home Goods & Decor - Home Goods - Other Items - Other,0,0,0,2,OPEN,0,IGNORE,,,https://hibid.com/lot/323218918
1259,1252,323218919,- no description -,,Home Goods & Decor - Home Goods - Other Items - Other,0,0,0,2,OPEN,0,IGNORE,,,https://hibid.com/lot/323218919
1260,1253,323218920,- no description -,,Home Goods & Decor - Home Goods - Other Items - Other,0,0,0,2,OPEN,0,IGNORE,,,https://hibid.com/lot/323218920
1261,1254,323218921,- no description -,,Home Goods & Decor - Home Goods - Other Items - Other,0,0,0,2,OPEN,0,IGNORE,,,https://hibid.com/lot/323218921
1262,1255,323218922,- no description -,,Home Goods & Decor - Home Goods - Other Items - Other,0,0,0,2,OPEN,0,IGNORE,,,https://hibid.com/lot/323218922
1263,1256,323218923,- no description -,,Home Goods & Decor - Home Goods - Other Items - Other,0,0,0,2,OPEN,0,IGNORE,,,https://hibid.com/lot/323218923
1264,1257,323218924,- no description -,,Home Goods & Decor - Home Goods - Other Items - Other,0,2,1,3,OPEN,0,IGNORE,,,https://hibid.com/lot/323218924
1265,1258,323218925,- no description -,,Home Goods & Decor - Home Goods - Other Items - Other,0,0,0,2,OPEN,0,IGNORE,,,https://hibid.com/lot/323218925
1266,1259,323218926,- no description -,,Home Goods & Decor - Home Goods - Other Items - Other,0,0,0,2,OPEN,0,IGNORE,,,https://hibid.com/lot/323218926
1267,1260,323218927,- no description -,,Home Goods & Decor - Home Goods - Other Items - Other,0,4,3,5,OPEN,0,IGNORE,,,https://hibid.com/lot/323218927
1268,1261,323218928,- no description -,,Home Goods & Decor - Home Goods - Other Items - Other,0,0,0,2,OPEN,0,IGNORE,,,https://hibid.com/lot/323218928
1269,1262,323218929,- no description -,,Home Goods & Decor - Home Goods - Other Items - Other,0,0,0,2,OPEN,0,IGNORE,,,https://hibid.com/lot/323218929
1270,1263,323218930,- no description -,,Home Goods & Decor - Home Goods - Other Items - Other,0,0,0,2,OPEN,0,IGNORE,,,https://hibid.com/lot/323218930
1271,1264,323218931,- no description -,,Home Goods & Decor - Home Goods - Other Items - Other,0,0,0,2,OPEN,0,IGNORE,,,https://hibid.com/lot/323218931
1272,1265,323218932,- no description -,,Home Goods & Decor - Home Goods - Other Items - Other,0,0,0,2,OPEN,0,IGNORE,,,https://hibid.com/lot/323218932
1273,1266,323218933,- no description -,,Home Goods & Decor - Home Goods - Other Items - Other,0,3,2,4,OPEN,0,IGNORE,,,https://hibid.com/lot/323218933
1274,1267,323218934,- no description -,,Home Goods & Decor - Home Goods - Other Items - Other,0,0,0,2,OPEN,0,IGNORE,,,https://hibid.com/lot/323218934
1275,1268,323218935,- no description -,,Home Goods & Decor - Home Goods - Other Items - Other,0,2,1,3,OPEN,0,IGNORE,,,https://hibid.com/lot/323218935
1276,1269,323218936,- no description -,,Home Goods & Decor - Home Goods - Other Items - Other,0,0,0,2,OPEN,0,IGNORE,,,https://hibid.com/lot/323218936
1277,1270,323218937,- no description -,,Home Goods & Decor - Home Goods - Other Items - Other,0,3,2,4,OPEN,0,IGNORE,,,https://hibid.com/lot/323218937
1278,1271,323218938,- no description -,,Home Goods & Decor - Home Goods - Other Items - Other,0,0,0,2,OPEN,0,IGNORE,,,https://hibid.com/lot/323218938
1279,1272,323218939,- no description -,,Home Goods & Decor - Home Goods - Other Items - Other,0,0,0,2,OPEN,0,IGNORE,,,https://hibid.com/lot/323218939
1280,1273,323218940,- no description -,,Home Goods & Decor - Home Goods - Other Items - Other,0,5,3,6,OPEN,0,IGNORE,,,https://hibid.com/lot/323218940
1281,1274,323218941,Wood Storage Cabinets,,Furniture - Cabinets | Furniture,7,0,0,2,OPEN,8,GOOD OPPORTUNITY,property,,https://hibid.com/lot/323218941
1282,1275,323218942,"Shelf, Hardware Organizer Bins, Metal Locker",,Construction & Farm - Shop / Warehouse - Parts / Accessories | Construction & Farm - Shop / Warehouse | Construction & Farm,8,0,0,2,OPEN,8,GOOD OPPORTUNITY,farm|shop,,https://hibid.com/lot/323218942
1283,1276,323218943,2 Metal Dollies,One dolly is missing a tire,Business & Industrial - Business / Retail - Carts / Baskets | Business & Industrial - Business / Retail | Business & Industrial,4,13,9,14,OPEN,2,IGNORE,auto,,https://hibid.com/lot/323218943
1284,1277,323218944,2 Metal Trailer Ramps,,Construction & Farm - Shop / Warehouse - Automotive | Construction & Farm - Shop / Warehouse | Construction & Farm,4,9,8,10,OPEN,10,STRONG TARGET,farm|auto,,https://hibid.com/lot/323218944
1285,1278,323218945,2 Wooden Trailer Ramps,,Construction & Farm - Shop / Warehouse - Automotive | Construction & Farm - Shop / Warehouse | Construction & Farm,4,0,0,2,OPEN,11,STRONG TARGET,farm|auto,,https://hibid.com/lot/323218945
1286,1279,323218946,Tow Hitch Metal Carrier,,Construction & Farm - Shop / Warehouse - Automotive | Construction & Farm - Shop / Warehouse | Construction & Farm,5,30,6,31,OPEN,13,STRONG TARGET,farm|auto,,https://hibid.com/lot/323218946
1287,1280,323218947,"Skinny Mini 3 Step Stool, Aluminum Extending",Ladder,Construction & Farm - Shop / Warehouse - Ladders / Scaffolding | Construction & Farm - Shop / Warehouse | Construction & Farm,6,5,4,6,OPEN,10,STRONG TARGET,farm|shop|property,,https://hibid.com/lot/323218947
1288,1281,323218948,"Wooden Ladder, 2 Metal Step Ladders",,Construction & Farm - Shop / Warehouse - Ladders / Scaffolding | Construction & Farm - Shop / Warehouse | Construction & Farm,5,0,0,2,OPEN,8,GOOD OPPORTUNITY,farm|property,,https://hibid.com/lot/323218948
1289,1282,323218949,"2 Hand Held Post Hole Diggers, Spade Shovel",,Lawn & Garden - Tools/Hand held items - Hand Tools | Lawn & Garden - Tools/Hand held items | Lawn & Garden,4,0,0,2,OPEN,14,STRONG TARGET,farm|shop|property,,https://hibid.com/lot/323218949
1290,1283,323218950,Pick Axes(3),,Lawn & Garden - Tools/Hand held items - Hand Tools | Lawn & Garden - Tools/Hand held items | Lawn & Garden,4,2,1,3,OPEN,7,GOOD OPPORTUNITY,shop|property,,https://hibid.com/lot/323218950
1291,1284,323218951,"Spade Shovel, Scoop Shovels(3)",,Lawn & Garden - Tools/Hand held items - Hand Tools | Lawn & Garden - Tools/Hand held items | Lawn & Garden,7,0,0,2,OPEN,11,STRONG TARGET,shop|property,,https://hibid.com/lot/323218951
1292,1285,323218952,3 Push Brooms,,Business & Industrial - Business / Retail - Janitorial - Cleaning Equipment | Business & Industrial - Business / Retail - Janitorial | Business & Industrial - Business / Retail | Business & Industrial,5,0,0,2,OPEN,0,IGNORE,,,https://hibid.com/lot/323218952
1293,1286,323218953,"Sledgehammer, Weed Pick, Metal Weed Whip, Small T",TPost,Lawn & Garden - Tools/Hand held items - Hand Tools | Lawn & Garden - Tools/Hand held items | Lawn & Garden,6,0,0,2,OPEN,11,STRONG TARGET,shop|property,,https://hibid.com/lot/323218953
1294,1287,323218954,"Garden Hoes(2), Metal Pitchfork, Loppers",,Lawn & Garden - Tools/Hand held items - Hand Tools | Lawn & Garden - Tools/Hand held items | Lawn & Garden,5,0,0,2,OPEN,11,STRONG TARGET,farm|shop|property,,https://hibid.com/lot/323218954
1295,1288,323218955,"Scythe, Hand Cultivator",,Lawn & Garden - Tools/Hand held items - Hand Tools | Lawn & Garden - Tools/Hand held items | Lawn & Garden,4,2,1,3,OPEN,10,STRONG TARGET,farm|shop|property,,https://hibid.com/lot/323218955
1296,1289,323218956,"4 Leaf Rakes, 2 Landscape Rakes",,Lawn & Garden - Tools/Hand held items - Hand Tools | Lawn & Garden - Tools/Hand held items | Lawn & Garden,3,2,1,3,OPEN,9,STRONG TARGET,shop|property,,https://hibid.com/lot/323218956
1297,1290,323218958,"Windshield Scraper, Brushes",,Construction & Farm - Shop / Warehouse - Automotive | Construction & Farm - Shop / Warehouse | Construction & Farm,4,0,0,2,OPEN,8,GOOD OPPORTUNITY,farm|auto,,https://hibid.com/lot/323218958
1298,1291,323218959,"Walker, Cane, Crutches(2)",,Business & Industrial - Medical Supplies / Lab Equipment | Business & Industrial,2,0,0,2,OPEN,0,IGNORE,,,https://hibid.com/lot/323218959
1299,1292,323218960,Iron Horse II Saw Horses(2),,Construction & Farm - Shop / Warehouse - Workbenches / Tables | Construction & Farm - Shop / Warehouse | Construction & Farm,4,2,1,3,OPEN,10,STRONG TARGET,farm|shop,,https://hibid.com/lot/323218960
1300,1293,323218961,"Sprinklers(2), Lighthouse Copper Sprinkler, Deck",Mate,Lawn & Garden - Outdoors | Lawn & Garden,5,0,0,2,OPEN,5,PRICE-DEPENDENT,property,,https://hibid.com/lot/323218961
1301,1294,323218962,Wooden Outdoor Yard Decor,,Lawn & Garden - Outdoors | Lawn & Garden,4,0,0,2,OPEN,5,PRICE-DEPENDENT,property,,https://hibid.com/lot/323218962
1302,1295,323218963,"Small Plastic Hose Reel, Round Up Pump Sprayer,",Dog Poo Picker Upper,Lawn & Garden - Outdoors | Lawn & Garden,6,0,0,2,OPEN,11,STRONG TARGET,property,,https://hibid.com/lot/323218963
1303,1296,323218964,Outdoor Lawn Chairs(9),,Furniture - Deck / Patio | Furniture,5,2,1,3,OPEN,0,IGNORE,,,https://hibid.com/lot/323218964
1304,1297,323218965,Flexible Flyer Wooden and Metal Sled,,"Sporting Goods - Sporting Goods / Outdoor Recreation - Bicycles, Scooters & More | Sporting Goods - Sporting Goods / Outdoor Recreation | Sporting Goods",5,3,2,4,OPEN,0,IGNORE,,,https://hibid.com/lot/323218965
1305,1298,323218966,"Shepherds Hooks, Weather Vane(no top)",,Lawn & Garden - Outdoors | Lawn & Garden,5,2,1,3,OPEN,4,PRICE-DEPENDENT,property,,https://hibid.com/lot/323218966
1306,1299,323218967,Plastic Hanging Flower Baskets with Tote,,Home Goods & Decor - Home Goods - Kitchen / Housewares | Home Goods & Decor - Home Goods | Home Goods & Decor,3,0,0,2,OPEN,0,IGNORE,,,https://hibid.com/lot/323218967
1307,1300,323218968,Plastic Flower Baskets and Pots with Tote,,Antiques & Collectibles - Collectibles - Decorative - Planters | Antiques & Collectibles - Collectibles - Decorative | Antiques & Collectibles - Collectibles | Antiques & Collectibles,3,0,0,2,OPEN,0,IGNORE,,,https://hibid.com/lot/323218968
1308,1301,323218969,Various Flower Pots,,Antiques & Collectibles - Collectibles - Decorative - Planters | Antiques & Collectibles - Collectibles - Decorative | Antiques & Collectibles - Collectibles | Antiques & Collectibles,4,2,1,3,OPEN,0,IGNORE,,,https://hibid.com/lot/323218969
1309,1302,323218970,Greenview Jet Spread 2,,Lawn & Garden - Outdoors | Lawn & Garden,5,0,0,2,OPEN,5,PRICE-DEPENDENT,property,,https://hibid.com/lot/323218970
1310,1303,323218971,2 Propane Tanks,,Lawn & Garden - Outdoors | Lawn & Garden,4,16,15,17,OPEN,4,PRICE-DEPENDENT,property,,https://hibid.com/lot/323218971
1311,1304,323218972,2 Propane Tanks,,Lawn & Garden - Outdoors | Lawn & Garden,4,14,13,15,OPEN,4,PRICE-DEPENDENT,property,,https://hibid.com/lot/323218972
1312,1305,323218973,5 Plastic Gas Cans,,Antiques & Collectibles - Collectibles - Gas / Oil | Antiques & Collectibles - Collectibles | Antiques & Collectibles,4,0,0,2,OPEN,5,PRICE-DEPENDENT,auto,,https://hibid.com/lot/323218973
1313,1306,323218974,"3 Metal Gas Cans, 1 Plastic Gas Can",,Antiques & Collectibles - Collectibles - Gas / Oil | Antiques & Collectibles - Collectibles | Antiques & Collectibles,6,2,1,3,OPEN,4,PRICE-DEPENDENT,auto,,https://hibid.com/lot/323218974
1314,1307,323218975,"2-2.5 Gallon Plastic Gas Cans, 1 Small Gas Can",,Antiques & Collectibles - Collectibles - Gas / Oil | Antiques & Collectibles - Collectibles | Antiques & Collectibles,3,0,0,2,OPEN,4,PRICE-DEPENDENT,auto,,https://hibid.com/lot/323218975
1315,1308,323218976,One Bottom Plow,,Construction & Farm - Tillage Equipment - Plows | Construction & Farm - Tillage Equipment | Construction & Farm,6,2,1,3,OPEN,7,GOOD OPPORTUNITY,farm,,https://hibid.com/lot/323218976
1316,1309,323218977,Vintage Plow,,Antiques & Collectibles - Antiques - Antique Tools | Antiques & Collectibles - Antiques | Antiques & Collectibles,5,2,1,3,OPEN,7,GOOD OPPORTUNITY,farm|shop,,https://hibid.com/lot/323218977
1317,1310,323218978,Metal Vintage Plow,,Construction & Farm - Tillage Equipment - Plows | Construction & Farm - Tillage Equipment | Construction & Farm,5,4,3,5,OPEN,7,GOOD OPPORTUNITY,farm,,https://hibid.com/lot/323218978
1318,1311,323218979,Old Push Behind Lawn Mower,,Lawn & Garden - Outdoor Power Equipment - Lawn Mowers - Walk-Behind | Lawn & Garden - Outdoor Power Equipment - Lawn Mowers | Lawn & Garden - Outdoor Power Equipment | Lawn & Garden,6,2,1,3,OPEN,7,GOOD OPPORTUNITY,property,,https://hibid.com/lot/323218979
1319,1312,323218980,2 Metal Wheels,,Lawn & Garden - Outdoors | Lawn & Garden,5,3,2,4,OPEN,4,PRICE-DEPENDENT,property,,https://hibid.com/lot/323218980
1320,1313,323218981,5 Small Metal Wheels,,Construction & Farm - Shop / Warehouse - Parts / Accessories | Construction & Farm - Shop / Warehouse | Construction & Farm,4,6,5,7,OPEN,4,PRICE-DEPENDENT,farm,,https://hibid.com/lot/323218981
1321,1314,323218982,Rear Discharging Deck,,Construction & Farm - Shop / Warehouse - Automotive | Construction & Farm - Shop / Warehouse | Construction & Farm,6,0,0,2,OPEN,8,GOOD OPPORTUNITY,farm|auto,,https://hibid.com/lot/323218982
1322,1315,323218983,"MTD 22"" Yard Machine Push Mower",,Lawn & Garden - Outdoor Power Equipment - Lawn Mowers - Walk-Behind | Lawn & Garden - Outdoor Power Equipment - Lawn Mowers | Lawn & Garden - Outdoor Power Equipment | Lawn & Garden,6,0,0,2,OPEN,8,GOOD OPPORTUNITY,property,,https://hibid.com/lot/323218983
1323,1316,323218984,Huskee Lawn Sweeper,,"Construction & Farm - Turf Equipment - Blowers, Sweepers & Vacuums | Construction & Farm - Turf Equipment | Construction & Farm",5,5,4,6,OPEN,7,GOOD OPPORTUNITY,farm|property,,https://hibid.com/lot/323218984
1324,1317,323218985,Orange Plastic Wheel Barrow,,Lawn & Garden - Outdoors | Lawn & Garden,7,20,13,21,OPEN,4,PRICE-DEPENDENT,property,,https://hibid.com/lot/323218985
1325,1318,323218986,Grey Plastic Wheel Barrow,,Lawn & Garden - Outdoors | Lawn & Garden,6,21,13,22,OPEN,4,PRICE-DEPENDENT,property,,https://hibid.com/lot/323218986
1326,1319,323218987,Garden Pond Basin and plastic Rocks steps,,Lawn & Garden - Outdoors | Lawn & Garden,7,2,1,3,OPEN,4,PRICE-DEPENDENT,property,,https://hibid.com/lot/323218987
1327,1320,323218988,Orange Plastic Snow Fencing,,Construction & Farm - Building Supplies - Fencing | Construction & Farm - Building Supplies | Construction & Farm,3,2,1,3,OPEN,6,GOOD OPPORTUNITY,farm,,https://hibid.com/lot/323218988
1328,1321,323218989,Garden Wire Fencing,,Construction & Farm - Building Supplies - Fencing | Construction & Farm - Building Supplies | Construction & Farm,7,0,0,2,OPEN,14,STRONG TARGET,farm|property,,https://hibid.com/lot/323218989
1329,1322,323218990,"Hyper a tough 45 Gal Trash Bin, Plastic Trash Bin",,Home Goods & Decor - Home Goods - Kitchen / Housewares | Home Goods & Decor - Home Goods | Home Goods & Decor,8,2,1,3,OPEN,0,IGNORE,,,https://hibid.com/lot/323218990
1330,1323,323218991,Toter 64 Gal Trash Bin,,Home Goods & Decor - Home Goods - Kitchen / Housewares | Home Goods & Decor - Home Goods | Home Goods & Decor,7,5,4,6,OPEN,0,IGNORE,,,https://hibid.com/lot/323218991
1331,1324,323218992,"Rubbermaid 33 Gal. Trash Bin, Plastic Trash Barrel",,Home Goods & Decor - Home Goods - Kitchen / Housewares | Home Goods & Decor - Home Goods | Home Goods & Decor,7,0,0,2,OPEN,0,IGNORE,,,https://hibid.com/lot/323218992
1332,1325,323218993,Children’s Basketball Hoop,,Sporting Goods - Sporting Goods / Outdoor Recreation - Outdoor Games & Sports Equipment | Sporting Goods - Sporting Goods / Outdoor Recreation | Sporting Goods,7,0,0,2,OPEN,0,IGNORE,,,https://hibid.com/lot/323218993
1333,1326,323218994,Quality Farm & Fleet Red Wagon,,Toys - Vintage / Antique Toys | Toys,5,2,1,3,OPEN,4,PRICE-DEPENDENT,farm,,https://hibid.com/lot/323218994
1334,1327,323218995,"Wooden Crate, Galvanized Bucket",,Home Goods & Decor - Home Goods - Kitchen / Housewares | Home Goods & Decor - Home Goods | Home Goods & Decor,15,3,2,4,OPEN,0,IGNORE,,,https://hibid.com/lot/323218995
1335,1328,323218996,White & Blue Cement Bird Bath,,Lawn & Garden - Outdoors | Lawn & Garden,6,31,22,32,OPEN,4,PRICE-DEPENDENT,property,,https://hibid.com/lot/323218996
1336,1329,323218997,Cement Bird Bath,,Lawn & Garden - Outdoors | Lawn & Garden,5,3,2,4,OPEN,4,PRICE-DEPENDENT,property,,https://hibid.com/lot/323218997
1337,1330,323218998,"Goose Decoys (2), Owl Decoy",,Sporting Goods - Hunting & Trapping | Sporting Goods,12,0,0,2,OPEN,0,IGNORE,,,https://hibid.com/lot/323218998
1338,1331,323218999,Black Garden Hose,,Lawn & Garden - Lawn / Garden | Lawn & Garden,5,2,1,3,OPEN,7,GOOD OPPORTUNITY,property,,https://hibid.com/lot/323218999
1339,1332,323219000,Garden Hose,,Lawn & Garden - Outdoors | Lawn & Garden,6,0,0,2,OPEN,8,GOOD OPPORTUNITY,property,,https://hibid.com/lot/323219000
1340,1333,323219001,"Cement Jesus Statue, Porcelain Mary Statue",,Art - Sculptures / Carvings / Statues | Art,8,2,1,3,OPEN,0,IGNORE,,,https://hibid.com/lot/323219001
1341,1334,323219002,Ceramic Kissing Dutch Boy & Girl (Pink/Blue),,Antiques & Collectibles - Collectibles - Figurines | Antiques & Collectibles - Collectibles | Antiques & Collectibles,7,31,5,32,OPEN,-2,IGNORE,,,https://hibid.com/lot/323219002
1342,1335,323219003,Kissing Dutch Boy & Girl (Blue/Yellow),girl has damage to Right arm,Antiques & Collectibles - Collectibles - Figurines | Antiques & Collectibles - Collectibles | Antiques & Collectibles,8,2,1,3,OPEN,-2,IGNORE,,,https://hibid.com/lot/323219003
1343,1336,323219004,Cement Children Telling  a Secret in the Garden,,Lawn & Garden - Outdoors | Lawn & Garden,6,2,1,3,OPEN,4,PRICE-DEPENDENT,property,,https://hibid.com/lot/323219004
1344,1337,323219005,"Cement Lawn Jockey Lantern, Plastic Lawn Jockey",,Art - Sculptures / Carvings / Statues | Art,11,51,9,52,OPEN,0,IGNORE,,,https://hibid.com/lot/323219005
1345,1338,323219006,"Cement Angel, PlasterGild Woman, Girl Planter",Girl Planter is Resin,Antiques & Collectibles - Collectibles - Decorative - Planters | Antiques & Collectibles - Collectibles - Decorative | Antiques & Collectibles - Collectibles | Antiques & Collectibles,16,0,0,2,OPEN,0,IGNORE,,,https://hibid.com/lot/323219006
1346,1339,323219007,"Cement Pelican & Seahorse, Resin Frog& G. Parents",,Antiques & Collectibles - Collectibles - Figurines | Antiques & Collectibles - Collectibles | Antiques & Collectibles,16,5,4,6,OPEN,2,IGNORE,farm,,https://hibid.com/lot/323219007
1347,1340,323219008,Cement Urns and Cylinders,,Lawn & Garden - Outdoors | Lawn & Garden,10,10,5,11,OPEN,4,PRICE-DEPENDENT,property,,https://hibid.com/lot/323219008
1348,1341,323219009,AMF Red  Men’s Bike,,"Sporting Goods - Sporting Goods / Outdoor Recreation - Bicycles, Scooters & More | Sporting Goods - Sporting Goods / Outdoor Recreation | Sporting Goods",10,0,0,2,OPEN,0,IGNORE,,,https://hibid.com/lot/323219009
1349,1342,323219010,Schwinn Typhoon Men’s Bike,,"Sporting Goods - Sporting Goods / Outdoor Recreation - Bicycles, Scooters & More | Sporting Goods - Sporting Goods / Outdoor Recreation | Sporting Goods",8,12,7,13,OPEN,0,IGNORE,,,https://hibid.com/lot/323219010
1350,1343,323219011,Sea Star Children’s Bike,,"Sporting Goods - Sporting Goods / Outdoor Recreation - Bicycles, Scooters & More | Sporting Goods - Sporting Goods / Outdoor Recreation | Sporting Goods",6,0,0,2,OPEN,0,IGNORE,,,https://hibid.com/lot/323219011
1351,1344,323219012,Executive Woman’s 3 Speed Bike,Has kick stand but does not work very well.,"Sporting Goods - Sporting Goods / Outdoor Recreation - Bicycles, Scooters & More | Sporting Goods - Sporting Goods / Outdoor Recreation | Sporting Goods",10,0,0,2,OPEN,0,IGNORE,,,https://hibid.com/lot/323219012
1352,1345,323219013,Huffy Cranbrook Woman’s Bike,,"Sporting Goods - Sporting Goods / Outdoor Recreation - Bicycles, Scooters & More | Sporting Goods - Sporting Goods / Outdoor Recreation | Sporting Goods",9,2,1,3,OPEN,0,IGNORE,,,https://hibid.com/lot/323219013
1353,1346,323219014,Blue Woman’s bike,,"Sporting Goods - Sporting Goods / Outdoor Recreation - Bicycles, Scooters & More | Sporting Goods - Sporting Goods / Outdoor Recreation | Sporting Goods",9,2,1,3,OPEN,0,IGNORE,,,https://hibid.com/lot/323219014
1354,1347,323219015,All Pro 3 Speed Woman’s Bike,,"Sporting Goods - Sporting Goods / Outdoor Recreation - Bicycles, Scooters & More | Sporting Goods - Sporting Goods / Outdoor Recreation | Sporting Goods",10,0,0,2,OPEN,0,IGNORE,,,https://hibid.com/lot/323219015
1355,1348,323219016,Huffy All Pro 3 Speed with Child Carrier,,"Sporting Goods - Sporting Goods / Outdoor Recreation - Bicycles, Scooters & More | Sporting Goods - Sporting Goods / Outdoor Recreation | Sporting Goods",9,0,0,2,OPEN,0,IGNORE,,,https://hibid.com/lot/323219016
1356,1349,323219017,Taupe Picnic Table w/ 6 chairs (new),,Furniture - Deck / Patio | Furniture,12,32,9,33,OPEN,0,IGNORE,,,https://hibid.com/lot/323219017
1357,1350,323219019,Lifetime 8ft Plastic Picnic Table,,Furniture - Deck / Patio | Furniture,10,29,22,30,OPEN,0,IGNORE,,,https://hibid.com/lot/323219019
1358,1351,323219020,"Horse Weather vane,",Glass Lightning bulb is broken,Lawn & Garden - Outdoors | Lawn & Garden,6,50,11,51,OPEN,7,GOOD OPPORTUNITY,farm|property,,https://hibid.com/lot/323219020
1359,1352,323219021,Black Milk Can with lid,,Antiques & Collectibles - Collectibles - Kitchen / Home | Antiques & Collectibles - Collectibles | Antiques & Collectibles,5,14,10,15,OPEN,0,IGNORE,,,https://hibid.com/lot/323219021
1360,1353,323219022,Blue Milk Can with lid,,Antiques & Collectibles - Collectibles - Kitchen / Home | Antiques & Collectibles - Collectibles | Antiques & Collectibles,5,38,25,39,OPEN,0,IGNORE,,,https://hibid.com/lot/323219022
1361,1354,323219023,Large Live Trap,,Sporting Goods - Hunting & Trapping | Sporting Goods,5,3,2,4,OPEN,0,IGNORE,,,https://hibid.com/lot/323219023
1362,1355,323219024,Metal and Plastic Crates,,Home Goods & Decor - Home Goods - Kitchen / Housewares | Home Goods & Decor - Home Goods | Home Goods & Decor,9,0,0,2,OPEN,0,IGNORE,,,https://hibid.com/lot/323219024
1363,1356,323219025,Rubbermaid and Metal Mailbox,,Lawn & Garden - Outdoors | Lawn & Garden,10,0,0,2,OPEN,5,PRICE-DEPENDENT,property,,https://hibid.com/lot/323219025
1364,1357,323219026,Metal Carts,,Business & Industrial - Business / Retail - Carts / Baskets | Business & Industrial - Business / Retail | Business & Industrial,10,0,0,2,OPEN,0,IGNORE,,,https://hibid.com/lot/323219026
1365,1358,323219027,"Plastic 23 Gallon bucket, (2) white buckets w/",lids,Home Goods & Decor - Home Goods - Kitchen / Housewares | Home Goods & Decor - Home Goods | Home Goods & Decor,9,0,0,2,OPEN,0,IGNORE,,,https://hibid.com/lot/323219027
1366,1359,323219028,"Black Metal Rack, (2) Plant Stands",,Business & Industrial - Business / Retail - Racks / Shelving | Business & Industrial - Business / Retail | Business & Industrial,12,2,1,3,OPEN,4,PRICE-DEPENDENT,property,,https://hibid.com/lot/323219028
1367,1360,323219029,Metal Beverage Cart,,Business & Industrial - Business / Retail - Carts / Baskets | Business & Industrial - Business / Retail | Business & Industrial,7,10,6,11,OPEN,0,IGNORE,,,https://hibid.com/lot/323219029
1368,1361,323219030,"Metal Stars (2) Blue, Red",,Home Goods & Decor - Home Goods - Kitchen / Housewares | Home Goods & Decor - Home Goods | Home Goods & Decor,10,0,0,2,OPEN,0,IGNORE,,,https://hibid.com/lot/323219030
1369,1362,323219031,"Lawn Chairs (3),Lawn Lounge Chair, Lawn Rocker",Lounge chair need new ribbon,Furniture - Deck / Patio | Furniture,15,0,0,2,OPEN,0,IGNORE,,,https://hibid.com/lot/323219031
1370,1363,323219032,Beach Chairs (2),,Furniture - Deck / Patio | Furniture,7,3,2,4,OPEN,0,IGNORE,,,https://hibid.com/lot/323219032
1371,1364,323219033,Green Plastic Chairs (3),,Furniture - Deck / Patio | Furniture,11,0,0,2,OPEN,0,IGNORE,,,https://hibid.com/lot/323219033
1372,1365,323219034,Metal Stools (2),,Furniture - Chairs / Stools | Furniture,8,0,0,2,OPEN,5,PRICE-DEPENDENT,shop,,https://hibid.com/lot/323219034
1373,1366,323219035,"Step Stool/Seat, Wood Stool",,Furniture - Chairs / Stools | Furniture,11,0,0,2,OPEN,5,PRICE-DEPENDENT,shop,,https://hibid.com/lot/323219035
1374,1367,323219036,Decorative Metal Patio Chair,,Furniture - Deck / Patio | Furniture,7,13,14,14,OPEN,0,IGNORE,,,https://hibid.com/lot/323219036
1375,1368,323219037,"Garden Red, White, Blue Windmill",,Lawn & Garden - Outdoors | Lawn & Garden,4,4,3,5,OPEN,7,GOOD OPPORTUNITY,shop|property,,https://hibid.com/lot/323219037
1376,1369,323219038,Ceramic Deer,,Antiques & Collectibles - Collectibles - Figurines | Antiques & Collectibles - Collectibles | Antiques & Collectibles,6,11,5,12,OPEN,-2,IGNORE,,,https://hibid.com/lot/323219038
1377,1370,323219039,"Garden Windmill, Sm bean pot and Eagle Bell",,Lawn & Garden - Outdoors | Lawn & Garden,5,10,5,11,OPEN,7,GOOD OPPORTUNITY,shop|property,,https://hibid.com/lot/323219039
1378,1371,323219040,Metal Horse Weather Vane,,Lawn & Garden - Outdoors | Lawn & Garden,6,3,2,4,OPEN,7,GOOD OPPORTUNITY,farm|property,,https://hibid.com/lot/323219040
1379,1372,323219041,- no description -,,Home Goods & Decor - Home Goods - Other Items - Other,5,2,1,3,OPEN,0,IGNORE,,,https://hibid.com/lot/323219041
1380,1373,323219042,- no description -,,Home Goods & Decor - Home Goods - Other Items - Other,11,0,0,2,OPEN,0,IGNORE,,,https://hibid.com/lot/323219042
1381,2000,323219043,All-In,This lot includes all lots the did not obtain a bid at the conclusion of the auction,Antiques & Collectibles - Collectibles - Advertising | Antiques & Collectibles - Collectibles | Antiques & Collectibles,1,0,0,2,OPEN,0,IGNORE,,,https://hibid.com/lot/323219043
LIVE_ONLY,838B,323343396,Bonus Lot,,,0,2,1,3,OPEN,0,IGNORE,,,https://hibid.com/lot/323343396
LIVE_ONLY,1160B,323343397,Bonus lot 2,,,0,0,0,2,OPEN,0,IGNORE,,,https://hibid.com/lot/323343397
LIVE_ONLY,1350B,324224608,Lattice,,,0,2,1,3,OPEN,0,IGNORE,,,https://hibid.com/lot/324224608
