lot,hibid_lot_id,item_id,current_bid,price_realized,bid_count,photo_count,status,time_left_seconds,category,title,lot_url
1,322873413,177294,0.0,0,0,1,OPEN,17763.547,Antiques & Collectibles - Collectibles - Advertising | Antiques & Collectibles - Collectibles | Antiques & Collectibles,Important Auction Information,https://hibid.com/lot/322873413
1A,322873415,185719,41.0,0,19,7,OPEN,17773.542999999998,Sporting Goods - Firearms / Weapons - Shotguns | Sporting Goods - Firearms / Weapons | Sporting Goods,Kessler Arms Model 300 12Ga. Bolt Action,https://hibid.com/lot/322873415
1B,322873418,185721,51.0,0,16,12,OPEN,17783.54,Sporting Goods - Firearms / Weapons - Shotguns | Sporting Goods - Firearms / Weapons | Sporting Goods,JC Higgins Model 58314 16GA Bolt Action,https://hibid.com/lot/322873418
1C,322873421,185722,58.0,0,33,13,OPEN,17793.537,Sporting Goods - Firearms / Weapons - Shotguns | Sporting Goods - Firearms / Weapons | Sporting Goods,Iver Johnson 12Ga Single Barrel,https://hibid.com/lot/322873421
1D,322873424,185724,60.0,0,28,13,OPEN,17803.533,Sporting Goods - Firearms / Weapons - Black Powder / Muzzleloader / Percussion | Sporting Goods - Firearms / Weapons | Sporting Goods,Thompson Center 45 Cal. Black Powder,https://hibid.com/lot/322873424
1E,322873427,185727,35.0,0,12,9,OPEN,17813.53,Sporting Goods - Firearms / Weapons - Airsoft / Paintball / Pellet / BB Guns | Sporting Goods - Firearms / Weapons | Sporting Goods,Industry Brand carabiner Air Rifle,https://hibid.com/lot/322873427
2,322873431,179287,1950.0,0,40,20,OPEN,17823.527,Construction & Farm - Harvest Equipment - Gravity Wagons | Construction & Farm - Harvest Equipment | Construction & Farm,Brister’s Trail Wagon 340cc,https://hibid.com/lot/322873431
3,322873433,179288,425.0,0,24,6,OPEN,17833.522999999997,"Construction & Farm - Trailers - Utility / Light Duty Trailers (up to 7,500 lbs) - Flat | Construction & Farm - Trailers - Utility / Light Duty Trailers (up to 7,500 lbs) | Construction & Farm - Trailers | Construction & Farm",8ft Utility Trailer,https://hibid.com/lot/322873433
4,322873434,179289,325.0,0,31,5,OPEN,17843.52,Sporting Goods - Sporting Goods / Outdoor Recreation - Outdoor Games & Sports Equipment | Sporting Goods - Sporting Goods / Outdoor Recreation | Sporting Goods,Leather Pocket Pool Table,https://hibid.com/lot/322873434
5,322873435,179290,51.0,0,11,11,OPEN,17853.517,Furniture - Cabinets | Furniture,Curved Glass Etched Light-Up China Cabinet,https://hibid.com/lot/322873435
6,322873436,179291,16.0,0,8,11,OPEN,17863.513,Antiques & Collectibles - Antiques - Antique Furniture | Antiques & Collectibles - Antiques | Antiques & Collectibles,Dry Wash Stand,https://hibid.com/lot/322873436
7,322873437,179292,4.0,0,3,8,OPEN,17873.51,Furniture - Cabinets | Furniture,Display Cabinet,https://hibid.com/lot/322873437
8,322873438,179293,30.0,0,20,10,OPEN,17883.506999999998,Furniture - Cabinets | Furniture,The Quality Line China Hutch,https://hibid.com/lot/322873438
9,322873439,179294,6.0,0,5,5,OPEN,17893.503,Antiques & Collectibles - Collectibles - Radios | Antiques & Collectibles - Collectibles | Antiques & Collectibles,1930’s Emerson Tube Radio,https://hibid.com/lot/322873439
10,322873440,179295,51.0,0,15,7,OPEN,17903.5,Antiques & Collectibles - Collectibles - Phones | Antiques & Collectibles - Collectibles | Antiques & Collectibles,Mid Century Ringer Box Phone,https://hibid.com/lot/322873440
11,322873441,179296,30.0,0,12,9,OPEN,17913.5,Furniture - Cabinets | Furniture,Curved Glass Curio Cabinet w/ Wheat Design,https://hibid.com/lot/322873441
12,322873442,179297,46.0,0,5,7,OPEN,17923.497,Furniture - Entertainment Centers / TV Stands | Furniture,Pine Entertainment Cabinet,https://hibid.com/lot/322873442
13,322873443,179298,11.0,0,11,8,OPEN,17933.493,Business & Industrial - Business / Retail - Racks / Shelving | Business & Industrial - Business / Retail | Business & Industrial,Green Bakers Rack,https://hibid.com/lot/322873443
14,322873444,179299,3.0,0,2,12,OPEN,17943.489999999998,Furniture - Cabinets | Furniture,Sauder Cabinet w/ Table Top Extension,https://hibid.com/lot/322873444
15,322873445,179300,75.0,0,40,10,OPEN,17953.487,Furniture - Cabinets | Furniture,Oak Book Cabinet,https://hibid.com/lot/322873445
16,322873446,179301,11.0,0,4,8,OPEN,17963.483,Furniture - Cabinets | Furniture,Light up Curio Cabinet,https://hibid.com/lot/322873446
17,322873447,179302,3.0,0,2,4,OPEN,17973.48,Home Goods & Decor - Home Goods - Lighting - Light Bulbs | Home Goods & Decor - Home Goods - Lighting | Home Goods & Decor - Home Goods | Home Goods & Decor,Black Three Bulb Light,https://hibid.com/lot/322873447
18,322873448,179303,0.0,0,0,13,OPEN,17983.477,Furniture - Chairs / Stools | Furniture,"Walking Canes, Anderson Federal Saving Yard Stick",https://hibid.com/lot/322873448
19,322873449,179304,2.0,0,1,6,OPEN,17993.472999999998,Business & Industrial - Business / Retail - Janitorial - Cleaning Equipment | Business & Industrial - Business / Retail - Janitorial | Business & Industrial - Business / Retail | Business & Industrial,Kenmore Progressive 360 Vacuum,https://hibid.com/lot/322873449
20,322873450,179305,4.0,0,2,5,OPEN,18003.469999999998,Construction & Farm - Shop / Warehouse - Saws / Drills | Construction & Farm - Shop / Warehouse | Construction & Farm,Cross Cut Buck Saw,https://hibid.com/lot/322873450
21,322873451,179306,8.0,0,7,6,OPEN,18013.467,Construction & Farm - Horse Drawn Equipment | Construction & Farm,Children’s Yolk,https://hibid.com/lot/322873451
22,322873452,179307,5.0,0,3,11,OPEN,18023.463,Home Goods & Decor - Home Goods - Lighting - Lamps | Home Goods & Decor - Home Goods - Lighting | Home Goods & Decor - Home Goods | Home Goods & Decor,Q.H. Lighting Marble Base Floor Chandelier Lamp,https://hibid.com/lot/322873452
23,322873453,179308,3.0,0,2,10,OPEN,18033.46,Furniture - Desks / Home Office | Furniture,Roll Top Desk,https://hibid.com/lot/322873453
24,322873454,179309,3.0,0,2,8,OPEN,18043.46,Furniture - Tables | Furniture,Black Side Table,https://hibid.com/lot/322873454
25,322873455,179310,0.0,0,0,9,OPEN,18053.457,Furniture - Entertainment Centers / TV Stands | Furniture,Corner Television Stand,https://hibid.com/lot/322873455
26,322873456,179311,5.0,0,4,6,OPEN,18063.452999999998,Furniture - Desks / Home Office | Furniture,Solid Oak Writing Desk,https://hibid.com/lot/322873456
27,322873457,179312,2.0,0,1,12,OPEN,18073.45,Furniture - Cabinets | Furniture,Broyhill China Hutch,https://hibid.com/lot/322873457
28,322873458,179313,0.0,0,0,13,OPEN,18083.447,Furniture - Dressers / Wardrobes / Armoires | Furniture,Bassett Shirt Boy Dresser w/ Mirror,https://hibid.com/lot/322873458
29,322873459,179314,2.0,0,1,10,OPEN,18093.443,Furniture - Dressers / Wardrobes / Armoires | Furniture,Bassett Tall Boy Dresser,https://hibid.com/lot/322873459
30,322873460,179315,3.0,0,2,8,OPEN,18103.44,Furniture - Dressers / Wardrobes / Armoires | Furniture,6 Drawer Dresser,https://hibid.com/lot/322873460
31,322873461,179316,6.0,0,4,7,OPEN,18113.436999999998,Furniture - Dressers / Wardrobes / Armoires | Furniture,Wardrobe,https://hibid.com/lot/322873461
32,322873462,179317,16.0,0,11,14,OPEN,18123.433,Furniture - Dressers / Wardrobes / Armoires | Furniture,Dresser w/ Mirror,https://hibid.com/lot/322873462
33,322873463,179318,3.0,0,2,6,OPEN,18133.43,Furniture - Tables | Furniture,Telephone Stand,https://hibid.com/lot/322873463
34,322873464,179319,8.0,0,7,7,OPEN,18143.427,Furniture - Chairs / Stools | Furniture,Oak Swivel Desk Chair,https://hibid.com/lot/322873464
35,322873465,179320,29.0,0,19,5,OPEN,18153.427,Business & Industrial - Business / Retail - Racks / Shelving | Business & Industrial - Business / Retail | Business & Industrial,Boat Shelf,https://hibid.com/lot/322873465
36,322873466,179321,13.0,0,9,9,OPEN,18163.423,Antiques & Collectibles - Antiques - Antique Furniture | Antiques & Collectibles - Antiques | Antiques & Collectibles,Antique Dresser with Mirror,https://hibid.com/lot/322873466
37,322873467,179322,0.0,0,0,9,OPEN,18173.42,Furniture - Cabinets | Furniture,Cabinet,https://hibid.com/lot/322873467
38,322873468,179323,14.0,0,12,8,OPEN,18183.416999999998,Home Goods & Decor - Home Goods - Appliances - Heating / Air Conditioning | Home Goods & Decor - Home Goods - Appliances | Home Goods & Decor - Home Goods | Home Goods & Decor,Electric Heat Fireplace,https://hibid.com/lot/322873468
39,322873469,179324,0.0,0,0,9,OPEN,18193.413,Furniture - Tables | Furniture,Mid-century coffee table w/ glass Glass inlay,https://hibid.com/lot/322873469
40,322873470,179325,5.0,0,4,9,OPEN,18203.41,Furniture - Tables | Furniture,Side Table with Magazine Racks,https://hibid.com/lot/322873470
41,322873471,179326,2.0,0,1,10,OPEN,18213.407,Furniture - Dining Room Sets | Furniture,Drop Leaf Table w/ Chairs,https://hibid.com/lot/322873471
42,322873472,179327,9.0,0,7,7,OPEN,18223.403,Furniture - Tables | Furniture,19th Century Victorian Triangle Corner Table,https://hibid.com/lot/322873472
43,322873473,179328,3.0,0,2,11,OPEN,18233.399999999998,Home Goods & Decor - Home Goods - Kitchen / Housewares | Home Goods & Decor - Home Goods | Home Goods & Decor,"Barometer, corner Wall Shelf, wall Hanger Decor",https://hibid.com/lot/322873473
43B,322873474,185507,13.0,0,3,5,OPEN,18243.397,Art - Prints / Lithographs | Art,Mount Shasta By Robert Wood Print,https://hibid.com/lot/322873474
44,322873475,179329,7.0,0,6,12,OPEN,18253.39,Furniture - Mirrors | Furniture,"Golden Oval Victorian Style Mirror, Winter Print",https://hibid.com/lot/322873475
45,322873476,179330,0.0,0,0,12,OPEN,18263.387,Art - Prints / Lithographs | Art,"Motorcycle & Car Prints, Collages Frame.",https://hibid.com/lot/322873476
46,322873477,179331,4.0,0,3,11,OPEN,18273.382999999998,Art - Prints / Lithographs | Art,Chunky Antique Frames,https://hibid.com/lot/322873477
47,322873478,179332,2.0,0,1,7,OPEN,18283.379999999997,Art - Posters | Art,"McCall’s ""Anna"" Magazine Poster",https://hibid.com/lot/322873478
48,322873479,179333,0.0,0,0,15,OPEN,18293.379999999997,Art - Prints / Lithographs | Art,"Panda Print, Floral Print by Juan, Etched Mirror",https://hibid.com/lot/322873479
49,322873480,179334,2.0,0,1,12,OPEN,18303.377,Art - Prints / Lithographs | Art,"Jesus the Good Shepherd Print , Lord Prayer Plaque",https://hibid.com/lot/322873480
50,322873481,179335,2.0,0,1,13,OPEN,18313.373,Art - Paintings | Art,Felt Paintings from Mexico,https://hibid.com/lot/322873481
51,322873482,179336,6.0,0,4,7,OPEN,18323.37,Art - Prints / Lithographs | Art,48 x 24 Landscaping Prints,https://hibid.com/lot/322873482
52,322873483,179337,4.0,0,2,17,OPEN,18333.367,Art - Prints / Lithographs | Art,"Golden & Wood Framed Girl Prints,",https://hibid.com/lot/322873483
53,322873484,179338,5.0,0,3,15,OPEN,18343.362999999998,Art - Prints / Lithographs | Art,"Broken Fences Farm ,Fireman ,Mountain Prints",https://hibid.com/lot/322873484
54,322873485,179339,2.0,0,1,15,OPEN,18353.36,Art - Prints / Lithographs | Art,"Brandy Wine Farm Print, First Snow Print,",https://hibid.com/lot/322873485
55,322873486,179340,2.0,0,1,14,OPEN,18363.357,Art - Prints / Lithographs | Art,"Angel, Jesus Shepherd prints, Penn Color Book",https://hibid.com/lot/322873486
55B,322873487,185503,25.0,0,9,6,OPEN,18373.353,Home Goods & Decor - Home Goods - Lighting - Lamps | Home Goods & Decor - Home Goods - Lighting | Home Goods & Decor - Home Goods | Home Goods & Decor,Hurricane Lamp,https://hibid.com/lot/322873487
56,322873488,179341,0.0,0,0,7,OPEN,18383.35,Home Goods & Decor - Home Goods - Lighting - Lamps | Home Goods & Decor - Home Goods - Lighting | Home Goods & Decor - Home Goods | Home Goods & Decor,Desk Lamps,https://hibid.com/lot/322873488
57,322873489,179342,3.0,0,2,4,OPEN,18393.35,Home Goods & Decor - Home Goods - Lighting - Lamps | Home Goods & Decor - Home Goods - Lighting | Home Goods & Decor - Home Goods | Home Goods & Decor,John Wayne Touch Lamp,https://hibid.com/lot/322873489
58,322873490,179343,3.0,0,2,6,OPEN,18403.346999999998,Home Goods & Decor - Home Goods - Lighting - Lamps | Home Goods & Decor - Home Goods - Lighting | Home Goods & Decor - Home Goods | Home Goods & Decor,(2) Falkenstein Glass Bronze Flower Lamps,https://hibid.com/lot/322873490
59,322873491,179344,32.0,0,12,5,OPEN,18413.343,Home Goods & Decor - Home Goods - Lighting - Lamps | Home Goods & Decor - Home Goods - Lighting | Home Goods & Decor - Home Goods | Home Goods & Decor,Gone with the Wind Hurricane Lamp,https://hibid.com/lot/322873491
60,322873492,179345,15.0,0,4,9,OPEN,18423.34,Antiques & Collectibles - Collectibles - Kitchen / Home | Antiques & Collectibles - Collectibles | Antiques & Collectibles,"Elgin National Watch Works Sterling Spoon, Oxford",https://hibid.com/lot/322873492
61,322873493,179346,2.0,0,1,4,OPEN,18433.333,Home Goods & Decor - Home Goods - Kitchen / Housewares | Home Goods & Decor - Home Goods | Home Goods & Decor,Assortment of Stainless Steel Cutlery,https://hibid.com/lot/322873493
62,322873494,179347,2.0,0,1,10,OPEN,18443.329999999998,Antiques & Collectibles - Collectibles - Decorative - Vases / Jars | Antiques & Collectibles - Collectibles - Decorative | Antiques & Collectibles - Collectibles | Antiques & Collectibles,"Plated Bud Vase, Teapot Clock, Silver Tone Dish",https://hibid.com/lot/322873494
63,322873495,179348,21.0,0,8,7,OPEN,18453.326999999997,Home Goods & Decor - Home Goods - Kitchen / Housewares | Home Goods & Decor - Home Goods | Home Goods & Decor,Farberware Silverware Gold Tone Silverware In A,https://hibid.com/lot/322873495
64,322873496,179349,2.0,0,1,9,OPEN,18463.323,Home Goods & Decor - Home Goods - Kitchen / Housewares | Home Goods & Decor - Home Goods | Home Goods & Decor,"Ceramic Serving Bowl,,White Soup Tureen",https://hibid.com/lot/322873496
65,322873497,179350,3.0,0,2,8,OPEN,18473.32,Home Goods & Decor - Home Goods - Kitchen / Housewares | Home Goods & Decor - Home Goods | Home Goods & Decor,"Assorted Silverware, Silver Lighting Cleaning Plat",https://hibid.com/lot/322873497
66,322873498,179351,11.0,0,8,10,OPEN,18483.317,Antiques & Collectibles - Collectibles - Kitchen / Home | Antiques & Collectibles - Collectibles | Antiques & Collectibles,National Double Tested Silverplate Silverware,https://hibid.com/lot/322873498
67,322873499,179352,0.0,0,0,6,OPEN,18493.313,Toys - Dolls | Toys,"Japanese Ceramic Kokeshi Dolls{2}, Wooden Duck",https://hibid.com/lot/322873499
68,322873500,179353,3.0,0,2,6,OPEN,18503.309999999998,Home Goods & Decor - Home Goods - Kitchen / Housewares | Home Goods & Decor - Home Goods | Home Goods & Decor,Glass Jar Hand Crank Nut & Spice Grinders {2},https://hibid.com/lot/322873500
68B,322873501,185496,4.0,0,3,7,OPEN,18513.307,Home Goods & Decor - Home Goods - Kitchen / Housewares | Home Goods & Decor - Home Goods | Home Goods & Decor,Ceramic Reindeer Cookie Jar,https://hibid.com/lot/322873501
69,322873502,179354,3.0,0,2,4,OPEN,18523.307,Antiques & Collectibles - Collectibles - Kitchen / Home | Antiques & Collectibles - Collectibles | Antiques & Collectibles,"McDonald's Collectable Glasses & Mugs, Kids Cups",https://hibid.com/lot/322873502
70,322873503,179355,2.0,0,1,4,OPEN,18533.303,Home Goods & Decor - Home Goods - Kitchen / Housewares | Home Goods & Decor - Home Goods | Home Goods & Decor,"Amber Textured Glass Beer Mugs, Ceramic Mugs",https://hibid.com/lot/322873503
71,322873504,179356,0.0,0,0,5,OPEN,18543.3,Antiques & Collectibles - Collectibles - Decorative - Vases / Jars | Antiques & Collectibles - Collectibles - Decorative | Antiques & Collectibles - Collectibles | Antiques & Collectibles,"Milk Glass Lidded Jar, Clear Round Glass Storage",https://hibid.com/lot/322873504
72,322873505,179357,2.0,0,1,4,OPEN,18553.297,Home Goods & Decor - Home Goods - Kitchen / Housewares | Home Goods & Decor - Home Goods | Home Goods & Decor,"Blue Glass Tumblers, Juice & Rocks Glasses",https://hibid.com/lot/322873505
73,322873506,179358,6.0,0,5,5,OPEN,18563.29,Home Goods & Decor - Home Goods - Kitchen / Housewares | Home Goods & Decor - Home Goods | Home Goods & Decor,"Holiday Lanterns, Holiday Mugs, Wire-Bail Jar.",https://hibid.com/lot/322873506
74,322873507,179359,2.0,0,1,6,OPEN,18573.29,Home Goods & Decor - Home Goods - Kitchen / Housewares | Home Goods & Decor - Home Goods | Home Goods & Decor,"Ceramic\Glass Mugs, Plastic Cups",https://hibid.com/lot/322873507
75,322873508,179360,3.0,0,2,7,OPEN,18583.287,Home Goods & Decor - Home Goods - Kitchen / Housewares | Home Goods & Decor - Home Goods | Home Goods & Decor,"Peach Motif Salt/Pepper & Napkin Holder, Serving",https://hibid.com/lot/322873508
76,322873509,179361,2.0,0,1,8,OPEN,18593.283,Antiques & Collectibles - Collectibles - Kitchen / Home | Antiques & Collectibles - Collectibles | Antiques & Collectibles,"Johnson Bros Ceramic Platter, Colonial Co Platter",https://hibid.com/lot/322873509
77,322873510,179362,2.0,0,1,12,OPEN,18603.28,Home Goods & Decor - Home Goods - Kitchen / Housewares | Home Goods & Decor - Home Goods | Home Goods & Decor,Clear Glass Baking Dishes (3),https://hibid.com/lot/322873510
78,322873511,179363,0.0,0,0,6,OPEN,18613.28,Home Goods & Decor - Home Goods - Kitchen / Housewares | Home Goods & Decor - Home Goods | Home Goods & Decor,"Espresso, Coffee & Soup Mugs",https://hibid.com/lot/322873511
79,322873512,179364,2.0,0,1,5,OPEN,18623.277,Home Goods & Decor - Home Goods - Kitchen / Housewares | Home Goods & Decor - Home Goods | Home Goods & Decor,"Glass Drinkware, Souvenir Mug, Shot Glasses",https://hibid.com/lot/322873512
80,322873513,179365,2.0,0,1,7,OPEN,18633.272999999997,Antiques & Collectibles - Collectibles - Stoneware / Pfaltzgraff /Earthenware | Antiques & Collectibles - Collectibles | Antiques & Collectibles,Stoneware Canister Jar Home & Garden Party,https://hibid.com/lot/322873513
81,322873514,179366,12.0,0,11,6,OPEN,18643.27,Home Goods & Decor - Home Goods - Kitchen / Housewares | Home Goods & Decor - Home Goods | Home Goods & Decor,"Flordia Ashtrays, Cut Glass Decanter W/Marbles",https://hibid.com/lot/322873514
82,322873515,179367,21.0,0,7,8,OPEN,18653.267,Home Goods & Decor - Home Goods - Kitchen / Housewares | Home Goods & Decor - Home Goods | Home Goods & Decor,Napco Cookies All Over Ceramic Cookie Jar,https://hibid.com/lot/322873515
83,322873516,179368,9.0,0,5,7,OPEN,18663.263,Home Goods & Decor - Home Goods - Kitchen / Housewares | Home Goods & Decor - Home Goods | Home Goods & Decor,Ceramic Mushroom Storage Canister/Cookie Jar,https://hibid.com/lot/322873516
84,322873517,179369,0.0,0,0,8,OPEN,18673.26,Home Goods & Decor - Home Goods - Kitchen / Housewares | Home Goods & Decor - Home Goods | Home Goods & Decor,"Clear Glass Pedestal Cake Stand, Rose/Fish Bowl",https://hibid.com/lot/322873517
85,322873518,179370,3.0,0,2,7,OPEN,18683.26,Home Goods & Decor - Home Goods - Kitchen / Housewares | Home Goods & Decor - Home Goods | Home Goods & Decor,"White Ceramic Chef-Themed Jar, Salt & Pepper Shake",https://hibid.com/lot/322873518
86,322873519,179371,5.0,0,3,9,OPEN,18693.256999999998,Home Goods & Decor - Home Goods - Kitchen / Housewares | Home Goods & Decor - Home Goods | Home Goods & Decor,Ceramic Rooster Cookie Jar,https://hibid.com/lot/322873519
87,322873520,179372,0.0,0,0,8,OPEN,18703.253,Home Goods & Decor - Home Goods - Kitchen / Housewares | Home Goods & Decor - Home Goods | Home Goods & Decor,"Floral Serving Platters(2), White Serving Bowl",https://hibid.com/lot/322873520
88,322873521,179379,2.0,0,1,9,OPEN,18713.25,Home Goods & Decor - Home Goods - Kitchen / Housewares | Home Goods & Decor - Home Goods | Home Goods & Decor,"Non-stick Copper Colored Frying Pans, Red Copper",https://hibid.com/lot/322873521
89,322873522,179380,0.0,0,0,4,OPEN,18723.247,Home Goods & Decor - Home Goods - Kitchen / Housewares | Home Goods & Decor - Home Goods | Home Goods & Decor,"Bullet Style Blender Cups, Chopper XL Manual",https://hibid.com/lot/322873522
90,322873523,179381,0.0,0,0,7,OPEN,18733.243,Home Goods & Decor - Home Goods - Kitchen / Housewares | Home Goods & Decor - Home Goods | Home Goods & Decor,"Milk Glass Serving Bowl, Iridescent Snack Plates,",https://hibid.com/lot/322873523
91,322873524,179382,21.0,0,9,7,OPEN,18743.243,Home Goods & Decor - Home Goods - Kitchen / Housewares | Home Goods & Decor - Home Goods | Home Goods & Decor,Pyrex Spring Blossom Casserole Dish,https://hibid.com/lot/322873524
92,322873525,179383,2.0,0,1,13,OPEN,18753.239999999998,Home Goods & Decor - Home Goods - Kitchen / Housewares | Home Goods & Decor - Home Goods | Home Goods & Decor,"Riverdale Plate, Aluminum Lazy Susan, Cheese Tray",https://hibid.com/lot/322873525
93,322873526,179384,8.0,0,6,15,OPEN,18762.01,Home Goods & Decor - Home Goods - Kitchen / Housewares | Home Goods & Decor - Home Goods | Home Goods & Decor,Corelle Spring Blossom Green Assorted Dishes,https://hibid.com/lot/322873526
94,322873527,179385,2.0,0,1,10,OPEN,18772.003,Home Goods & Decor - Home Goods - Kitchen / Housewares | Home Goods & Decor - Home Goods | Home Goods & Decor,"Porcelain Covered Serving Dish, Ceramic Serving",https://hibid.com/lot/322873527
95,322873528,179386,2.0,0,1,11,OPEN,18782,Home Goods & Decor - Home Goods - Kitchen / Housewares | Home Goods & Decor - Home Goods | Home Goods & Decor,"Corning Ware Casserole Dishes, Pyrex Dish",https://hibid.com/lot/322873528
96,322873529,179387,2.0,0,1,11,OPEN,18791.997,Home Goods & Decor - Home Goods - Kitchen / Housewares | Home Goods & Decor - Home Goods | Home Goods & Decor,"Baking Pans, Muffin Tins, Bread Pans & More",https://hibid.com/lot/322873529
97,322873530,179388,0.0,0,0,15,OPEN,18801.993,Home Goods & Decor - Home Goods - Kitchen / Housewares | Home Goods & Decor - Home Goods | Home Goods & Decor,"Bundt Pan, Pie Pans, Ceramic Pie Weights, 9x13 Pan",https://hibid.com/lot/322873530
98,322873531,179389,12.0,0,4,13,OPEN,18811.989999999998,Home Goods & Decor - Home Goods - Kitchen / Housewares | Home Goods & Decor - Home Goods | Home Goods & Decor,"Pink Pyrex Bowl, Anchor Hocking Casserole Dish",https://hibid.com/lot/322873531
99,322873532,179390,3.0,0,2,11,OPEN,18821.986999999997,Antiques & Collectibles - Collectibles - Kitchen / Home | Antiques & Collectibles - Collectibles | Antiques & Collectibles,Brown Glazed Stoneware Divided Dish & Crock,https://hibid.com/lot/322873532
100,322873533,179391,0.0,0,0,5,OPEN,18831.98,Home Goods & Decor - Home Goods - Kitchen / Housewares | Home Goods & Decor - Home Goods | Home Goods & Decor,"Avocado Footed Ice Tea Tumbler, Small Bowl, Candle",https://hibid.com/lot/322873533
101,322873534,179392,3.0,0,2,7,OPEN,18841.98,Antiques & Collectibles - Collectibles - Kitchen / Home | Antiques & Collectibles - Collectibles | Antiques & Collectibles,"Blue Speckled Enamelware Pan & Cups, Tea Kettle",https://hibid.com/lot/322873534
102,322873535,179393,8.0,0,3,3,OPEN,18851.977,Home Goods & Decor - Home Goods - Kitchen / Housewares | Home Goods & Decor - Home Goods | Home Goods & Decor,Cuisinart Advantage Ceramic Knives W/Blade Gaurds,https://hibid.com/lot/322873535
103,322873536,179394,2.0,0,1,5,OPEN,18861.972999999998,Home Goods & Decor - Home Goods - Kitchen / Housewares | Home Goods & Decor - Home Goods | Home Goods & Decor,"Assorted Kitchen Utensils, Recipe Holder",https://hibid.com/lot/322873536
104,322873537,179395,2.0,0,1,4,OPEN,18871.969999999998,Home Goods & Decor - Home Goods - Kitchen / Housewares | Home Goods & Decor - Home Goods | Home Goods & Decor,"Tupperware Hourglass Salt & Pepper In A Stand,",https://hibid.com/lot/322873537
106,322873538,179397,0.0,0,0,13,OPEN,18881.963,Home Goods & Decor - Home Goods - Kitchen / Housewares | Home Goods & Decor - Home Goods | Home Goods & Decor,"Autumn Gold Salad Plates, Berry Bowls",https://hibid.com/lot/322873538
107,322873539,179398,2.0,0,1,9,OPEN,18891.96,Home Goods & Decor - Home Goods - Kitchen / Housewares | Home Goods & Decor - Home Goods | Home Goods & Decor,"Correlle Blossoms In Lace Plates ,Salad Plates,",https://hibid.com/lot/322873539
108,322873540,179399,2.0,0,1,7,OPEN,18901.96,Home Goods & Decor - Home Goods - Kitchen / Housewares | Home Goods & Decor - Home Goods | Home Goods & Decor,Capriware Ceramic Kitchen Canisters Fruit Motifs,https://hibid.com/lot/322873540
109,322873541,179400,3.0,0,2,6,OPEN,18911.957,Home Goods & Decor - Home Goods - Kitchen / Housewares | Home Goods & Decor - Home Goods | Home Goods & Decor,JC Penny Ceramic Canisters Brass Colored Metal,https://hibid.com/lot/322873541
110,322873542,179401,2.0,0,1,9,OPEN,18921.952999999998,Business & Industrial - Restaurant / Food Industry - Meat Slicers | Business & Industrial - Restaurant / Food Industry | Business & Industrial,"Meat Mincer/Grinder(2), Slice O Matic Slicer",https://hibid.com/lot/322873542
111,322873543,179402,0.0,0,0,5,OPEN,18931.95,Toys - Games | Toys,"Fuzzy Dice, Talking Parrot, Dino Bike Horn, Hat",https://hibid.com/lot/322873543
112,322873544,179403,7.0,0,5,4,OPEN,18941.943,Antiques & Collectibles - Collectibles - Figurines | Antiques & Collectibles - Collectibles | Antiques & Collectibles,"Nutcrackers (2), Painted Eggs(2)",https://hibid.com/lot/322873544
113,322873545,179404,0.0,0,0,12,OPEN,18951.94,Home Goods & Decor - Home Goods - Kitchen / Housewares | Home Goods & Decor - Home Goods | Home Goods & Decor,"Square Frying Pan W/Stainless Frying Basket, Pans",https://hibid.com/lot/322873545
114,322873546,179405,0.0,0,0,8,OPEN,18961.936999999998,Home Goods & Decor - Home Goods - Kitchen / Housewares | Home Goods & Decor - Home Goods | Home Goods & Decor,"Tupperware Divided Vegetable & Dip Party Tray,",https://hibid.com/lot/322873546
115,322873547,179406,4.0,0,2,7,OPEN,18971.93,Home Goods & Decor - Home Goods - Kitchen / Housewares | Home Goods & Decor - Home Goods | Home Goods & Decor,"Tupperware Butter Dish, Kitchen Scale, Toothpick",https://hibid.com/lot/322873547
116,322873548,179407,0.0,0,0,6,OPEN,18981.93,Home Goods & Decor - Home Goods - Kitchen / Housewares | Home Goods & Decor - Home Goods | Home Goods & Decor,"Collapsible Dish Rack, Silicone Suction Lids(5)",https://hibid.com/lot/322873548
117,322873549,179408,2.0,0,1,6,OPEN,18991.927,Business & Industrial - Business / Retail - Janitorial - Cleaners / Cleaning Supplies | Business & Industrial - Business / Retail - Janitorial | Business & Industrial - Business / Retail | Business & Industrial,"Cascade Dishwasher Soap, Cleaning Products",https://hibid.com/lot/322873549
118,322873550,179409,2.0,0,1,7,OPEN,19001.923,Home Goods & Decor - Home Goods - Small Appliances | Home Goods & Decor - Home Goods | Home Goods & Decor,Ronco Showtime Rotisserie & BBQ,https://hibid.com/lot/322873550
119,322873551,179410,3.0,0,2,6,OPEN,19011.92,Home Goods & Decor - Home Goods - Small Appliances | Home Goods & Decor - Home Goods | Home Goods & Decor,Nuwave Pro Infrared Cooking System,https://hibid.com/lot/322873551
120,322873552,179411,0.0,0,0,8,OPEN,19021.916999999998,Home Goods & Decor - Home Goods - Small Appliances | Home Goods & Decor - Home Goods | Home Goods & Decor,"Deni Scoop Ice Cream Maker, Pressure Canner",https://hibid.com/lot/322873552
121,322873553,179412,2.0,0,1,7,OPEN,19031.913,Home Goods & Decor - Home Goods - Small Appliances | Home Goods & Decor - Home Goods | Home Goods & Decor,Stainless Steel Electric Deep Fryer,https://hibid.com/lot/322873553
122,322873554,179413,0.0,0,0,5,OPEN,19041.91,Home Goods & Decor - Home Goods - Kitchen / Housewares | Home Goods & Decor - Home Goods | Home Goods & Decor,Brita UltraMax Water Dispenser Front Spigot,https://hibid.com/lot/322873554
123,322873555,179414,3.0,0,2,10,OPEN,19051.903,Home Goods & Decor - Home Goods - Kitchen / Housewares | Home Goods & Decor - Home Goods | Home Goods & Decor,"Pampered Chef Cookie Press, Spring Form Pans",https://hibid.com/lot/322873555
124,322873556,179415,2.0,0,1,6,OPEN,19061.899999999998,Home Goods & Decor - Home Goods - Kitchen / Housewares | Home Goods & Decor - Home Goods | Home Goods & Decor,"FoodSaver Vacuum Sealing Solution, Metal Basket",https://hibid.com/lot/322873556
125,322873557,179416,0.0,0,0,5,OPEN,19071.897,Home Goods & Decor - Home Goods - Small Appliances | Home Goods & Decor - Home Goods | Home Goods & Decor,Mr. Coffee 12 Cup Coffee Pot. Oster 3Cup Food Chop,https://hibid.com/lot/322873557
126,322873558,179417,0.0,0,0,6,OPEN,19081.893,Home Goods & Decor - Home Goods - Small Appliances | Home Goods & Decor - Home Goods | Home Goods & Decor,"2 Slice Toaster, Can Openers, Enamel Tea Kettle",https://hibid.com/lot/322873558
127,322873559,179418,32.0,0,12,3,OPEN,19091.89,Antiques & Collectibles - Antiques - Antique Lamps | Antiques & Collectibles - Antiques | Antiques & Collectibles,Glass Oil Lamps W/Chimneys and Metal Burners(3),https://hibid.com/lot/322873559
128,322873560,179419,32.0,0,13,3,OPEN,19101.89,Antiques & Collectibles - Antiques - Antique Lamps | Antiques & Collectibles - Antiques | Antiques & Collectibles,Metal & Glass Oil Lamps W/Chimneys (3),https://hibid.com/lot/322873560
129,322873561,179420,32.0,0,12,3,OPEN,19111.887,Antiques & Collectibles - Antiques - Antique Lamps | Antiques & Collectibles - Antiques | Antiques & Collectibles,Hand-Painted Milk Glass Oil Lamp W/Brass Burner,https://hibid.com/lot/322873561
130,322873562,179421,2.0,0,1,5,OPEN,19121.882999999998,Antiques & Collectibles - Collectibles - Radios | Antiques & Collectibles - Collectibles | Antiques & Collectibles,Portable Boombox W/CD Player & Cassette Player,https://hibid.com/lot/322873562
131,322873563,179422,7.0,0,3,6,OPEN,19131.879999999997,Home Goods & Decor - Home Goods - Lighting - Lamps | Home Goods & Decor - Home Goods - Lighting | Home Goods & Decor - Home Goods | Home Goods & Decor,"Amethyst Glass Fairy Lamp,24% Lead Crystal Lamp",https://hibid.com/lot/322873563
132,322873564,179423,0.0,0,0,4,OPEN,19141.877,Home Goods & Decor - Home Goods - Kitchen / Housewares | Home Goods & Decor - Home Goods | Home Goods & Decor,"Thermos, Thermal Carafe",https://hibid.com/lot/322873564
133,322873565,179424,6.0,0,4,8,OPEN,19151.873,Home Goods & Decor - Home Goods - Kitchen / Housewares | Home Goods & Decor - Home Goods | Home Goods & Decor,"Frying Pan W/Lid, Covered Oval Roaster, Pan",https://hibid.com/lot/322873565
134,322873566,179425,0.0,0,0,5,OPEN,19161.87,Home Goods & Decor - Home Goods - Small Appliances | Home Goods & Decor - Home Goods | Home Goods & Decor,Bullet Express Machine Meal Maker,https://hibid.com/lot/322873566
135,322873567,179426,3.0,0,2,6,OPEN,19171.867,Home Goods & Decor - Home Goods - Small Appliances | Home Goods & Decor - Home Goods | Home Goods & Decor,"Kenmore Electric Food Slicer, Stainless Pot W/Lid",https://hibid.com/lot/322873567
136,322873568,179427,4.0,0,3,6,OPEN,19181.862999999998,Home Goods & Decor - Home Goods - Kitchen / Housewares | Home Goods & Decor - Home Goods | Home Goods & Decor,"2 Tier Spice Rack, Revolving Spice Carousel",https://hibid.com/lot/322873568
137,322873569,179428,3.0,0,2,7,OPEN,19191.86,Home Goods & Decor - Home Goods - Kitchen / Housewares | Home Goods & Decor - Home Goods | Home Goods & Decor,"Rooster Glass Cutting Board, Pro Smart Slicer",https://hibid.com/lot/322873569
138,322873570,179429,7.0,0,5,8,OPEN,19201.857,Antiques & Collectibles - Collectibles - Kitchen / Home | Antiques & Collectibles - Collectibles | Antiques & Collectibles,"Copper Scale Scoop, Enamel Wash Basin",https://hibid.com/lot/322873570
139,322873571,179430,11.0,0,9,5,OPEN,19211.85,Art - Pottery / Ceramics | Art,McCoy Pottery Ovenware Mixing Bowl,https://hibid.com/lot/322873571
140,322873572,179431,0.0,0,0,5,OPEN,19221.846999999998,Home Goods & Decor - Home Goods - Kitchen / Housewares | Home Goods & Decor - Home Goods | Home Goods & Decor,"Manual Stainless Food Slicer, Under Shelf Baskets",https://hibid.com/lot/322873572
141,322873573,179432,0.0,0,0,9,OPEN,19231.843,Home Goods & Decor - Home Goods - Small Appliances | Home Goods & Decor - Home Goods | Home Goods & Decor,"3 Cup Mr. Coffee Pot, Donut Maker, Waffle Maker",https://hibid.com/lot/322873573
142,322873574,179433,0.0,0,0,9,OPEN,19241.84,Home Goods & Decor - Home Goods - Kitchen / Housewares | Home Goods & Decor - Home Goods | Home Goods & Decor,Rectangular Roasting or Baking Pans & Wire Rack,https://hibid.com/lot/322873574
143,322873575,179434,4.0,0,3,4,OPEN,19251.84,Antiques & Collectibles - Collectibles - Kitchen / Home | Antiques & Collectibles - Collectibles | Antiques & Collectibles,Frosted Drinking Glasses W/Antique Cars(4),https://hibid.com/lot/322873575
144,322873576,179435,16.0,0,4,5,OPEN,19261.837,Antiques & Collectibles - Collectibles - Kitchen / Home | Antiques & Collectibles - Collectibles | Antiques & Collectibles,McDonalds Great Muppet Caper & Looney Tunes,https://hibid.com/lot/322873576
145,322873577,179436,2.0,0,1,5,OPEN,19271.833,Antiques & Collectibles - Collectibles - Advertising | Antiques & Collectibles - Collectibles | Antiques & Collectibles,1970'S Pepsi-Cola Drinking Glasses(8),https://hibid.com/lot/322873577
146,322873578,179437,17.0,0,10,8,OPEN,19281.829999999998,Antiques & Collectibles - Collectibles - Kitchen / Home | Antiques & Collectibles - Collectibles | Antiques & Collectibles,1970'S Looney Tunes Pepsi Glasses (11),https://hibid.com/lot/322873578
147,322873579,179438,6.0,0,4,5,OPEN,19291.826999999997,Antiques & Collectibles - Collectibles - Advertising | Antiques & Collectibles - Collectibles | Antiques & Collectibles,1970'S Holly Hobbie Coca-Cola Christmas Glasses,https://hibid.com/lot/322873579
148,322873580,179439,3.0,0,2,6,OPEN,19301.82,Antiques & Collectibles - Collectibles - Decorative - Vases / Jars | Antiques & Collectibles - Collectibles - Decorative | Antiques & Collectibles - Collectibles | Antiques & Collectibles,White Milk Glass Decor Items,https://hibid.com/lot/322873580
149,322873581,179440,3.0,0,2,11,OPEN,19311.82,Antiques & Collectibles - Collectibles - Kitchen / Home | Antiques & Collectibles - Collectibles | Antiques & Collectibles,"Silver-Plated Bread Dish,Solid Brass Ashtray, Door",https://hibid.com/lot/322873581
150,322873582,179441,2.0,0,1,7,OPEN,19321.813,Computers & Electronics - Cameras & Camera Accessories - Cameras | Computers & Electronics - Cameras & Camera Accessories | Computers & Electronics,Polaroid Automatic 103 Land Camera In A Case,https://hibid.com/lot/322873582
151,322873583,179442,3.0,0,2,6,OPEN,19331.809999999998,Home Goods & Decor - Home Goods - Small Appliances | Home Goods & Decor - Home Goods | Home Goods & Decor,Crock-Pot 6-Qt Programmable Stainless Steel Slow,https://hibid.com/lot/322873583
152,322873584,179443,0.0,0,0,10,OPEN,19341.807,Home Goods & Decor - Home Goods - Small Appliances | Home Goods & Decor - Home Goods | Home Goods & Decor,"Rival Crock-Pot,George Foreman Grilling Maching",https://hibid.com/lot/322873584
153,322873585,179444,2.0,0,1,8,OPEN,19351.803,Antiques & Collectibles - Collectibles - Decorative - Planters | Antiques & Collectibles - Collectibles - Decorative | Antiques & Collectibles - Collectibles | Antiques & Collectibles,"Mushroom Pattern Ceramic Planter, Horse Bookend,",https://hibid.com/lot/322873585
154,322873586,179445,2.0,0,1,9,OPEN,19361.8,Antiques & Collectibles - Collectibles - Phones | Antiques & Collectibles - Collectibles | Antiques & Collectibles,"Panasonic Cordless Phone System, Aiwa Clock Radio",https://hibid.com/lot/322873586
155,322873587,179446,5.0,0,4,6,OPEN,19371.797,Home Goods & Decor - Home Goods - Kitchen / Housewares | Home Goods & Decor - Home Goods | Home Goods & Decor,Apple Peeler Corer Slicer (2),https://hibid.com/lot/322873587
156,322873588,179447,2.0,0,1,6,OPEN,19381.79,Home Goods & Decor - Home Goods - Kitchen / Housewares | Home Goods & Decor - Home Goods | Home Goods & Decor,"Pampered Chef Parchment Paper, Paper Lunch Sacks",https://hibid.com/lot/322873588
157,322873589,179448,4.0,0,3,5,OPEN,19391.787,Home Goods & Decor - Home Goods - Small Appliances | Home Goods & Decor - Home Goods | Home Goods & Decor,"Lasko 20IN 3 Speed Box Fan, AeroSpeed Box Fan",https://hibid.com/lot/322873589
158,322873590,179449,2.0,0,1,4,OPEN,19401.787,Home Goods & Decor - Home Goods - Bed / Bath Items | Home Goods & Decor - Home Goods | Home Goods & Decor,"Green Crochet Blanket, Various Towels and Hand",https://hibid.com/lot/322873590
159,322873591,179450,2.0,0,1,6,OPEN,19411.78,Home Goods & Decor - Home Goods - Linens / Curtains | Home Goods & Decor - Home Goods | Home Goods & Decor,"Various Towels, Table Placemats",https://hibid.com/lot/322873591
160,322873592,179451,0.0,0,0,4,OPEN,19421.777,Furniture - Chairs / Stools | Furniture,Various Seat Sets,https://hibid.com/lot/322873592
161,322873593,179452,0.0,0,0,9,OPEN,19431.772999999997,Toys - Dolls | Toys,Crimson Porcelain Doll Alice In A Box,https://hibid.com/lot/322873593
162,322873594,179453,2.0,0,1,16,OPEN,19441.763,Toys - Dolls | Toys,Doll Size Wood and Wicker Chairs(4),https://hibid.com/lot/322873594
163,322873595,179454,0.0,0,0,6,OPEN,19451.763,Toys - Dolls | Toys,"Hard Plastic Toddler Doll, Porcelain Dolls (5)",https://hibid.com/lot/322873595
164,322873596,179455,0.0,0,0,6,OPEN,19461.76,Toys - Dolls | Toys,"Porcelain Dolls On Stands (2), Porcelain Doll W/Br",https://hibid.com/lot/322873596
165,322873597,179456,0.0,0,0,8,OPEN,19471.76,Toys - Dolls | Toys,"Native American Porcelain Dolls(2), 1950'S Baby Do",https://hibid.com/lot/322873597
166,322873598,179457,0.0,0,0,5,OPEN,19481.753,Toys - Dolls | Toys,Porcelain or Bisque Collector Dolls In Outfits(5),https://hibid.com/lot/322873598
167,322873599,179458,2.0,0,1,6,OPEN,19491.753,Toys - Dolls | Toys,"Cabbage Patch Kids Doll,Hasbro Baby Wanna Walk Dol",https://hibid.com/lot/322873599
168,322873600,179459,6.0,0,2,5,OPEN,19501.213,Toys - Dolls | Toys,Cabbage Patch Kids Dolls (2),https://hibid.com/lot/322873600
169,322873601,179460,0.0,0,0,9,OPEN,19511.747,Toys - Dolls | Toys,Cultural Dolls Dressed In Traditional Attire,https://hibid.com/lot/322873601
170,322873602,179461,0.0,0,0,5,OPEN,19521.743,Toys - Dolls | Toys,White Bridal & Victorian Style Porcelain Dolls,https://hibid.com/lot/322873602
171,322873603,179462,0.0,0,0,7,OPEN,19531.739999999998,Toys - Dolls | Toys,Porcelain Or Bisque Dolls In Boxes 2 W/Certificate,https://hibid.com/lot/322873603
172,322873604,179463,2.0,0,1,6,OPEN,19541.736999999997,Toys - Dolls | Toys,The Ashton Drake Galleries Porcelain Dolls In Box,https://hibid.com/lot/322873604
173,322873605,179464,0.0,0,0,7,OPEN,19551.733,Toys - Dolls | Toys,Porcelain Dolls In The Box (3),https://hibid.com/lot/322873605
174,322873606,179465,0.0,0,0,4,OPEN,19561.73,Toys - Dolls | Toys,"Porcelain Doll In A Wicker Chair, Teddy Bear In A",https://hibid.com/lot/322873606
175,322873607,179466,2.0,0,1,5,OPEN,19571.727,Toys - Dolls | Toys,"Rosie Doll, Little Miss April Doll, Danbury Mint D",https://hibid.com/lot/322873607
176,322873608,179467,2.0,0,1,7,OPEN,19581.722999999998,Toys - Dolls | Toys,GrannyWorld African American Grandmother Doll & Mo,https://hibid.com/lot/322873608
177,322873609,179468,0.0,0,0,5,OPEN,19591.719999999998,Toys - Dolls | Toys,Crimson Collection Porcelain Dolls In Original Box,https://hibid.com/lot/322873609
178,322873610,179469,0.0,0,0,5,OPEN,19601.717,Toys - Dolls | Toys,"Victorian Bunny & Chair, Holiday Doll, Porcelain D",https://hibid.com/lot/322873610
179,322873611,179470,0.0,0,0,4,OPEN,19611.713,Toys - Dolls | Toys,Porcelain Dolls In Original Boxes (4),https://hibid.com/lot/322873611
180,322873612,179471,0.0,0,0,4,OPEN,19621.707,Toys - Dolls | Toys,Ashley Belle Porcelain Dolls (3) In Original Boxes,https://hibid.com/lot/322873612
181,322873613,179472,0.0,0,0,5,OPEN,19631.707,Toys - Dolls | Toys,Greensburo & Unique Porcelain Dolls In Boxes(2),https://hibid.com/lot/322873613
182,322873614,179473,3.0,0,2,5,OPEN,19641.702999999998,Toys - Dolls | Toys,Miniature Doll Sized Red Metal Tricycle,https://hibid.com/lot/322873614
183,322873615,179474,0.0,0,0,4,OPEN,19651.7,Toys - Dolls | Toys,Ashton Drake Porcelain Dolls(3),https://hibid.com/lot/322873615
184,322873616,179475,0.0,0,0,7,OPEN,19661.7,Toys - Dolls | Toys,Porcelain Dolls (3),https://hibid.com/lot/322873616
185,322873617,179476,3.0,0,2,6,OPEN,19671.697,Toys - Dolls | Toys,Marilyn Monroe Fashion Doll In The Original Box,https://hibid.com/lot/322873617
186,322873618,179477,6.0,0,4,7,OPEN,19681.693,Toys - Dolls | Toys,Barbie's New In The Box (2),https://hibid.com/lot/322873618
187,322873619,179478,0.0,0,0,5,OPEN,19691.69,Toys - Dolls | Toys,Dolls in Tote,https://hibid.com/lot/322873619
188,322873620,179479,0.0,0,0,4,OPEN,19701.686999999998,Toys - Dolls | Toys,Porcelain Dolls(3),https://hibid.com/lot/322873620
189,322873621,179480,3.0,0,2,5,OPEN,19711.683,Toys - Games | Toys,"Puzzles, Greeting Cards, Skip-Bo Card Game",https://hibid.com/lot/322873621
190,322873622,179481,4.0,0,3,3,OPEN,19721.68,Toys - Games | Toys,"Puzzles 1000PC (5), 550PC (1)",https://hibid.com/lot/322873622
191,322873623,179482,2.0,0,1,7,OPEN,19731.677,Home Goods & Decor - Home Goods - Lighting - Lamps | Home Goods & Decor - Home Goods - Lighting | Home Goods & Decor - Home Goods | Home Goods & Decor,"Winter Tealight Lamps(2), Mini Nativity Figurines",https://hibid.com/lot/322873623
192,322873624,179483,3.0,0,2,7,OPEN,19741.67,Antiques & Collectibles - Collectibles - Figurines | Antiques & Collectibles - Collectibles | Antiques & Collectibles,Winter Wonderland Enchanted Carnival Decor,https://hibid.com/lot/322873624
193,322873625,179484,0.0,0,0,7,OPEN,19751.67,Home Goods & Decor - Home Goods - Kitchen / Housewares | Home Goods & Decor - Home Goods | Home Goods & Decor,"Poinsettia Round Box, Tinsel Jack O Lantern",https://hibid.com/lot/322873625
194,322873626,179485,2.0,0,1,7,OPEN,19759.972999999998,Home Goods & Decor - Home Goods - Kitchen / Housewares | Home Goods & Decor - Home Goods | Home Goods & Decor,"Glass Storage Canister Full Of Buttons, Tin of",https://hibid.com/lot/322873626
195,322873627,179486,0.0,0,0,8,OPEN,19769.972999999998,Antiques & Collectibles - Collectibles - Figurines | Antiques & Collectibles - Collectibles | Antiques & Collectibles,"Dreamsickles Figurines, Christmas Decor",https://hibid.com/lot/322873627
196,322873628,179487,0.0,0,0,6,OPEN,19779.969999999998,Home Goods & Decor - Home Goods - Kitchen / Housewares | Home Goods & Decor - Home Goods | Home Goods & Decor,"Holiday Candle Centerpiece, Porcelain-Faced Clown",https://hibid.com/lot/322873628
197,322873629,179488,3.0,0,2,5,OPEN,19789.963,Business & Industrial - Business / Retail - Janitorial - Cleaning Equipment | Business & Industrial - Business / Retail - Janitorial | Business & Industrial - Business / Retail | Business & Industrial,"Shark Steam Cleaner In A Bag W/Attachments, Iron",https://hibid.com/lot/322873629
198,322873630,179489,0.0,0,0,8,OPEN,19799.963,Home Goods & Decor - Home Goods - Kitchen / Housewares | Home Goods & Decor - Home Goods | Home Goods & Decor,"Mesh Laundry Hampers, Mesh Laundry Bags, Towel",https://hibid.com/lot/322873630
199,322873631,179490,0.0,0,0,8,OPEN,19809.963,Fashion - Men's Clothing - Dresswear | Fashion - Men's Clothing | Fashion,Mens Casual Hats (4),https://hibid.com/lot/322873631
200,322873632,179491,2.0,0,1,8,OPEN,19819.96,Home Goods & Decor - Home Goods - Music - CDs / Records / Cassettes | Home Goods & Decor - Home Goods | Home Goods & Decor,"Country CD's, Soundesign AM/FM Radio, CD Holder",https://hibid.com/lot/322873632
201,322873633,179492,0.0,0,0,5,OPEN,19829.957,Home Goods & Decor - Home Goods - Kitchen / Housewares | Home Goods & Decor - Home Goods | Home Goods & Decor,"Double Towel Hook, Assorted Coasters",https://hibid.com/lot/322873633
202,322873634,179493,6.0,0,3,3,OPEN,19839.952999999998,Antiques & Collectibles - Collectibles - Figurines | Antiques & Collectibles - Collectibles | Antiques & Collectibles,The Spirit Of Kewpies Porcelain Cherubic Figurine,https://hibid.com/lot/322873634
203,322873635,179494,2.0,0,1,10,OPEN,19849.95,Home Goods & Decor - Home Goods - Kitchen / Housewares | Home Goods & Decor - Home Goods | Home Goods & Decor,"Earth Breeze Laundry Sheets, Plink, Wood Shelf",https://hibid.com/lot/322873635
204,322873636,179495,2.0,0,1,5,OPEN,19859.95,Home Goods & Decor - Home Goods - Pet Food & Supplies | Home Goods & Decor - Home Goods | Home Goods & Decor,"Wahl Dog Clippers(2), Smart Swab, Dog Brush",https://hibid.com/lot/322873636
205,322873637,179496,0.0,0,0,4,OPEN,19869.947,Home Goods & Decor - Home Goods - Kitchen / Housewares | Home Goods & Decor - Home Goods | Home Goods & Decor,"Reusable Shopping Bags, Travel Organizer Set",https://hibid.com/lot/322873637
206,322873638,179497,3.0,0,2,7,OPEN,19879.936999999998,Home Goods & Decor - Home Goods - Bed / Bath Items | Home Goods & Decor - Home Goods | Home Goods & Decor,"Wet Shaving Gear, Ceramic Shaving Mugs, Lather Bow",https://hibid.com/lot/322873638
207,322873639,179498,2.0,0,1,5,OPEN,19889.94,Home Goods & Decor - Home Goods - Bed / Bath Items | Home Goods & Decor - Home Goods | Home Goods & Decor,"Braun Series 3 Electric Shaver, Blow Dryer 1500W",https://hibid.com/lot/322873639
208,322873640,179499,2.0,0,1,6,OPEN,19899.936999999998,Home Goods & Decor - Home Goods - Kitchen / Housewares | Home Goods & Decor - Home Goods | Home Goods & Decor,"Floral Oval Pictures, Harvest Broom, Apple Napkin",https://hibid.com/lot/322873640
209,322873641,179500,0.0,0,0,4,OPEN,19909.933,Home Goods & Decor - Home Goods - Kitchen / Housewares | Home Goods & Decor - Home Goods | Home Goods & Decor,Woven Wicker Baskets Decorated Wtih Flowers & Fabr,https://hibid.com/lot/322873641
210,322873642,179501,2.0,0,1,7,OPEN,19919.93,Home Goods & Decor - Home Goods - Bed / Bath Items | Home Goods & Decor - Home Goods | Home Goods & Decor,"Bath Mat(New), Wood Tissue Box Cover, Insoles",https://hibid.com/lot/322873642
211,322873643,179502,0.0,0,0,6,OPEN,19929.93,Home Goods & Decor - Home Goods - Kitchen / Housewares | Home Goods & Decor - Home Goods | Home Goods & Decor,"Reusable Bags, Wine Bottle Cooler Bag, Lunch Bag",https://hibid.com/lot/322873643
212,322873644,179503,4.0,0,3,5,OPEN,19939.927,Home Goods & Decor - Art & Craft Supplies | Home Goods & Decor,Acrylic Paint Color Assortment & Brushes,https://hibid.com/lot/322873644
213,322873645,179504,0.0,0,0,5,OPEN,19949.923,Antiques & Collectibles - Collectibles - Coloring Books | Antiques & Collectibles - Collectibles | Antiques & Collectibles,"Reminisce Christmas Books, Adult Coloring Book",https://hibid.com/lot/322873645
214,322873646,179505,0.0,0,0,5,OPEN,19959.92,Antiques & Collectibles - Collectibles - Books | Antiques & Collectibles - Collectibles | Antiques & Collectibles,Romance & Romantic Suspense Paperback Novels,https://hibid.com/lot/322873646
215,322873647,179506,2.0,0,1,9,OPEN,19969.92,Antiques & Collectibles - Collectibles - Books | Antiques & Collectibles - Collectibles | Antiques & Collectibles,Paperback Romantic Suspense Novels,https://hibid.com/lot/322873647
216,322873648,179507,3.0,0,2,7,OPEN,19979.916999999998,Antiques & Collectibles - Collectibles - Books | Antiques & Collectibles - Collectibles | Antiques & Collectibles,"Paperback Books- Popular Fiction, Romance & Drama",https://hibid.com/lot/322873648
217,322873649,179508,0.0,0,0,7,OPEN,19989.913,Antiques & Collectibles - Collectibles - Books | Antiques & Collectibles - Collectibles | Antiques & Collectibles,Paperback Books Assortment of Romance Novels,https://hibid.com/lot/322873649
218,322873650,179509,2.0,0,1,9,OPEN,19999.91,Antiques & Collectibles - Collectibles - Fiction Books | Antiques & Collectibles - Collectibles | Antiques & Collectibles,Assortment of Fiction Novels,https://hibid.com/lot/322873650
219,322873651,179510,0.0,0,0,9,OPEN,20009.907,Antiques & Collectibles - Collectibles - Books | Antiques & Collectibles - Collectibles | Antiques & Collectibles,Paperback Romance and Fiction Novels,https://hibid.com/lot/322873651
220,322873652,179511,2.0,0,1,8,OPEN,20019.903,Antiques & Collectibles - Collectibles - Books | Antiques & Collectibles - Collectibles | Antiques & Collectibles,Romance & Fiction Paperback Novels,https://hibid.com/lot/322873652
221,322873653,179512,0.0,0,0,6,OPEN,20029.899999999998,Antiques & Collectibles - Collectibles - Magazines | Antiques & Collectibles - Collectibles | Antiques & Collectibles,Specialty Magazines and Books,https://hibid.com/lot/322873653
222,322873654,179513,0.0,0,0,2,OPEN,20039.899999999998,Antiques & Collectibles - Collectibles - Books | Antiques & Collectibles - Collectibles | Antiques & Collectibles,"Medical Self Help Book, Panhandle Favorites Book",https://hibid.com/lot/322873654
223,322873655,179514,0.0,0,0,8,OPEN,20049.897,Antiques & Collectibles - Collectibles - Books | Antiques & Collectibles - Collectibles | Antiques & Collectibles,"Practical Handymans Encyclopedia, Amish Romance",https://hibid.com/lot/322873655
224,322873656,179515,3.0,0,2,6,OPEN,20059.893,Antiques & Collectibles - Collectibles - Books | Antiques & Collectibles - Collectibles | Antiques & Collectibles,Cookbook Assortment,https://hibid.com/lot/322873656
225,322873657,179516,0.0,0,0,7,OPEN,20069.89,Antiques & Collectibles - Collectibles - Books | Antiques & Collectibles - Collectibles | Antiques & Collectibles,"CB Transceiver, Carnival Glass Books, Crosswords",https://hibid.com/lot/322873657
226,322873658,179517,0.0,0,0,3,OPEN,20079.89,Home Goods & Decor - Home Goods - Movies | Home Goods & Decor - Home Goods | Home Goods & Decor,VCR Tapes,https://hibid.com/lot/322873658
227,322873659,179518,0.0,0,0,9,OPEN,20089.887,Antiques & Collectibles - Collectibles - Books | Antiques & Collectibles - Collectibles | Antiques & Collectibles,"Song Books, Children's Books",https://hibid.com/lot/322873659
228,322873660,179519,3.0,0,2,5,OPEN,20099.882999999998,Antiques & Collectibles - Collectibles - Books | Antiques & Collectibles - Collectibles | Antiques & Collectibles,Hard and Softcover Cookbooks,https://hibid.com/lot/322873660
229,322873661,179520,0.0,0,0,6,OPEN,20109.879999999997,Home Goods & Decor - Home Goods - Music - CDs / Records / Cassettes | Home Goods & Decor - Home Goods | Home Goods & Decor,"Cassette Tapes, Notepad, Magazine",https://hibid.com/lot/322873661
230,322873662,179521,0.0,0,0,4,OPEN,20119.877,Antiques & Collectibles - Collectibles - Cook Books | Antiques & Collectibles - Collectibles | Antiques & Collectibles,"Essential Knowledge, Family Legal Advisor Books",https://hibid.com/lot/322873662
231,322873663,179522,2.0,0,1,9,OPEN,20129.873,Home Goods & Decor - Home Goods - Music - CDs / Records / Cassettes | Home Goods & Decor - Home Goods | Home Goods & Decor,"Albums, Elvis Christmas Album, 45's Records",https://hibid.com/lot/322873663
231B,322873664,185729,3.0,0,2,5,OPEN,20139.873,Home Goods & Decor - Home Goods - Music - CDs / Records / Cassettes | Home Goods & Decor - Home Goods | Home Goods & Decor,Records,https://hibid.com/lot/322873664
232,322873695,179523,0.0,0,0,11,OPEN,20149.87,Antiques & Collectibles - Collectibles - Childrens Books | Antiques & Collectibles - Collectibles | Antiques & Collectibles,Children's Educational Books From ValueTales,https://hibid.com/lot/322873695
233,322873702,179524,5.0,0,4,12,OPEN,20159.867,Home Goods & Decor - Home Goods - Music - CDs / Records / Cassettes | Home Goods & Decor - Home Goods | Home Goods & Decor,CD's & 8 Tracks In A Case,https://hibid.com/lot/322873702
234,322873708,179525,0.0,0,0,11,OPEN,20169.862999999998,Antiques & Collectibles - Collectibles - Books | Antiques & Collectibles - Collectibles | Antiques & Collectibles,Assortment Of Paperback Romance Novels,https://hibid.com/lot/322873708
235,322873713,179526,0.0,0,0,6,OPEN,20179.86,Antiques & Collectibles - Collectibles - Books | Antiques & Collectibles - Collectibles | Antiques & Collectibles,"50 State Postcards, Assorted Paperback Books",https://hibid.com/lot/322873713
236,322873719,179527,0.0,0,0,7,OPEN,20189.86,Antiques & Collectibles - Collectibles - Books | Antiques & Collectibles - Collectibles | Antiques & Collectibles,"Medical, Health and Reference Books",https://hibid.com/lot/322873719
237,322873724,179528,0.0,0,0,9,OPEN,20199.853,Antiques & Collectibles - Collectibles - Books | Antiques & Collectibles - Collectibles | Antiques & Collectibles,Paperback Romance Novels,https://hibid.com/lot/322873724
238,322873730,179529,0.0,0,0,7,OPEN,20209.85,Antiques & Collectibles - Collectibles - Books | Antiques & Collectibles - Collectibles | Antiques & Collectibles,Fiction & Romance Novels Hardcover and Paperback,https://hibid.com/lot/322873730
239,322873736,179530,2.0,0,1,6,OPEN,20219.85,Home Goods & Decor - Home Goods - Linens / Curtains | Home Goods & Decor - Home Goods | Home Goods & Decor,"Microfiber Duster, Table Runner, Nylon Scarves, Ha",https://hibid.com/lot/322873736
240,322873743,179531,3.0,0,2,6,OPEN,20229.846999999998,Home Goods & Decor - Home Goods - Linens / Curtains | Home Goods & Decor - Home Goods | Home Goods & Decor,"Table Runners, Crocheted Doilies, Handkerchiefs",https://hibid.com/lot/322873743
241,322873748,179532,2.0,0,1,6,OPEN,20239.843,Business & Industrial - Business / Retail - Janitorial - Cleaners / Cleaning Supplies | Business & Industrial - Business / Retail - Janitorial | Business & Industrial - Business / Retail | Business & Industrial,Household Cleaning and Maintenance Products,https://hibid.com/lot/322873748
242,322873778,179533,2.0,0,1,5,OPEN,20249.84,Home Goods & Decor - Home Goods - Linens / Curtains | Home Goods & Decor - Home Goods | Home Goods & Decor,"Fabric Tablecloths(3), Round Lace Tablecloth,",https://hibid.com/lot/322873778
243,322873780,179534,0.0,0,0,7,OPEN,20259.84,Home Goods & Decor - Home Goods - Bed / Bath Items | Home Goods & Decor - Home Goods | Home Goods & Decor,"Bath Mat, 4 Green Placemats, Drying Mats(2), Rug",https://hibid.com/lot/322873780
244,322873783,179535,2.0,0,1,3,OPEN,20269.833,Business & Industrial - Medical Supplies / Lab Equipment | Business & Industrial,"4-Pronged Mobility Quad Cane, Wooden Canes (3)",https://hibid.com/lot/322873783
245,322873788,179536,0.0,0,0,4,OPEN,20279.833,Home Goods & Decor - Home Goods - Bed / Bath Items | Home Goods & Decor - Home Goods | Home Goods & Decor,"Shower Seat, N95 Masks,Bath Scales,Pedicure Paddle",https://hibid.com/lot/322873788
247,322873794,179538,0.0,0,0,6,OPEN,20289.829999999998,Computers & Electronics - Consumer Electronics - Video Games - Games | Computers & Electronics - Consumer Electronics - Video Games | Computers & Electronics - Consumer Electronics | Computers & Electronics,Nintendo Wii Balance Board,https://hibid.com/lot/322873794
248,322873799,179539,0.0,0,0,5,OPEN,20299.829999999998,Toys - Dolls | Toys,"Plastic & Vinyl Doll Parts, Paper Doilies, Minnie",https://hibid.com/lot/322873799
249,322873805,179540,2.0,0,1,8,OPEN,20309.826999999997,Antiques & Collectibles - Collectibles - Figurines | Antiques & Collectibles - Collectibles | Antiques & Collectibles,"Resin Fairy Figure Climbing A Metal Flower Stem, F",https://hibid.com/lot/322873805
250,322873811,179541,0.0,0,0,7,OPEN,20319.826999999997,Home Goods & Decor - Home Goods - Kitchen / Housewares | Home Goods & Decor - Home Goods | Home Goods & Decor,"Handled Glass Bottle W/Cork, Glass Vases, Glass Ca",https://hibid.com/lot/322873811
251,322873817,179542,8.0,0,4,7,OPEN,20329.823,Antiques & Collectibles - Collectibles - Phones | Antiques & Collectibles - Collectibles | Antiques & Collectibles,"Disney Minnie Mouse Desk Telephone, Green Rotary P",https://hibid.com/lot/322873817
252,322873820,179543,2.0,0,1,5,OPEN,20339.82,Home Goods & Decor - Home Goods - Linens / Curtains | Home Goods & Decor - Home Goods | Home Goods & Decor,"Winter Scene Tapestry W/Deer, Curtain Valence, Tab",https://hibid.com/lot/322873820
253,322873864,179544,0.0,0,0,8,OPEN,20349.817,Furniture - Desks / Home Office | Furniture,"Lap Desk,Samsonite Laptop Briefcase Messenger Bag",https://hibid.com/lot/322873864
254,322873866,179545,0.0,0,0,10,OPEN,20359.809999999998,Fashion - Women's Bags & Purses | Fashion,"Purses(9), Men's Brown Wallet, Beach Bag",https://hibid.com/lot/322873866
255,322873868,179546,0.0,0,0,9,OPEN,20369.809999999998,Fashion - Women's Bags & Purses | Fashion,"Dockers Overnight Bag, Duffle Bag, Purse, Tote Bag",https://hibid.com/lot/322873868
256,322873871,179547,2.0,0,1,8,OPEN,20379.807,Home Goods & Decor - Home Goods - Kitchen / Housewares | Home Goods & Decor - Home Goods | Home Goods & Decor,"Assorted Picture Frames Wood, Metal, Many Sizes",https://hibid.com/lot/322873871
257,322873873,179548,0.0,0,0,5,OPEN,20389.8,Art - Prints / Lithographs | Art,5x7 Wood Picture Frames (7),https://hibid.com/lot/322873873
258,322873876,179549,3.0,0,3,8,OPEN,20399.797,Art - Prints / Lithographs | Art,"Framed Art Prints, Ceramic Shoe,Gold Tone Music B",https://hibid.com/lot/322873876
259,322873879,179550,0.0,0,0,5,OPEN,20409.792999999998,Art - Prints / Lithographs | Art,Picture Frames Assorted Sizes,https://hibid.com/lot/322873879
260,322873882,179551,9.0,0,7,9,OPEN,20419.79,Art - Prints / Lithographs | Art,Praying Children Wall Art Prints In Ornate Cast Me,https://hibid.com/lot/322873882
261,322873884,179552,0.0,0,0,6,OPEN,20429.79,Art - Prints / Lithographs | Art,Picture Frames Assorted Styles and Sizes(12),https://hibid.com/lot/322873884
262,322873886,179553,6.0,0,5,6,OPEN,20439.787,Home Goods & Decor - Home Goods - Bed / Bath Items | Home Goods & Decor - Home Goods | Home Goods & Decor,Sunbeam Fleece Heated Throw New,https://hibid.com/lot/322873886
263,322873906,179554,4.0,0,3,6,OPEN,20449.787,Home Goods & Decor - Home Goods - Bed / Bath Items | Home Goods & Decor - Home Goods | Home Goods & Decor,12V Heated Travel Throw,https://hibid.com/lot/322873906
264,322873909,179555,2.0,0,1,6,OPEN,20459.78,Computers & Electronics - Consumer Electronics - Camcorders | Computers & Electronics - Consumer Electronics | Computers & Electronics,Hitachi VHS Video Camcorder In Orginal Case W/Manu,https://hibid.com/lot/322873909
265,322873912,179556,3.0,0,2,7,OPEN,20469.777,Business & Industrial - Medical Supplies / Lab Equipment | Business & Industrial,"Chair Back Massager, ResMed AirSence CPap Machines",https://hibid.com/lot/322873912
266,322873915,179557,5.0,0,3,11,OPEN,20479.772999999997,Fashion - Men's Clothing - Tops | Fashion - Men's Clothing | Fashion,"Various Belts, Sweatshirts(2), Bike Rally",https://hibid.com/lot/322873915
267,322873918,179558,2.0,0,1,6,OPEN,20489.772999999997,Home Goods & Decor - Home Goods - Linens / Curtains | Home Goods & Decor - Home Goods | Home Goods & Decor,"Hearth Rug, Small Apron, Doilies",https://hibid.com/lot/322873918
268,322873921,179559,2.0,0,1,5,OPEN,20499.77,Home Goods & Decor - Home Goods - Linens / Curtains | Home Goods & Decor - Home Goods | Home Goods & Decor,"Lace Table Cloths, Handmade Slippers(2)",https://hibid.com/lot/322873921
269,322873925,179560,7.0,0,5,6,OPEN,20509.763,Home Goods & Decor - Home Goods - Bed / Bath Items | Home Goods & Decor - Home Goods | Home Goods & Decor,Hand Sewn Pillow Cases,https://hibid.com/lot/322873925
270,322873928,179561,2.0,0,1,7,OPEN,20519.76,Fashion - Women's Shoes - Slippers | Fashion - Women's Shoes | Fashion,"Cloud Leather Slippers(7), Ladies Shoes,Purse",https://hibid.com/lot/322873928
271,322873932,179562,2.0,0,1,6,OPEN,20529.76,Business & Industrial - Restaurant / Food Industry - Linens / Table Covers | Business & Industrial - Restaurant / Food Industry | Business & Industrial,"Fabric Table Cloths, White Lightweight Fabric",https://hibid.com/lot/322873932
272,322873936,179563,2.0,0,1,6,OPEN,20539.76,Home Goods & Decor - Home Goods - Linens / Curtains | Home Goods & Decor - Home Goods | Home Goods & Decor,"Multicorored Plaid Pattern Table Cloth, Blue & Whi",https://hibid.com/lot/322873936
273,322873965,179564,0.0,0,0,6,OPEN,20549.756999999998,Antiques & Collectibles - Collectibles - Kitchen / Home | Antiques & Collectibles - Collectibles | Antiques & Collectibles,"Sumner,MI Centennial Plates, Sumner Commemorative",https://hibid.com/lot/322873965
274,322873969,179566,0.0,0,0,4,OPEN,20559.753,Toys - Bears / Stuffed Animals | Toys,TY Beanie Babies In Acrylic Display Cases (3),https://hibid.com/lot/322873969
275,322873974,179567,0.0,0,0,5,OPEN,20569.75,Art - Prints / Lithographs | Art,"Mother Plaque, Picture Frames Assorted Sizes/Style",https://hibid.com/lot/322873974
276,322873979,179568,0.0,0,0,6,OPEN,20579.747,Home Goods & Decor - Home Goods - Lighting - Lamps | Home Goods & Decor - Home Goods - Lighting | Home Goods & Decor - Home Goods | Home Goods & Decor,"Tablletop Lamp, Tabletop Swivel Vanity Piece",https://hibid.com/lot/322873979
277,322873984,179569,9.0,0,6,8,OPEN,20589.743,Art - Sculptures / Carvings / Statues | Art,"Ceramic Horse Head Bookends, Horseshoe Shaped Trin",https://hibid.com/lot/322873984
278,322873989,179570,0.0,0,0,7,OPEN,20599.739999999998,Home Goods & Decor - Home Goods - Kitchen / Housewares | Home Goods & Decor - Home Goods | Home Goods & Decor,Ceramic Pitcher and Matching Bowl Set W/Faux,https://hibid.com/lot/322873989
279,322873994,179571,4.0,0,3,7,OPEN,20609.739999999998,Home Goods & Decor - Home Goods - Kitchen / Housewares | Home Goods & Decor - Home Goods | Home Goods & Decor,"Wood Fork & Spoon Wall Decor, Key Shaped Keyholder",https://hibid.com/lot/322873994
280,322874000,179572,2.0,0,1,5,OPEN,20619.739999999998,Home Goods & Decor - Home Goods - Kitchen / Housewares | Home Goods & Decor - Home Goods | Home Goods & Decor,"Coral Specimen Beach Decor, Sea Shells, Vases(4)",https://hibid.com/lot/322874000
281,322874004,179573,0.0,0,0,10,OPEN,20629.736999999997,Home Goods & Decor - Home Goods - Kitchen / Housewares | Home Goods & Decor - Home Goods | Home Goods & Decor,"Coffee Cups, Tumblers, Shot Glasses,Wine Glass",https://hibid.com/lot/322874004
282,322874008,179574,2.0,0,1,7,OPEN,20639.733,Home Goods & Decor - Home Goods - Bed / Bath Items | Home Goods & Decor - Home Goods | Home Goods & Decor,"Conair Shiatsu Neck Massager, Infra-red Massager",https://hibid.com/lot/322874008
283,322874032,179575,3.0,0,2,11,OPEN,20649.73,Home Goods & Decor - Home Goods - Kitchen / Housewares | Home Goods & Decor - Home Goods | Home Goods & Decor,"Cedar Trinket Box, Wood Jewerly Box, Wood Tissue C",https://hibid.com/lot/322874032
284,322874033,179576,2.0,0,1,6,OPEN,20659.73,Antiques & Collectibles - Collectibles - Decorative - Planters | Antiques & Collectibles - Collectibles - Decorative | Antiques & Collectibles - Collectibles | Antiques & Collectibles,"Ceramic Planters(6), Wicker Baskets, Faux Flowers",https://hibid.com/lot/322874033
285,322874034,179577,2.0,0,1,6,OPEN,20669.727,Antiques & Collectibles - Collectibles - Decorative - Vases / Jars | Antiques & Collectibles - Collectibles - Decorative | Antiques & Collectibles - Collectibles | Antiques & Collectibles,"Handled Ceramic Ewer, Grey Patterned Vase W/Faux",https://hibid.com/lot/322874034
286,322874035,179578,0.0,0,0,7,OPEN,20679.722999999998,Antiques & Collectibles - Collectibles - Figurines | Antiques & Collectibles - Collectibles | Antiques & Collectibles,"Dear God Kids Musical Figurine, Angel Of Hope",https://hibid.com/lot/322874035
287,322874036,179579,4.0,0,3,6,OPEN,20689.719999999998,Antiques & Collectibles - Collectibles - Figurines | Antiques & Collectibles - Collectibles | Antiques & Collectibles,"Folk Art Shelf Sitter Cow Doll, Wood Sitting Cow F",https://hibid.com/lot/322874036
288,322874037,179580,2.0,0,1,5,OPEN,20699.717,Antiques & Collectibles - Collectibles - Figurines | Antiques & Collectibles - Collectibles | Antiques & Collectibles,Ceramic and Porcelain Animal Figurines(6),https://hibid.com/lot/322874037
289,322874038,179581,2.0,0,1,4,OPEN,20709.717,Antiques & Collectibles - Collectibles - Kitchen / Home | Antiques & Collectibles - Collectibles | Antiques & Collectibles,Ceramic and Porcelain Souvenir & Decorative Hand B,https://hibid.com/lot/322874038
290,322874039,179582,2.0,0,1,4,OPEN,20719.713,Home Goods & Decor - Home Goods - Kitchen / Housewares | Home Goods & Decor - Home Goods | Home Goods & Decor,"Glass Basket & Hand Bells(3), Bells(2)",https://hibid.com/lot/322874039
291,322874040,179583,0.0,0,0,9,OPEN,20729.71,Home Goods & Decor - Home Goods - Kitchen / Housewares | Home Goods & Decor - Home Goods | Home Goods & Decor,"Ornate Floral Cross, Kneeling Angel,Wooden House",https://hibid.com/lot/322874040
292,322874041,179584,0.0,0,0,4,OPEN,20739.707,Home Goods & Decor - Home Goods - Lighting - Lamps | Home Goods & Decor - Home Goods - Lighting | Home Goods & Decor - Home Goods | Home Goods & Decor,"Cut Glass Candle Lamp, White Milk Glass Vase & Ped",https://hibid.com/lot/322874041
293,322874042,179585,0.0,0,0,8,OPEN,20749.702999999998,Antiques & Collectibles - Collectibles - Decorative - Plates | Antiques & Collectibles - Collectibles - Decorative | Antiques & Collectibles - Collectibles | Antiques & Collectibles,"Greenville, MI Church Plate, Copper Mini Watering",https://hibid.com/lot/322874042
294,322874043,179586,3.0,0,2,11,OPEN,20758.472999999998,Home Goods & Decor - Home Goods - Clocks | Home Goods & Decor - Home Goods | Home Goods & Decor,"Porcelain Mantel Clock, Blue /WFigurinehite",https://hibid.com/lot/322874043
295,322874044,179587,0.0,0,0,4,OPEN,20768.469999999998,Home Goods & Decor - Home Goods - Kitchen / Housewares | Home Goods & Decor - Home Goods | Home Goods & Decor,"Decorative Cutting Board,Wooden Wall Hook W/Painte",https://hibid.com/lot/322874044
296,322874045,179588,2.0,0,1,6,OPEN,20778.467,Home Goods & Decor - Home Goods - Bed / Bath Items | Home Goods & Decor - Home Goods | Home Goods & Decor,Waxwel Paraffin Heat Treatment Bath,https://hibid.com/lot/322874045
297,322874046,179589,2.0,0,1,4,OPEN,20788.467,Antiques & Collectibles - Collectibles - Blue Glass | Antiques & Collectibles - Collectibles | Antiques & Collectibles,"Decorative Glass Vases(2), With Faux Flowers",https://hibid.com/lot/322874046
298,322874047,179590,21.0,0,9,6,OPEN,20798.463,Antiques & Collectibles - Collectibles - Decorative - Vases / Jars | Antiques & Collectibles - Collectibles - Decorative | Antiques & Collectibles - Collectibles | Antiques & Collectibles,"Avocado Green Hobnail Swung Vase, Amethyst Vase",https://hibid.com/lot/322874047
299,322874048,179591,0.0,0,0,4,OPEN,20808.46,Sporting Goods - Camping | Sporting Goods,Pool/Hot Tub/Spa Chemicals,https://hibid.com/lot/322874048
300,322874049,179592,0.0,0,0,4,OPEN,20818.457,Sporting Goods - Sporting Goods / Outdoor Recreation - Outdoor Games & Sports Equipment | Sporting Goods - Sporting Goods / Outdoor Recreation | Sporting Goods,"Pool & Spa Test Kit,Filters, Spa Chemicals",https://hibid.com/lot/322874049
301,322874050,179593,2.0,0,1,13,OPEN,20828.452999999998,Art - Prints / Lithographs | Art,"Framed Artwork,Wooden Mouse Figurine, Liberty Bell",https://hibid.com/lot/322874050
302,322874051,179594,0.0,0,0,6,OPEN,20838.45,Antiques & Collectibles - Collectibles - Decorative - Vases / Jars | Antiques & Collectibles - Collectibles - Decorative | Antiques & Collectibles - Collectibles | Antiques & Collectibles,"Clear Bud Vases, Pineapole shaped Vase, Green Cera",https://hibid.com/lot/322874051
303,322874052,179595,0.0,0,0,9,OPEN,20848.447,Toys - Games | Toys,"Classic TinkerToy, Aggravation,Baseball Dart Board",https://hibid.com/lot/322874052
304,322874053,179596,2.0,0,1,5,OPEN,20858.443,Sporting Goods - Sporting Goods / Outdoor Recreation - Fitness & Exercise Equipment | Sporting Goods - Sporting Goods / Outdoor Recreation | Sporting Goods,"Hand Weights 5lbs(2), 15Lb(1)",https://hibid.com/lot/322874053
305,322874054,179597,3.0,0,2,5,OPEN,20868.44,Antiques & Collectibles - Collectibles - Figurines | Antiques & Collectibles - Collectibles | Antiques & Collectibles,Hand Painted Ceramic Angel Figurines(5),https://hibid.com/lot/322874054
306,322874055,179598,2.0,0,1,10,OPEN,20878.44,Home Goods & Decor - Home Goods - Kitchen / Housewares | Home Goods & Decor - Home Goods | Home Goods & Decor,Rooster Themed Decor Items,https://hibid.com/lot/322874055
307,322874056,179599,2.0,0,1,4,OPEN,20888.436999999998,Toys - Bears / Stuffed Animals | Toys,Stuffed Bears,https://hibid.com/lot/322874056
308,322874057,179600,2.0,0,1,9,OPEN,20898.43,Toys - Vintage / Antique Toys | Toys,"Polly Pocket Toys, Mega Bloks Mr. Piano Musical To",https://hibid.com/lot/322874057
309,322874058,179601,0.0,0,0,8,OPEN,20908.427,Computers & Electronics - Consumer Electronics - Video Games - Games | Computers & Electronics - Consumer Electronics - Video Games | Computers & Electronics - Consumer Electronics | Computers & Electronics,"Namco 5 N 1 Plug & Play TV Game, TY Teenie Turtle",https://hibid.com/lot/322874058
310,322874059,179602,0.0,0,0,5,OPEN,20918.423,Toys - Vintage / Antique Toys | Toys,"Toysmith Galaxy, Wooden String Puppet, Plakie Ratt",https://hibid.com/lot/322874059
311,322874060,179603,2.0,0,1,5,OPEN,20928.42,Toys - Dolls | Toys,"Celluloid Baby Doll Wearing A Crochet Dress, Sling",https://hibid.com/lot/322874060
312,322874061,179604,0.0,0,0,8,OPEN,20938.42,Toys - Bears / Stuffed Animals | Toys,"Plush Mini Mouse Doll, Small Wood Cradle,Gorilla",https://hibid.com/lot/322874061
313,322874062,179605,2.0,0,1,5,OPEN,20948.413,Art - Glass Art | Art,Clear Art Glass Figurines (4),https://hibid.com/lot/322874062
314,322874063,179606,4.0,0,2,4,OPEN,20958.413,Antiques & Collectibles - Collectibles - Figurines | Antiques & Collectibles - Collectibles | Antiques & Collectibles,"White Ceramic Cat Figurines(7),Cactus Piece",https://hibid.com/lot/322874063
315,322874064,179607,3.0,0,2,4,OPEN,20968.41,Home Goods & Decor - Home Goods - Kitchen / Housewares | Home Goods & Decor - Home Goods | Home Goods & Decor,"A&W Root Beer Glassware- Heavy Mugs(2), Tumbler",https://hibid.com/lot/322874064
316,322874065,179608,2.0,0,1,6,OPEN,20978.407,Antiques & Collectibles - Collectibles - Figurines | Antiques & Collectibles - Collectibles | Antiques & Collectibles,"Metal Candle Lantern, Ceramic Pig Figurines(3)",https://hibid.com/lot/322874065
317,322874066,179609,0.0,0,0,7,OPEN,20988.399999999998,Antiques & Collectibles - Collectibles - Kitchen / Home | Antiques & Collectibles - Collectibles | Antiques & Collectibles,"Stoneware Ceramic Bell, Stoneware Vessels",https://hibid.com/lot/322874066
318,322874067,179610,2.0,0,1,6,OPEN,20998.397,Home Goods & Decor - Home Goods - Pet Food & Supplies | Home Goods & Decor - Home Goods | Home Goods & Decor,"Oster Gentle Paws Trimmer,,Dog Bed, Container W/Li",https://hibid.com/lot/322874067
319,322874068,179611,0.0,0,0,4,OPEN,21008.393,Home Goods & Decor - Home Goods - Lighting - Light Bulbs | Home Goods & Decor - Home Goods - Lighting | Home Goods & Decor - Home Goods | Home Goods & Decor,"LED 60Watt Bulbs,Surge Protector, Speed Out Screw",https://hibid.com/lot/322874068
320,322874069,179612,2.0,0,1,4,OPEN,21018.39,Computers & Electronics - Consumer Electronics - Blu-ray / DVD Players | Computers & Electronics - Consumer Electronics | Computers & Electronics,Magnavox DVD Player W/Remote and AV Cables,https://hibid.com/lot/322874069
321,322874070,179613,4.0,0,3,8,OPEN,21028.387,Computers & Electronics - Consumer Electronics - Home Audio - Speakers | Computers & Electronics - Consumer Electronics - Home Audio | Computers & Electronics - Consumer Electronics | Computers & Electronics,JCPenney 4 In One Stereo System W/Speakers,https://hibid.com/lot/322874070
322,322874071,179614,2.0,0,1,5,OPEN,21038.379999999997,Computers & Electronics - Cameras & Camera Accessories - Cameras | Computers & Electronics - Cameras & Camera Accessories | Computers & Electronics,Kodak Party Flash II Instant Film Camera,https://hibid.com/lot/322874071
323,322874072,179615,5.0,0,5,8,OPEN,21048.377,Home Goods & Decor - Home Goods - Music - CDs / Records / Cassettes | Home Goods & Decor - Home Goods | Home Goods & Decor,"Samsung VCR, VHS Video Cassette Player/Recorder",https://hibid.com/lot/322874072
324,322874073,179616,4.0,0,3,7,OPEN,21058.37,Toys - Vintage / Antique Toys | Toys,Plastic Toy Police Motorcycle,https://hibid.com/lot/322874073
325,322874074,179617,2.0,0,1,11,OPEN,21068.362999999998,Toys - Vintage / Antique Toys | Toys,Toy Model Motorcycles (2),https://hibid.com/lot/322874074
326,322874075,179618,4.0,0,2,6,OPEN,21078.36,Home Goods & Decor - Home Goods - Kitchen / Housewares | Home Goods & Decor - Home Goods | Home Goods & Decor,"Chruch Candle Lantern, Brass Tropical Angelfish",https://hibid.com/lot/322874075
327,322874076,179619,3.0,0,2,7,OPEN,21088.36,Antiques & Collectibles - Collectibles - Figurines | Antiques & Collectibles - Collectibles | Antiques & Collectibles,"Ceramic Owls,Lighthouse Souvenir, Glass Ashtray",https://hibid.com/lot/322874076
328,322874077,179620,2.0,0,1,5,OPEN,21098.357,Antiques & Collectibles - Collectibles - Figurines | Antiques & Collectibles - Collectibles | Antiques & Collectibles,Avon Garden Girl Sweet Honesty Cologne Bottles,https://hibid.com/lot/322874077
329,322874078,179621,0.0,0,0,7,OPEN,21108.353,Home Goods & Decor - Home Goods - Kitchen / Housewares | Home Goods & Decor - Home Goods | Home Goods & Decor,"Apple Stoneware Candle, Apple Decorated Candle On",https://hibid.com/lot/322874078
330,322874079,179622,0.0,0,0,5,OPEN,21118.35,Home Goods & Decor - Home Goods - Kitchen / Housewares | Home Goods & Decor - Home Goods | Home Goods & Decor,Footed Tulip Ice Cream Sundae Dishes (4),https://hibid.com/lot/322874079
331,322874080,179623,2.0,0,1,9,OPEN,21128.346999999998,Antiques & Collectibles - Collectibles - Figurines | Antiques & Collectibles - Collectibles | Antiques & Collectibles,"Metal Candlestick Holders(3), Bisque Dove Figurine",https://hibid.com/lot/322874080
332,322874081,179624,0.0,0,0,5,OPEN,21138.343,Home Goods & Decor - Home Goods - Kitchen / Housewares | Home Goods & Decor - Home Goods | Home Goods & Decor,"Holiday Quilted Towel, Rooster Cross Stitch Kit",https://hibid.com/lot/322874081
333,322874082,179625,3.0,0,2,7,OPEN,21148.34,Antiques & Collectibles - Collectibles - Kitchen / Home | Antiques & Collectibles - Collectibles | Antiques & Collectibles,"Decorative Plates,Bells,Trinket Tray, Figurines, S",https://hibid.com/lot/322874082
334,322874083,179626,6.0,0,3,6,OPEN,21158.337,Home Goods & Decor - Home Goods - Kitchen / Housewares | Home Goods & Decor - Home Goods | Home Goods & Decor,Glass Fruit/Veggies In A Wicker Basket,https://hibid.com/lot/322874083
335,322874084,179627,0.0,0,0,8,OPEN,21168.333,Lawn & Garden - Tools/Hand held items - Hand Tools | Lawn & Garden - Tools/Hand held items | Lawn & Garden,"Wooden Sign, Fly Swatters, Long Spring",https://hibid.com/lot/322874084
336,322874085,185124,0.0,0,0,6,OPEN,21178.329999999998,Antiques & Collectibles - Collectibles - Kitchen / Home | Antiques & Collectibles - Collectibles | Antiques & Collectibles,"Jim Beam Decanter, Stone Wave Microwave Cooker",https://hibid.com/lot/322874085
337,322874086,185125,130.0,0,26,5,OPEN,21188.326999999997,Home Goods & Decor - Home Goods - Lighting - Lamps | Home Goods & Decor - Home Goods - Lighting | Home Goods & Decor - Home Goods | Home Goods & Decor,Iridescent Green Glass Swag or Pendant Lamp,https://hibid.com/lot/322874086
338,322874087,185126,0.0,0,0,9,OPEN,21198.323,Home Goods & Decor - Home Goods - Kitchen / Housewares | Home Goods & Decor - Home Goods | Home Goods & Decor,"Farmhouse Decor Ceramic & Metal, Wax Melts(3)",https://hibid.com/lot/322874087
339,322874088,185127,3.0,0,2,11,OPEN,21208.32,Antiques & Collectibles - Collectibles - Kitchen / Home | Antiques & Collectibles - Collectibles | Antiques & Collectibles,Jim Beam 1909 Thomas Flyer 'Flyabout' Decanter,https://hibid.com/lot/322874088
340,322874089,185128,2.0,0,1,8,OPEN,21218.317,Home Goods & Decor - Home Goods - Kitchen / Housewares | Home Goods & Decor - Home Goods | Home Goods & Decor,"McGill High Speed 4-Barrel Coin Changer- Works,Coi",https://hibid.com/lot/322874089
341,322874090,185129,0.0,0,0,6,OPEN,21228.313,Antiques & Collectibles - Collectibles - Kitchen / Home | Antiques & Collectibles - Collectibles | Antiques & Collectibles,Kids China Tea Set By Meito China Cream W/Gold Ton,https://hibid.com/lot/322874090
342,322874091,185130,3.0,0,2,6,OPEN,21238.309999999998,Antiques & Collectibles - Collectibles - Figurines | Antiques & Collectibles - Collectibles | Antiques & Collectibles,"Ceramic Banks(2), Ceramic Figurines, Cruet",https://hibid.com/lot/322874091
343,322874092,185131,0.0,0,0,7,OPEN,21248.307,Construction & Farm - Shop / Warehouse - Electrical | Construction & Farm - Shop / Warehouse | Construction & Farm,White Multi-Outlet Power Strips and Surge Protecto,https://hibid.com/lot/322874092
344,322874093,185132,3.0,0,2,16,OPEN,21258.303,Construction & Farm - Shop / Warehouse - Electrical | Construction & Farm - Shop / Warehouse | Construction & Farm,"ASUS Wireless Router, Extension Cords, Mini Radio",https://hibid.com/lot/322874093
345,322874094,185133,0.0,0,0,8,OPEN,21268.3,Home Goods & Decor - Home Goods - Lighting - Fixtures / Sconces | Home Goods & Decor - Home Goods - Lighting | Home Goods & Decor - Home Goods | Home Goods & Decor,Metal Wall Decor- Brass Toned Spray Of Ivy(2),https://hibid.com/lot/322874094
346,322874095,185134,9.0,0,4,10,OPEN,21278.297,Home Goods & Decor - Home Goods - Kitchen / Housewares | Home Goods & Decor - Home Goods | Home Goods & Decor,Wooden Smoking Stand Set W/Glass Ashtray,https://hibid.com/lot/322874095
347,322874096,185135,0.0,0,0,5,OPEN,21288.292999999998,Home Goods & Decor - Home Goods - Lighting - Lamps | Home Goods & Decor - Home Goods - Lighting | Home Goods & Decor - Home Goods | Home Goods & Decor,Floor/Reading Lamp Metallic Finish Flexible Upper,https://hibid.com/lot/322874096
348,322874097,185136,12.0,0,7,14,OPEN,21298.289999999997,Furniture - Cabinets | Furniture,"Wooden Wall-Hanging Curio Cabinet, 3-Tier Tea Cup",https://hibid.com/lot/322874097
349,322874098,185137,3.0,0,2,12,OPEN,21308.289999999997,Home Goods & Decor - Home Goods - Kitchen / Housewares | Home Goods & Decor - Home Goods | Home Goods & Decor,"Rubbermaid Storage Drawers, Basket",https://hibid.com/lot/322874098
350,322874099,185138,25.0,0,13,9,OPEN,21318.287,Furniture - Trunks / Chests | Furniture,Small Wooden Storage Chest Dome Top Drawer Insert,https://hibid.com/lot/322874099
351,322874100,185139,2.0,0,1,5,OPEN,21328.28,Home Goods & Decor - Home Goods - Kitchen / Housewares | Home Goods & Decor - Home Goods | Home Goods & Decor,"1970 Libbey Apollo 13 ""Safe Return"" Glasses (4)",https://hibid.com/lot/322874100
352,322874101,185140,3.0,0,2,9,OPEN,21338.277,Antiques & Collectibles - Collectibles - Kitchen / Home | Antiques & Collectibles - Collectibles | Antiques & Collectibles,Avon Wild Country- Wild Turkey & Quail Decanters,https://hibid.com/lot/322874101
353,322874102,185141,3.0,0,2,6,OPEN,21348.272999999997,Antiques & Collectibles - Collectibles - Figurines | Antiques & Collectibles - Collectibles | Antiques & Collectibles,Ceramic Dutch Boy & Girl Kissing Figurines,https://hibid.com/lot/322874102
354,322874103,185142,3.0,0,2,6,OPEN,21358.27,Antiques & Collectibles - Collectibles - Figurines | Antiques & Collectibles - Collectibles | Antiques & Collectibles,Walt Disney Mickey & Minnie Mouse Figurines,https://hibid.com/lot/322874103
355,322874104,185143,2.0,0,1,22,OPEN,21368.267,Antiques & Collectibles - Collectibles - Figurines | Antiques & Collectibles - Collectibles | Antiques & Collectibles,"Ceramic Cat & Dog Figurines, Ceramic Peacock Figur",https://hibid.com/lot/322874104
356,322874105,185144,0.0,0,0,18,OPEN,21378.263,Antiques & Collectibles - Collectibles - Figurines | Antiques & Collectibles - Collectibles | Antiques & Collectibles,"Hobo Clown Figurine, Bird Figurine, Salt & Pepper",https://hibid.com/lot/322874105
357,322874106,185145,2.0,0,1,6,OPEN,21388.256999999998,Toys - Action Figures | Toys,Wacky Bobbleheads- Austin Powers & Dr. Evil,https://hibid.com/lot/322874106
358,322874107,185146,0.0,0,0,6,OPEN,21398.253,Antiques & Collectibles - Collectibles - Figurines | Antiques & Collectibles - Collectibles | Antiques & Collectibles,Ceramic Flower Fairy Figurines (2),https://hibid.com/lot/322874107
359,322874108,185147,2.0,0,1,9,OPEN,21408.25,Antiques & Collectibles - Collectibles - Figurines | Antiques & Collectibles - Collectibles | Antiques & Collectibles,Ceramic Cow & Calf Figurines,https://hibid.com/lot/322874108
360,322874109,185148,0.0,0,0,21,OPEN,21418.247,Antiques & Collectibles - Collectibles - Figurines | Antiques & Collectibles - Collectibles | Antiques & Collectibles,"Harvest -Themed Elderly Farmer Couple Figurines, B",https://hibid.com/lot/322874109
361,322874110,185149,2.0,0,1,13,OPEN,21428.243,Antiques & Collectibles - Collectibles - Figurines | Antiques & Collectibles - Collectibles | Antiques & Collectibles,"Bisque Porcelain Figurines, Farmer Couple, Romanti",https://hibid.com/lot/322874110
362,322874111,185150,0.0,0,0,26,OPEN,21438.236999999997,Antiques & Collectibles - Collectibles - Figurines | Antiques & Collectibles - Collectibles | Antiques & Collectibles,Hand Painted Ceramic & Bisque Figurines Elderly P,https://hibid.com/lot/322874111
363,322874112,185151,0.0,0,0,37,OPEN,21448.233,Antiques & Collectibles - Collectibles - Figurines | Antiques & Collectibles - Collectibles | Antiques & Collectibles,Figurines Depicting Elderly Rural Folk In Various,https://hibid.com/lot/322874112
364,322874113,185152,0.0,0,0,23,OPEN,21458.23,Antiques & Collectibles - Collectibles - Figurines | Antiques & Collectibles - Collectibles | Antiques & Collectibles,"Porcelain Bisque Music Box, Elderly Couple In Rock",https://hibid.com/lot/322874113
365,322874114,185153,12.0,0,6,10,OPEN,21468.227,Home Goods & Decor - Home Goods - Clocks | Home Goods & Decor - Home Goods | Home Goods & Decor,United Self Starting Brass Horse with Clock,https://hibid.com/lot/322874114
366,322874115,185154,2.0,0,1,11,OPEN,21478.219999999998,Home Goods & Decor - Home Goods - Clocks | Home Goods & Decor - Home Goods | Home Goods & Decor,Lava 31-Day Mantel Clock,https://hibid.com/lot/322874115
367,322874116,185155,5.0,0,4,16,OPEN,21488.217,Home Goods & Decor - Home Goods - Kitchen / Housewares | Home Goods & Decor - Home Goods | Home Goods & Decor,"United Self Starting Horse Clock, Fan,",https://hibid.com/lot/322874116
368,322874117,185156,3.0,0,2,5,OPEN,21498.213,Home Goods & Decor - Home Goods - Clocks | Home Goods & Decor - Home Goods | Home Goods & Decor,Porcelain Cow Clock,https://hibid.com/lot/322874117
369,322874118,185157,2.0,0,1,10,OPEN,21508.21,Antiques & Collectibles - Antiques - Clocks - Wall | Antiques & Collectibles - Antiques - Clocks | Antiques & Collectibles - Antiques | Antiques & Collectibles,"Howard Miller Wall Clock, Heart Wall Self/Sconce",https://hibid.com/lot/322874118
370,322874119,185158,2.0,0,1,7,OPEN,21518.21,Home Goods & Decor - Home Goods - Clocks | Home Goods & Decor - Home Goods | Home Goods & Decor,Clock Parts,https://hibid.com/lot/322874119
371,322874120,185159,5.0,0,5,20,OPEN,21528.202999999998,Home Goods & Decor - Home Goods - Clocks | Home Goods & Decor - Home Goods | Home Goods & Decor,Chime Mantel Clock,https://hibid.com/lot/322874120
372,322874121,185160,0.0,0,0,12,OPEN,21538.2,Antiques & Collectibles - Antiques - Clocks - Wall | Antiques & Collectibles - Antiques - Clocks | Antiques & Collectibles - Antiques | Antiques & Collectibles,Wooden Mechanical Chime Clock Shelf/Wall,https://hibid.com/lot/322874121
373,322874122,185161,3.0,0,2,7,OPEN,21548.2,Antiques & Collectibles - Antiques - Clocks - Wall | Antiques & Collectibles - Antiques - Clocks | Antiques & Collectibles - Antiques | Antiques & Collectibles,Wooden Mechanical Mantel/Shelf Clock W/Pendulum,https://hibid.com/lot/322874122
374,322874123,185162,4.0,0,2,10,OPEN,21558.193,Home Goods & Decor - Home Goods - Clocks | Home Goods & Decor - Home Goods | Home Goods & Decor,31-Day Wind-Up Mantel Clock,https://hibid.com/lot/322874123
375,322874124,185163,3.0,0,2,11,OPEN,21568.19,Home Goods & Decor - Home Goods - Clocks | Home Goods & Decor - Home Goods | Home Goods & Decor,Alaron 31-Day Mantel Clock,https://hibid.com/lot/322874124
376,322874125,185164,6.0,0,4,11,OPEN,21578.186999999998,Antiques & Collectibles - Antiques - Clocks - Mantle | Antiques & Collectibles - Antiques - Clocks | Antiques & Collectibles - Antiques | Antiques & Collectibles,Gingerbread Style Mantel Clock,https://hibid.com/lot/322874125
377,322874126,185165,2.0,0,2,11,OPEN,21588.182999999997,Home Goods & Decor - Home Goods - Clocks | Home Goods & Decor - Home Goods | Home Goods & Decor,Mantel ClockBlack Wooden Case W/Faux Red Marble Co,https://hibid.com/lot/322874126
378,322874127,185166,6.0,0,4,12,OPEN,21598.18,Home Goods & Decor - Home Goods - Clocks | Home Goods & Decor - Home Goods | Home Goods & Decor,Mantel Clock Ebonized Finish Decorative Pillars,https://hibid.com/lot/322874127
379,322874128,185167,5.0,0,4,11,OPEN,21608.177,Antiques & Collectibles - Antiques - Clocks - Mantle | Antiques & Collectibles - Antiques - Clocks | Antiques & Collectibles - Antiques | Antiques & Collectibles,United Clock Black Electric Mantle Clock,https://hibid.com/lot/322874128
380,322874129,185168,2.0,0,1,10,OPEN,21618.173,Home Goods & Decor - Home Goods - Clocks | Home Goods & Decor - Home Goods | Home Goods & Decor,Ebonized Wood Mantel Clock-Pillars Need Repair,https://hibid.com/lot/322874129
381,322874130,185169,2.0,0,1,13,OPEN,21628.17,Home Goods & Decor - Home Goods - Clocks | Home Goods & Decor - Home Goods | Home Goods & Decor,Zeno 31-Day Mantel Clock,https://hibid.com/lot/322874130
382,322874131,185170,4.0,0,4,11,OPEN,21638.166999999998,Home Goods & Decor - Home Goods - Clocks | Home Goods & Decor - Home Goods | Home Goods & Decor,Seth Thomas Mantel Clock,https://hibid.com/lot/322874131
383,322874132,185171,3.0,0,2,12,OPEN,21648.16,Home Goods & Decor - Home Goods - Clocks | Home Goods & Decor - Home Goods | Home Goods & Decor,Session Mantel Clock,https://hibid.com/lot/322874132
384,322874133,185172,5.0,0,5,11,OPEN,21658.16,Antiques & Collectibles - Antiques - Clocks - Mantle | Antiques & Collectibles - Antiques - Clocks | Antiques & Collectibles - Antiques | Antiques & Collectibles,D&A Quartz Westminster Chime Mantel Clock,https://hibid.com/lot/322874133
385,322874134,185173,0.0,0,0,7,OPEN,21668.157,Home Goods & Decor - Home Goods - Clocks | Home Goods & Decor - Home Goods | Home Goods & Decor,Wooden Florida State Shape Clock,https://hibid.com/lot/322874134
386,322874135,185174,5.0,0,4,8,OPEN,21678.153,Home Goods & Decor - Home Goods - Clocks | Home Goods & Decor - Home Goods | Home Goods & Decor,German 400-Day Clock,https://hibid.com/lot/322874135
387,322874136,185175,4.0,0,3,9,OPEN,21688.149999999998,Antiques & Collectibles - Antiques - Clocks - Mantle | Antiques & Collectibles - Antiques - Clocks | Antiques & Collectibles - Antiques | Antiques & Collectibles,Mindi Brass Mantel Clock,https://hibid.com/lot/322874136
388,322874137,185176,26.0,0,11,9,OPEN,21698.14,Home Goods & Decor - Home Goods - Clocks | Home Goods & Decor - Home Goods | Home Goods & Decor,1950-60’s Jefferson Golden Hour Clock,https://hibid.com/lot/322874137
389,322874138,185177,5.0,0,5,10,OPEN,21708.137,Home Goods & Decor - Home Goods - Clocks | Home Goods & Decor - Home Goods | Home Goods & Decor,Copper United Carriage Mantel Clock,https://hibid.com/lot/322874138
390,322874139,185178,3.0,0,2,8,OPEN,21718.132999999998,Antiques & Collectibles - Antiques - Clocks - Wall | Antiques & Collectibles - Antiques - Clocks | Antiques & Collectibles - Antiques | Antiques & Collectibles,Waltham 31-Day Wind-Uo Wall Clock,https://hibid.com/lot/322874139
391,322874140,185179,3.0,0,2,10,OPEN,21728.129999999997,Home Goods & Decor - Home Goods - Kitchen / Housewares | Home Goods & Decor - Home Goods | Home Goods & Decor,D&A Regulator Wall Mantel,https://hibid.com/lot/322874140
392,322874141,185180,5.0,0,3,12,OPEN,21738.127,Antiques & Collectibles - Antiques - Clocks - Wall | Antiques & Collectibles - Antiques - Clocks | Antiques & Collectibles - Antiques | Antiques & Collectibles,New Haven 8-Day Wind-Up Wall Clock,https://hibid.com/lot/322874141
393,322874142,185181,2.0,0,1,6,OPEN,21748.123,Home Goods & Decor - Home Goods - Clocks | Home Goods & Decor - Home Goods | Home Goods & Decor,Rooster Wall clock,https://hibid.com/lot/322874142
394,322874143,185182,6.0,0,5,7,OPEN,21756.873,Home Goods & Decor - Home Goods - Clocks | Home Goods & Decor - Home Goods | Home Goods & Decor,Daniel Dakota Quartz Wall Clock,https://hibid.com/lot/322874143
395,322874144,185184,4.0,0,3,5,OPEN,21766.87,Home Goods & Decor - Home Goods - Clocks | Home Goods & Decor - Home Goods | Home Goods & Decor,Ingraham Quartz Wall Clock,https://hibid.com/lot/322874144
396,322874145,185185,3.0,0,2,7,OPEN,21776.87,Home Goods & Decor - Home Goods - Clocks | Home Goods & Decor - Home Goods | Home Goods & Decor,Daniel Dakota Regulator Wall Clock,https://hibid.com/lot/322874145
397,322874146,185186,3.0,0,2,13,OPEN,21786.862999999998,Home Goods & Decor - Home Goods - Kitchen / Housewares | Home Goods & Decor - Home Goods | Home Goods & Decor,Elgin Regular Wall Mantel,https://hibid.com/lot/322874146
398,322874147,185187,0.0,0,0,7,OPEN,21796.86,Home Goods & Decor - Home Goods - Clocks | Home Goods & Decor - Home Goods | Home Goods & Decor,Rectangle Mantel Clock,https://hibid.com/lot/322874147
399,322874148,185188,2.0,0,1,6,OPEN,21806.86,Home Goods & Decor - Home Goods - Clocks | Home Goods & Decor - Home Goods | Home Goods & Decor,Elgin Regulator Westminster Chime Quartz Wall,https://hibid.com/lot/322874148
400,322874149,185189,3.0,0,2,10,OPEN,21816.853,Home Goods & Decor - Home Goods - Clocks | Home Goods & Decor - Home Goods | Home Goods & Decor,Xenon 31 Day Mechanical Wind-Up Clock,https://hibid.com/lot/322874149
401,322874150,185190,6.0,0,3,8,OPEN,21826.85,Home Goods & Decor - Home Goods - Clocks | Home Goods & Decor - Home Goods | Home Goods & Decor,"Wall Clocks, Live Laugh Love & Bird Songs",https://hibid.com/lot/322874150
402,322874151,185191,2.0,0,1,10,OPEN,21836.846999999998,Antiques & Collectibles - Antiques - Clocks - Wall | Antiques & Collectibles - Antiques - Clocks | Antiques & Collectibles - Antiques | Antiques & Collectibles,"Plastic Trivet Clock , Mid Century Wall Clock",https://hibid.com/lot/322874151
403,322874152,185192,5.0,0,3,11,OPEN,21846.843,Antiques & Collectibles - Antiques - Clocks - Cuckoo | Antiques & Collectibles - Antiques - Clocks | Antiques & Collectibles - Antiques | Antiques & Collectibles,German Black Forest Cuckoo Clock,https://hibid.com/lot/322874152
404,322874153,185193,12.0,0,8,11,OPEN,21856.84,Antiques & Collectibles - Antiques - Clocks - Cuckoo | Antiques & Collectibles - Antiques - Clocks | Antiques & Collectibles - Antiques | Antiques & Collectibles,German Black Forest Cuckoo Clock,https://hibid.com/lot/322874153
405,322874154,185194,13.0,0,6,13,OPEN,21866.837,Antiques & Collectibles - Antiques - Clocks - Cuckoo | Antiques & Collectibles - Antiques - Clocks | Antiques & Collectibles - Antiques | Antiques & Collectibles,German Black Forest Cuckoo Clock,https://hibid.com/lot/322874154
406,322874155,185195,12.0,0,4,11,OPEN,21876.833,Antiques & Collectibles - Antiques - Clocks - Cuckoo | Antiques & Collectibles - Antiques - Clocks | Antiques & Collectibles - Antiques | Antiques & Collectibles,German Black Forest Cuckoo Clock,https://hibid.com/lot/322874155
407,322874156,185196,7.0,0,5,18,OPEN,21886.829999999998,Antiques & Collectibles - Antiques - Clocks - Cuckoo | Antiques & Collectibles - Antiques - Clocks | Antiques & Collectibles - Antiques | Antiques & Collectibles,German Black Forest Cuckoo Clock,https://hibid.com/lot/322874156
408,322874157,185197,6.0,0,3,16,OPEN,21896.826999999997,Home Goods & Decor - Home Goods - Clocks | Home Goods & Decor - Home Goods | Home Goods & Decor,Swiss CouCou Clock,https://hibid.com/lot/322874157
409,322874158,185198,2.0,0,1,7,OPEN,21906.823,Home Goods & Decor - Home Goods - Clocks | Home Goods & Decor - Home Goods | Home Goods & Decor,70’s Cypress Live Edge Wood Clock,https://hibid.com/lot/322874158
410,322874159,185199,11.0,0,2,20,OPEN,21916.82,Antiques & Collectibles - Collectibles - Decorative - Bowls | Antiques & Collectibles - Collectibles - Decorative | Antiques & Collectibles - Collectibles | Antiques & Collectibles,"Carnival Blue Turquoise bowl, compote.",https://hibid.com/lot/322874159
411,322874160,185200,13.0,0,5,19,OPEN,21926.813,Antiques & Collectibles - Collectibles - Kitchen / Home | Antiques & Collectibles - Collectibles | Antiques & Collectibles,"Carnival Blue Turquoise Glass, Sugar and creamer",https://hibid.com/lot/322874160
412,322874161,185201,56.0,0,6,10,OPEN,21936.813,Antiques & Collectibles - Collectibles - Pitchers / Decanters | Antiques & Collectibles - Collectibles | Antiques & Collectibles,"Carnival Glass Blue Turquoise pitcher, 12 goblets",https://hibid.com/lot/322874161
413,322874162,185202,2.0,0,1,11,OPEN,21946.809999999998,Antiques & Collectibles - Collectibles - Pitchers / Decanters | Antiques & Collectibles - Collectibles | Antiques & Collectibles,Le Smith Valtec Tree Star Amethyst Pitcher,https://hibid.com/lot/322874162
414,322874163,185203,2.0,0,1,16,OPEN,21956.803,Antiques & Collectibles - Collectibles - Kitchen / Home | Antiques & Collectibles - Collectibles | Antiques & Collectibles,Imperial Carnival Glass Beaded Block Marigold Oval,https://hibid.com/lot/322874163
415,322874164,185204,3.0,0,2,16,OPEN,21966.8,Antiques & Collectibles - Collectibles - Kitchen / Home | Antiques & Collectibles - Collectibles | Antiques & Collectibles,"Carnival glass, Large grape clusters containing",https://hibid.com/lot/322874164
416,322874165,185205,11.0,0,4,12,OPEN,21976.797,Antiques & Collectibles - Collectibles - Kitchen / Home | Antiques & Collectibles - Collectibles | Antiques & Collectibles,Anchor Hocking Jeanette Glass Optic Marigold glass,https://hibid.com/lot/322874165
417,322874166,185206,0.0,0,0,10,OPEN,21986.797,Home Goods & Decor - Home Goods - Kitchen / Housewares | Home Goods & Decor - Home Goods | Home Goods & Decor,Jeanette Glass Anniversary pattern,https://hibid.com/lot/322874166
418,322874167,185207,18.0,0,10,11,OPEN,21996.792999999998,Antiques & Collectibles - Collectibles - Decorative - Bowls | Antiques & Collectibles - Collectibles - Decorative | Antiques & Collectibles - Collectibles | Antiques & Collectibles,Orange and Amethyst Carnival Glass Bowl,https://hibid.com/lot/322874167
419,322874168,185208,15.0,0,3,23,OPEN,22006.789999999997,Antiques & Collectibles - Collectibles - Kitchen / Home | Antiques & Collectibles - Collectibles | Antiques & Collectibles,Fenton Black Amethyst Carnival Glass Marie C,https://hibid.com/lot/322874168
420,322874169,185209,20.0,0,8,5,OPEN,22016.787,Antiques & Collectibles - Collectibles - Blue Glass | Antiques & Collectibles - Collectibles | Antiques & Collectibles,Indiana Glass Iridescent Blue Grape Canister,https://hibid.com/lot/322874169
421,322874170,185210,0.0,0,0,8,OPEN,22026.783,Antiques & Collectibles - Collectibles - Kitchen / Home | Antiques & Collectibles - Collectibles | Antiques & Collectibles,Marigold Pattern Iridescent Ashtrays,https://hibid.com/lot/322874170
422,322874171,185211,2.0,0,1,5,OPEN,22036.78,Antiques & Collectibles - Collectibles - Kitchen / Home | Antiques & Collectibles - Collectibles | Antiques & Collectibles,Indiana Glass Marigold Iridescent Grape Goblets,https://hibid.com/lot/322874171
423,322874172,185212,2.0,0,1,16,OPEN,22046.777,Art - Glass Art | Art,Imperial Glass Iridescent Orange Rose Luster Bowl,https://hibid.com/lot/322874172
424,322874173,185213,3.0,0,3,11,OPEN,22056.772999999997,Antiques & Collectibles - Collectibles - Kitchen / Home | Antiques & Collectibles - Collectibles | Antiques & Collectibles,EPAG Imperial Carnival Iridescent Marigold base,https://hibid.com/lot/322874173
425,322874174,185214,16.0,0,5,11,OPEN,22066.77,Antiques & Collectibles - Collectibles - Pitchers / Decanters | Antiques & Collectibles - Collectibles | Antiques & Collectibles,Indiana Carnival Glass Colony Harvest Iridescent,https://hibid.com/lot/322874174
426,322874175,185215,2.0,0,1,10,OPEN,22076.767,Antiques & Collectibles - Collectibles - Kitchen / Home | Antiques & Collectibles - Collectibles | Antiques & Collectibles,Marigold Blackberry Spray Carnival Glass Ruffle,https://hibid.com/lot/322874175
427,322874176,185216,2.0,0,1,7,OPEN,22086.763,Antiques & Collectibles - Collectibles - Decorative - Vases / Jars | Antiques & Collectibles - Collectibles - Decorative | Antiques & Collectibles - Collectibles | Antiques & Collectibles,Liberty Bell Jar Bicentennial Limited Issue,https://hibid.com/lot/322874176
428,322874177,185217,2.0,0,1,13,OPEN,22096.76,Antiques & Collectibles - Collectibles - Decorative - Bowls | Antiques & Collectibles - Collectibles - Decorative | Antiques & Collectibles - Collectibles | Antiques & Collectibles,Imperial Glass Marigold Rose Pattern Fluted Bowl,https://hibid.com/lot/322874177
429,322874178,185218,0.0,0,0,9,OPEN,22106.756999999998,Antiques & Collectibles - Collectibles - Kitchen / Home | Antiques & Collectibles - Collectibles | Antiques & Collectibles,Jeanette Glass Orange Iris Pattern fluted bowls,https://hibid.com/lot/322874178
430,322874179,185219,4.0,0,3,13,OPEN,22116.753,Antiques & Collectibles - Collectibles - Kitchen / Home | Antiques & Collectibles - Collectibles | Antiques & Collectibles,Amber orange Whirling star small compote,https://hibid.com/lot/322874179
431,322874180,185220,2.0,0,1,17,OPEN,22126.75,Antiques & Collectibles - Collectibles - Kitchen / Home | Antiques & Collectibles - Collectibles | Antiques & Collectibles,Marigold Iridescent Carnival leaf dish with 2,https://hibid.com/lot/322874180
432,322874181,185221,4.0,0,2,10,OPEN,22136.747,Antiques & Collectibles - Collectibles - Pitchers / Decanters | Antiques & Collectibles - Collectibles | Antiques & Collectibles,Indiana Glass Iridescent Marigold Pitcher,https://hibid.com/lot/322874181
433,322874182,185222,31.0,0,10,12,OPEN,22146.743,Antiques & Collectibles - Collectibles - Glassware / Kitchenware | Antiques & Collectibles - Collectibles | Antiques & Collectibles,Indiana Glass Marigold Kings Crown Compotes,https://hibid.com/lot/322874182
434,322874183,185223,12.0,0,7,13,OPEN,22156.739999999998,Home Goods & Decor - Home Goods - Kitchen / Housewares | Home Goods & Decor - Home Goods | Home Goods & Decor,Anchor Hocking White Milk Glass gold rimmed,https://hibid.com/lot/322874183
435,322874184,185224,21.0,0,6,18,OPEN,22166.736999999997,Home Goods & Decor - Home Goods - Kitchen / Housewares | Home Goods & Decor - Home Goods | Home Goods & Decor,White Enamel Refrigerator containers glass lids,https://hibid.com/lot/322874184
436,322874185,185225,0.0,0,0,6,OPEN,22176.733,Antiques & Collectibles - Collectibles - Kitchen / Home | Antiques & Collectibles - Collectibles | Antiques & Collectibles,Federal Milk Glass Tall Coffee mugs or Beer,https://hibid.com/lot/322874185
437,322874186,185226,0.0,0,0,8,OPEN,22186.73,Antiques & Collectibles - Collectibles - Kitchen / Home | Antiques & Collectibles - Collectibles | Antiques & Collectibles,Anchor Hocking Fire King Sugar and Creamer set,https://hibid.com/lot/322874186
438,322874187,185227,3.0,0,2,5,OPEN,22196.73,Antiques & Collectibles - Collectibles - Kitchen / Home | Antiques & Collectibles - Collectibles | Antiques & Collectibles,Fenton Milk glass Silver Rimmed and Handled,https://hibid.com/lot/322874187
439,322874188,185228,25.0,0,5,10,OPEN,22206.722999999998,Antiques & Collectibles - Collectibles - Kitchen / Home | Antiques & Collectibles - Collectibles | Antiques & Collectibles,FENTON Silver Crest Basket Milk Glass Ruffle,https://hibid.com/lot/322874188
440,322874189,185229,19.0,0,5,10,OPEN,22216.719999999998,Antiques & Collectibles - Collectibles - Kitchen / Home | Antiques & Collectibles - Collectibles | Antiques & Collectibles,Fenton Silver Crested Milk glass ruffled bowl,https://hibid.com/lot/322874189
441,322874190,185230,11.0,0,5,6,OPEN,22226.717,Antiques & Collectibles - Collectibles - Kitchen / Home | Antiques & Collectibles - Collectibles | Antiques & Collectibles,Federal Glass iridescent milk glass beer steins,https://hibid.com/lot/322874190
442,322874191,185231,0.0,0,0,12,OPEN,22236.713,Home Goods & Decor - Home Goods - Kitchen / Housewares | Home Goods & Decor - Home Goods | Home Goods & Decor,Cornucopia Milk White Glass Serving Dish,https://hibid.com/lot/322874191
443,322874192,185232,2.0,0,1,12,OPEN,22246.71,Antiques & Collectibles - Collectibles - Kitchen / Home | Antiques & Collectibles - Collectibles | Antiques & Collectibles,Westmoreland Milk glass Berries lidded candy dish,https://hibid.com/lot/322874192
444,322874193,185233,0.0,0,0,10,OPEN,22256.707,Antiques & Collectibles - Collectibles - Decorative - Vases / Jars | Antiques & Collectibles - Collectibles - Decorative | Antiques & Collectibles - Collectibles | Antiques & Collectibles,Anchor Hocking Milk Glass Pearl and Teardrop vase,https://hibid.com/lot/322874193
445,322874194,185234,2.0,0,1,14,OPEN,22266.7,Antiques & Collectibles - Collectibles - Kitchen / Home | Antiques & Collectibles - Collectibles | Antiques & Collectibles,Pink Depression Glass Ware,https://hibid.com/lot/322874194
446,322874195,185235,0.0,0,0,8,OPEN,22276.7,Antiques & Collectibles - Collectibles - Kitchen / Home | Antiques & Collectibles - Collectibles | Antiques & Collectibles,Pink depression Glass Etched small compote bowl,https://hibid.com/lot/322874195
447,322874196,185236,2.0,0,1,14,OPEN,22286.697,Antiques & Collectibles - Collectibles - Glassware / Kitchenware | Antiques & Collectibles - Collectibles | Antiques & Collectibles,Indiana Frosted Pink Satin Umbrella trinket bowl,https://hibid.com/lot/322874196
448,322874197,185237,2.0,0,1,10,OPEN,22296.69,Antiques & Collectibles - Collectibles - Kitchen / Home | Antiques & Collectibles - Collectibles | Antiques & Collectibles,"Pink Depression Glass, Open Floral open candy",https://hibid.com/lot/322874197
449,322874198,185238,24.0,0,12,6,OPEN,22306.69,Antiques & Collectibles - Collectibles - Kitchen / Home | Antiques & Collectibles - Collectibles | Antiques & Collectibles,Vintage Uranium Hand mixer era 1920’s,https://hibid.com/lot/322874198
450,322874199,185239,8.0,0,7,6,OPEN,22316.686999999998,Antiques & Collectibles - Collectibles - Salt and Pepper Shakers | Antiques & Collectibles - Collectibles | Antiques & Collectibles,Green Jadeite Depression Style Glass Salt &,https://hibid.com/lot/322874199
451,322874200,185240,8.0,0,6,11,OPEN,22326.682999999997,Antiques & Collectibles - Collectibles - Kitchen / Home | Antiques & Collectibles - Collectibles | Antiques & Collectibles,Hazel Atlas Old Florentine #1 dinner plate,https://hibid.com/lot/322874200
452,322874201,185241,11.0,0,4,9,OPEN,22336.68,Antiques & Collectibles - Collectibles - Kitchen / Home | Antiques & Collectibles - Collectibles | Antiques & Collectibles,Federal Glass Uranium Georgian Lovebirds,https://hibid.com/lot/322874201
453,322874202,185242,3.0,0,2,7,OPEN,22346.677,Antiques & Collectibles - Collectibles - Kitchen / Home | Antiques & Collectibles - Collectibles | Antiques & Collectibles,Fire King Jadite Plate and (3) coffee cup saucers,https://hibid.com/lot/322874202
454,322874203,185243,12.0,0,6,8,OPEN,22356.673,Antiques & Collectibles - Collectibles - Kitchen / Home | Antiques & Collectibles - Collectibles | Antiques & Collectibles,"Antique Uranium Hand Juicer, (2) Sherbert dishes",https://hibid.com/lot/322874203
455,322874204,185244,2.0,0,1,8,OPEN,22366.67,Antiques & Collectibles - Collectibles - Decorative - Plates | Antiques & Collectibles - Collectibles - Decorative | Antiques & Collectibles - Collectibles | Antiques & Collectibles,"Uranium plates, two are 2 handled, one etched",https://hibid.com/lot/322874204
456,322874205,185245,2.0,0,1,8,OPEN,22376.666999999998,Home Goods & Decor - Home Goods - Kitchen / Housewares | Home Goods & Decor - Home Goods | Home Goods & Decor,"Uranium swirled plate, (3) coffee coffee cups",https://hibid.com/lot/322874205
457,322874206,185246,7.0,0,3,11,OPEN,22386.663,Antiques & Collectibles - Collectibles - Kitchen / Home | Antiques & Collectibles - Collectibles | Antiques & Collectibles,"Hazel Atlas Uranium bowl, Sherbet bowl, cup",https://hibid.com/lot/322874206
458,322874207,185247,25.0,0,10,8,OPEN,22396.66,Antiques & Collectibles - Collectibles - Kitchen / Home | Antiques & Collectibles - Collectibles | Antiques & Collectibles,Uranium Hazel Atlas Refrigerator dishes lidded,https://hibid.com/lot/322874207
459,322874208,185248,4.0,0,4,5,OPEN,22406.657,Antiques & Collectibles - Collectibles - Kitchen / Home | Antiques & Collectibles - Collectibles | Antiques & Collectibles,Ceramic Hen on a nest Soup Tureen no handle,https://hibid.com/lot/322874208
460,322874209,185249,52.0,0,15,8,OPEN,22416.653,Antiques & Collectibles - Collectibles - Decorative - Bowls | Antiques & Collectibles - Collectibles - Decorative | Antiques & Collectibles - Collectibles | Antiques & Collectibles,Indiana glass Green Chicken on nest bowl,https://hibid.com/lot/322874209
461,322874210,185250,10.0,0,7,12,OPEN,22426.649999999998,Antiques & Collectibles - Collectibles - Kitchen / Home | Antiques & Collectibles - Collectibles | Antiques & Collectibles,White Milk Glass Chicken on nest candy dish,https://hibid.com/lot/322874210
462,322874211,185251,36.0,0,13,8,OPEN,22436.646999999997,Antiques & Collectibles - Collectibles - Kitchen / Home | Antiques & Collectibles - Collectibles | Antiques & Collectibles,Fenton basket base with nesting Chicken,https://hibid.com/lot/322874211
463,322874212,185252,56.0,0,18,8,OPEN,22446.643,Antiques & Collectibles - Collectibles - Kitchen / Home | Antiques & Collectibles - Collectibles | Antiques & Collectibles,Carnival Glass Turquoise Blue Nesting Chicken,https://hibid.com/lot/322874212
464,322874213,185253,60.0,0,18,7,OPEN,22456.64,Antiques & Collectibles - Collectibles - Kitchen / Home | Antiques & Collectibles - Collectibles | Antiques & Collectibles,Carnival glass Iridescent Marigold Nesting Chicken,https://hibid.com/lot/322874213
465,322874214,185254,34.0,0,19,13,OPEN,22466.637,Antiques & Collectibles - Collectibles - Kitchen / Home | Antiques & Collectibles - Collectibles | Antiques & Collectibles,Degenhart Marine Blue Mini Hen On Nest,https://hibid.com/lot/322874214
466,322874215,185255,2.0,0,1,11,OPEN,22476.632999999998,Antiques & Collectibles - Collectibles - Blue Glass | Antiques & Collectibles - Collectibles | Antiques & Collectibles,Fenton Colonial Blue Glass Ruffled Thumbprint,https://hibid.com/lot/322874215
467,322874216,185256,14.0,0,6,9,OPEN,22486.629999999997,Antiques & Collectibles - Collectibles - Blue Glass | Antiques & Collectibles - Collectibles | Antiques & Collectibles,Iridescent Blue Carnival Glass Indiana Grape,https://hibid.com/lot/322874216
468,322874217,185257,3.0,0,2,6,OPEN,22496.627,Antiques & Collectibles - Collectibles - Decorative - Vases / Jars | Antiques & Collectibles - Collectibles - Decorative | Antiques & Collectibles - Collectibles | Antiques & Collectibles,Dresdens Cornucopia vase,https://hibid.com/lot/322874217
469,322874218,185258,12.0,0,6,15,OPEN,22506.623,Antiques & Collectibles - Collectibles - Kitchen / Home | Antiques & Collectibles - Collectibles | Antiques & Collectibles,Fenton Milk Glass Cat Face Slupper,https://hibid.com/lot/322874218
470,322874219,185259,10.0,0,5,13,OPEN,22516.62,Antiques & Collectibles - Collectibles - Kitchen / Home | Antiques & Collectibles - Collectibles | Antiques & Collectibles,"Fenton Amber Gold Slippers (2) , Amber Slipper",https://hibid.com/lot/322874219
471,322874220,185260,10.0,0,5,10,OPEN,22526.617,Antiques & Collectibles - Collectibles - Kitchen / Home | Antiques & Collectibles - Collectibles | Antiques & Collectibles,"Green Fenton Glass Shoe Daisy and Button, and Boot",https://hibid.com/lot/322874220
472,322874221,185261,65.0,0,20,5,OPEN,22536.612999999998,Home Goods & Decor - Home Goods - Lighting - Lamps | Home Goods & Decor - Home Goods - Lighting | Home Goods & Decor - Home Goods | Home Goods & Decor,Ruby Red Diamond Point Fairy Lamp,https://hibid.com/lot/322874221
473,322874222,185262,2.0,0,1,11,OPEN,22546.61,Antiques & Collectibles - Collectibles - Kitchen / Home | Antiques & Collectibles - Collectibles | Antiques & Collectibles,Avon Ruby Red Salt and Pepper Shakers,https://hibid.com/lot/322874222
474,322874223,185263,41.0,0,8,6,OPEN,22556.607,Antiques & Collectibles - Collectibles - Kitchen / Home | Antiques & Collectibles - Collectibles | Antiques & Collectibles,1837-1887 GOLDEN AMBER THE QUEENS JUBILEE BUTTER,https://hibid.com/lot/322874223
475,322874224,185264,0.0,0,0,9,OPEN,22566.6,Antiques & Collectibles - Collectibles - Decorative - Bowls | Antiques & Collectibles - Collectibles - Decorative | Antiques & Collectibles - Collectibles | Antiques & Collectibles,"Vintage Red amberina art glass bowl, Red heart",https://hibid.com/lot/322874224
476,322874225,185265,0.0,0,0,12,OPEN,22576.6,Home Goods & Decor - Home Goods - Kitchen / Housewares | Home Goods & Decor - Home Goods | Home Goods & Decor,Tiffin Kings Crown Thumbprint glass plate (1),https://hibid.com/lot/322874225
477,322874226,185266,0.0,0,0,11,OPEN,22586.596999999998,Antiques & Collectibles - Collectibles - Kitchen / Home | Antiques & Collectibles - Collectibles | Antiques & Collectibles,Indiana glass Ruby Red Diamond point goblets (5),https://hibid.com/lot/322874226
478,322874227,185267,2.0,0,1,10,OPEN,22596.59,Antiques & Collectibles - Collectibles - Kitchen / Home | Antiques & Collectibles - Collectibles | Antiques & Collectibles,Green Thumbprint Ruffled compotes (2),https://hibid.com/lot/322874227
479,322874228,185268,6.0,0,4,9,OPEN,22606.59,Antiques & Collectibles - Antiques - Antique Lamps | Antiques & Collectibles - Antiques | Antiques & Collectibles,1960s Miniature Oil Lamp Hong Kong Flash Colors,https://hibid.com/lot/322874228
480,322874229,185269,2.0,0,1,10,OPEN,22616.583,Home Goods & Decor - Home Goods - Kitchen / Housewares | Home Goods & Decor - Home Goods | Home Goods & Decor,"Sunkist Milkglass juicer, (2) Clear Juicers",https://hibid.com/lot/322874229
481,322874230,185270,2.0,0,1,11,OPEN,22626.579999999998,Antiques & Collectibles - Collectibles - Kitchen / Home | Antiques & Collectibles - Collectibles | Antiques & Collectibles,"Homer Laughlin Cream platter, Floral platters",https://hibid.com/lot/322874230
482,322874231,185271,2.0,0,1,15,OPEN,22636.576999999997,Antiques & Collectibles - Collectibles - Kitchen / Home | Antiques & Collectibles - Collectibles | Antiques & Collectibles,Indiana glass green octagon lidded dish,https://hibid.com/lot/322874231
483,322874232,185272,0.0,0,0,11,OPEN,22646.573,Home Goods & Decor - Home Goods - Kitchen / Housewares | Home Goods & Decor - Home Goods | Home Goods & Decor,"Glass platters, Banana Split dishes",https://hibid.com/lot/322874232
484,322874233,185273,0.0,0,0,6,OPEN,22656.57,Home Goods & Decor - Home Goods - Kitchen / Housewares | Home Goods & Decor - Home Goods | Home Goods & Decor,Crystal Diamond Point Decanters and Goblets (6),https://hibid.com/lot/322874233
485,322874234,185274,0.0,0,0,7,OPEN,22666.567,Home Goods & Decor - Home Goods - Kitchen / Housewares | Home Goods & Decor - Home Goods | Home Goods & Decor,Jeannette National Clear Glass 6 Section Relish,https://hibid.com/lot/322874234
486,322874235,185275,0.0,0,0,10,OPEN,22676.563,Antiques & Collectibles - Collectibles - Kitchen / Home | Antiques & Collectibles - Collectibles | Antiques & Collectibles,Jeanette Glass 6 leafed comparts,https://hibid.com/lot/322874235
487,322874236,185276,0.0,0,0,15,OPEN,22686.559999999998,Antiques & Collectibles - Collectibles - Kitchen / Home | Antiques & Collectibles - Collectibles | Antiques & Collectibles,"light green hobnail ceramic jam jar, honey pot",https://hibid.com/lot/322874236
488,322874237,185277,0.0,0,0,10,OPEN,22696.557,Antiques & Collectibles - Collectibles - Decorative - Bowls | Antiques & Collectibles - Collectibles - Decorative | Antiques & Collectibles - Collectibles | Antiques & Collectibles,"Large Crystal bowl, 3 footed diamond point bowl",https://hibid.com/lot/322874237
489,322874238,185278,0.0,0,0,17,OPEN,22706.553,Home Goods & Decor - Home Goods - Kitchen / Housewares | Home Goods & Decor - Home Goods | Home Goods & Decor,"Cut Glass bowls (6), Pressed glass bowls (5),",https://hibid.com/lot/322874238
490,322874239,185279,0.0,0,0,9,OPEN,22716.55,Home Goods & Decor - Home Goods - Kitchen / Housewares | Home Goods & Decor - Home Goods | Home Goods & Decor,Arcoroc Canterbury Crocus pattern plates (7),https://hibid.com/lot/322874239
491,322874240,185280,0.0,0,0,14,OPEN,22726.547,Antiques & Collectibles - Collectibles - Kitchen / Home | Antiques & Collectibles - Collectibles | Antiques & Collectibles,"Large Pitcher, Small Juicer, Crystal bowls",https://hibid.com/lot/322874240
492,322874241,185281,2.0,0,1,14,OPEN,22736.542999999998,Antiques & Collectibles - Collectibles - Kitchen / Home | Antiques & Collectibles - Collectibles | Antiques & Collectibles,Silver plated with red velvet trinket box etched,https://hibid.com/lot/322874241
493,322874242,185282,0.0,0,0,8,OPEN,22746.539999999997,Antiques & Collectibles - Collectibles - Decorative - Vases / Jars | Antiques & Collectibles - Collectibles - Decorative | Antiques & Collectibles - Collectibles | Antiques & Collectibles,"Partylite tulip vase, Crystal bowls, Marigold",https://hibid.com/lot/322874242
494,322874243,185283,0.0,0,0,11,OPEN,22755.3,Antiques & Collectibles - Collectibles - Pitchers / Decanters | Antiques & Collectibles - Collectibles | Antiques & Collectibles,Westmoreland Glass Shell and Jewel Pitcher,https://hibid.com/lot/322874243
495,322874244,185284,2.0,0,1,15,OPEN,22765.297,Antiques & Collectibles - Collectibles - Kitchen / Home | Antiques & Collectibles - Collectibles | Antiques & Collectibles,"Shirley Temple Pitcher, Blue Mount Vernon plate",https://hibid.com/lot/322874244
496,322874245,185285,0.0,0,0,12,OPEN,22775.292999999998,Antiques & Collectibles - Collectibles - Decorative - Vases / Jars | Antiques & Collectibles - Collectibles - Decorative | Antiques & Collectibles - Collectibles | Antiques & Collectibles,"Hazel Atlas Capri glass dot vase, Cruet, vases",https://hibid.com/lot/322874245
497,322874246,185286,7.0,0,3,9,OPEN,22785.289999999997,Home Goods & Decor - Home Goods - Kitchen / Housewares | Home Goods & Decor - Home Goods | Home Goods & Decor,"Anchor Hocking Fire-King Rainbow Collection, Blue",https://hibid.com/lot/322874246
498,322874247,185287,2.0,0,2,14,OPEN,22795.289999999997,Antiques & Collectibles - Collectibles - Kitchen / Home | Antiques & Collectibles - Collectibles | Antiques & Collectibles,"1986 Raised Hummel plate, Crystal votive lamps (2)",https://hibid.com/lot/322874247
499,322874248,185288,0.0,0,0,10,OPEN,22805.287,Antiques & Collectibles - Collectibles - Kitchen / Home | Antiques & Collectibles - Collectibles | Antiques & Collectibles,"Lead crystal Ice Bucket, Heavy Crystal covered",https://hibid.com/lot/322874248
500,322874249,185289,0.0,0,0,10,OPEN,22815.283,Antiques & Collectibles - Collectibles - Decorative - Bowls | Antiques & Collectibles - Collectibles - Decorative | Antiques & Collectibles - Collectibles | Antiques & Collectibles,Indiana Green Glass Serving Dish Bowl Loganberry,https://hibid.com/lot/322874249
501,322874250,185290,3.0,0,2,11,OPEN,22825.28,Antiques & Collectibles - Collectibles - Kitchen / Home | Antiques & Collectibles - Collectibles | Antiques & Collectibles,Northwood Glass leaf and beads iridescent blue top,https://hibid.com/lot/322874250
502,322874251,179377,0.0,0,0,7,OPEN,22835.277,Antiques & Collectibles - Collectibles - Kitchen / Home | Antiques & Collectibles - Collectibles | Antiques & Collectibles,Jeanette Glass Gold trimmed open sugar bowls (2),https://hibid.com/lot/322874251
503,322874252,179378,0.0,0,0,8,OPEN,22845.277,Antiques & Collectibles - Collectibles - Kitchen / Home | Antiques & Collectibles - Collectibles | Antiques & Collectibles,"Pressed Cut glass cream and sugar,",https://hibid.com/lot/322874252
503B,322874253,185498,0.0,0,0,4,OPEN,22855.272999999997,Antiques & Collectibles - Collectibles - Kitchen / Home | Antiques & Collectibles - Collectibles | Antiques & Collectibles,Crystal Cruet set,https://hibid.com/lot/322874253
504,322874254,185291,0.0,0,0,14,OPEN,22865.27,Antiques & Collectibles - Collectibles - Glassware / Kitchenware | Antiques & Collectibles - Collectibles | Antiques & Collectibles,Indiana Glass Diamond point salt and pepper set,https://hibid.com/lot/322874254
505,322874255,185292,0.0,0,0,13,OPEN,22875.267,Home Goods & Decor - Home Goods - Kitchen / Housewares | Home Goods & Decor - Home Goods | Home Goods & Decor,Imperial Glass Basket Clear Etched Glass. Flower,https://hibid.com/lot/322874255
506,322874256,185293,0.0,0,0,12,OPEN,22885.263,Home Goods & Decor - Home Goods - Kitchen / Housewares | Home Goods & Decor - Home Goods | Home Goods & Decor,Anchor Hocking Wexford Clear Glass Candy Dish,https://hibid.com/lot/322874256
507,322874257,185294,0.0,0,0,10,OPEN,22895.26,Antiques & Collectibles - Collectibles - Pitchers / Decanters | Antiques & Collectibles - Collectibles | Antiques & Collectibles,Crystal cut glass Hobstar fan pitcher,https://hibid.com/lot/322874257
508,322874258,185295,0.0,0,0,16,OPEN,22905.26,Home Goods & Decor - Home Goods - Kitchen / Housewares | Home Goods & Decor - Home Goods | Home Goods & Decor,Anchor Hocking Open lace heart milk glass platter,https://hibid.com/lot/322874258
509,322874259,185296,0.0,0,0,11,OPEN,22915.256999999998,Antiques & Collectibles - Collectibles - Kitchen / Home | Antiques & Collectibles - Collectibles | Antiques & Collectibles,"Etched glass creamers (2), Sugar bowl, Relish",https://hibid.com/lot/322874259
510,322874260,185297,0.0,0,0,9,OPEN,22925.253,Home Goods & Decor - Home Goods - Kitchen / Housewares | Home Goods & Decor - Home Goods | Home Goods & Decor,Indiana Glass Gaelic Casters Condiment Clear,https://hibid.com/lot/322874260
511,322874261,185298,0.0,0,0,15,OPEN,22935.25,Antiques & Collectibles - Collectibles - Decorative - Bowls | Antiques & Collectibles - Collectibles - Decorative | Antiques & Collectibles - Collectibles | Antiques & Collectibles,Mikasa Crystal Etched Floral Glass Bowl with Roses,https://hibid.com/lot/322874261
512,322874262,185299,0.0,0,0,13,OPEN,22945.247,Antiques & Collectibles - Collectibles - Kitchen / Home | Antiques & Collectibles - Collectibles | Antiques & Collectibles,Lead Crystal Glass pieces,https://hibid.com/lot/322874262
513,322874263,185300,2.0,0,1,12,OPEN,22955.243,Antiques & Collectibles - Collectibles - Kitchen / Home | Antiques & Collectibles - Collectibles | Antiques & Collectibles,Lead Crystal cut glass canisters,https://hibid.com/lot/322874263
514,322874264,185301,2.0,0,1,14,OPEN,22965.239999999998,Antiques & Collectibles - Collectibles - Kitchen / Home | Antiques & Collectibles - Collectibles | Antiques & Collectibles,Crystal Glass Butter/Cheese covered dishes,https://hibid.com/lot/322874264
515,322874265,185302,3.0,0,2,10,OPEN,22975.239999999998,Antiques & Collectibles - Collectibles - Pitchers / Decanters | Antiques & Collectibles - Collectibles | Antiques & Collectibles,Hammered Silver Plate Creamer Pitcher Footed,https://hibid.com/lot/322874265
516,322874266,185303,11.0,0,9,6,OPEN,22985.236999999997,Antiques & Collectibles - Antiques - Antique Tools | Antiques & Collectibles - Antiques | Antiques & Collectibles,Antique Hanson Brothers 24 LB Kitchen Scale,https://hibid.com/lot/322874266
517,322874267,185304,19.0,0,9,14,OPEN,22995.233,Home Goods & Decor - Home Goods - Kitchen / Housewares | Home Goods & Decor - Home Goods | Home Goods & Decor,Cameo Black Diamond Point Glassware,https://hibid.com/lot/322874267
519,322874268,185306,0.0,0,0,8,OPEN,23005.23,Antiques & Collectibles - Collectibles - Kitchen / Home | Antiques & Collectibles - Collectibles | Antiques & Collectibles,Royal China Gold designed Soup tureen,https://hibid.com/lot/322874268
520,322874269,185307,2.0,0,1,17,OPEN,23015.23,Antiques & Collectibles - Collectibles - Kitchen / Home | Antiques & Collectibles - Collectibles | Antiques & Collectibles,"Japanese Moriage Teapot, Gibson Gold Brown teapot",https://hibid.com/lot/322874269
521,322874270,185308,5.0,0,3,21,OPEN,23025.222999999998,Antiques & Collectibles - Collectibles - China / Lenox Dinnerware | Antiques & Collectibles - Collectibles | Antiques & Collectibles,"China teacups, Gravy Boat with saucer,",https://hibid.com/lot/322874270
522,322874271,185309,2.0,0,1,15,OPEN,23035.219999999998,Antiques & Collectibles - Collectibles - Kitchen / Home | Antiques & Collectibles - Collectibles | Antiques & Collectibles,Fenton Hobnail Milkglass Cream and Sugar,https://hibid.com/lot/322874271
523,322874272,185310,2.0,0,1,11,OPEN,23045.219999999998,Antiques & Collectibles - Collectibles - Kitchen / Home | Antiques & Collectibles - Collectibles | Antiques & Collectibles,Japanese moriage hand Painted teapot,https://hibid.com/lot/322874272
524,322874273,185311,2.0,0,1,10,OPEN,23055.217,Home Goods & Decor - Home Goods - Kitchen / Housewares | Home Goods & Decor - Home Goods | Home Goods & Decor,"Porcelain bells, Decorative Shoes, Trinket boxes",https://hibid.com/lot/322874273
525,322874274,185312,3.0,0,2,11,OPEN,23065.213,Antiques & Collectibles - Collectibles - Kitchen / Home | Antiques & Collectibles - Collectibles | Antiques & Collectibles,Porcelain and China Boot collection,https://hibid.com/lot/322874274
526,322874275,185313,3.0,0,2,13,OPEN,23075.21,Antiques & Collectibles - Collectibles - Kitchen / Home | Antiques & Collectibles - Collectibles | Antiques & Collectibles,China Dishes,https://hibid.com/lot/322874275
527,322874276,185314,0.0,0,0,16,OPEN,23085.207,Antiques & Collectibles - Collectibles - China / Lenox Dinnerware | Antiques & Collectibles - Collectibles | Antiques & Collectibles,"Floral China serving bowls, Teacup, Bone China",https://hibid.com/lot/322874276
528,322874277,185315,2.0,0,1,12,OPEN,23095.202999999998,Antiques & Collectibles - Collectibles - Kitchen / Home | Antiques & Collectibles - Collectibles | Antiques & Collectibles,Decorative China Floral bowls,https://hibid.com/lot/322874277
529,322874278,185316,4.0,0,4,11,OPEN,23105.2,Antiques & Collectibles - Collectibles - Decorative - Bowls | Antiques & Collectibles - Collectibles - Decorative | Antiques & Collectibles - Collectibles | Antiques & Collectibles,German Porcelain pink ruffled gold trim bowl,https://hibid.com/lot/322874278
530,322874279,185317,0.0,0,0,7,OPEN,23115.2,Antiques & Collectibles - Collectibles - Kitchen / Home | Antiques & Collectibles - Collectibles | Antiques & Collectibles,"China Tea Cups (3), Floral coffee cup (1)",https://hibid.com/lot/322874279
531,322874280,185318,0.0,0,0,17,OPEN,23125.193,Antiques & Collectibles - Collectibles - Kitchen / Home | Antiques & Collectibles - Collectibles | Antiques & Collectibles,Pearl Glazed China Cream and sugar sets (2),https://hibid.com/lot/322874280
532,322874281,185319,0.0,0,0,9,OPEN,23135.193,Antiques & Collectibles - Collectibles - Kitchen / Home | Antiques & Collectibles - Collectibles | Antiques & Collectibles,KINGWOOD 50th Anniversary teapot,https://hibid.com/lot/322874281
533,322874282,185320,0.0,0,0,11,OPEN,23145.19,Antiques & Collectibles - Collectibles - Kitchen / Home | Antiques & Collectibles - Collectibles | Antiques & Collectibles,Mount Clemens China Sugar and Creamer,https://hibid.com/lot/322874282
534,322874283,185321,2.0,0,1,18,OPEN,23155.186999999998,Antiques & Collectibles - Collectibles - Decorative - Plates | Antiques & Collectibles - Collectibles - Decorative | Antiques & Collectibles - Collectibles | Antiques & Collectibles,Assorted China Plates,https://hibid.com/lot/322874283
535,322874284,185322,0.0,0,0,10,OPEN,23165.182999999997,Antiques & Collectibles - Collectibles - Kitchen / Home | Antiques & Collectibles - Collectibles | Antiques & Collectibles,"Assorted China tea cup saucers, serving bowls",https://hibid.com/lot/322874284
536,322874285,185323,2.0,0,1,9,OPEN,23175.18,Antiques & Collectibles - Collectibles - Kitchen / Home | Antiques & Collectibles - Collectibles | Antiques & Collectibles,"Assorted China plates, Bowls, Tea Cups Saucers",https://hibid.com/lot/322874285
537,322874286,185324,3.0,0,2,5,OPEN,23185.177,Antiques & Collectibles - Collectibles - Kitchen / Home | Antiques & Collectibles - Collectibles | Antiques & Collectibles,Japanese Black Teapot Rooster with Chick on top,https://hibid.com/lot/322874286
538,322874287,185325,0.0,0,0,8,OPEN,23195.173,Antiques & Collectibles - Collectibles - Kitchen / Home | Antiques & Collectibles - Collectibles | Antiques & Collectibles,Relco Redware Black Pheasants Cruets,https://hibid.com/lot/322874287
539,322874288,185326,5.0,0,4,9,OPEN,23205.166999999998,Home Goods & Decor - Home Goods - Kitchen / Housewares | Home Goods & Decor - Home Goods | Home Goods & Decor,Wall Pocket Tea Kettle With Pot Holder Hooks Red,https://hibid.com/lot/322874288
540,322874289,185327,0.0,0,0,6,OPEN,23215.163,Antiques & Collectibles - Collectibles - Kitchen / Home | Antiques & Collectibles - Collectibles | Antiques & Collectibles,Gracie Bone China Rose coffee cup with saucer,https://hibid.com/lot/322874289
541,322874290,185328,2.0,0,1,5,OPEN,23225.16,Antiques & Collectibles - Collectibles - Kitchen / Home | Antiques & Collectibles - Collectibles | Antiques & Collectibles,German China delicate floral teacups (2),https://hibid.com/lot/322874290
542,322874291,185329,5.0,0,3,9,OPEN,23235.157,Antiques & Collectibles - Collectibles - Kitchen / Home | Antiques & Collectibles - Collectibles | Antiques & Collectibles,"Mid century, yellow and 22k gold creamer and",https://hibid.com/lot/322874291
543,322874292,185330,2.0,0,1,13,OPEN,23245.14,Antiques & Collectibles - Collectibles - Kitchen / Home | Antiques & Collectibles - Collectibles | Antiques & Collectibles,"Violet Teapot, Girl planter",https://hibid.com/lot/322874292
544,322874293,185331,58.0,0,22,11,OPEN,23255.137,Antiques & Collectibles - Collectibles - Pitchers / Decanters | Antiques & Collectibles - Collectibles | Antiques & Collectibles,"Blenko Crackle glass decanter, Relpo Blue Daisy",https://hibid.com/lot/322874293
545,322874294,185332,2.0,0,1,15,OPEN,23265.132999999998,Antiques & Collectibles - Collectibles - Kitchen / Home | Antiques & Collectibles - Collectibles | Antiques & Collectibles,Household Institute China plates and cup saucers,https://hibid.com/lot/322874294
546,322874295,185333,0.0,0,0,12,OPEN,23275.129999999997,Antiques & Collectibles - Collectibles - Kitchen / Home | Antiques & Collectibles - Collectibles | Antiques & Collectibles,God Bless our Home hanging Plate,https://hibid.com/lot/322874295
547,322874296,185334,2.0,0,1,10,OPEN,23285.123,Antiques & Collectibles - Collectibles - Kitchen / Home | Antiques & Collectibles - Collectibles | Antiques & Collectibles,"Diana Pottery Teapot, Creamer and Sugar set",https://hibid.com/lot/322874296
548,322874297,185335,2.0,0,1,9,OPEN,23295.123,Antiques & Collectibles - Collectibles - Kitchen / Home | Antiques & Collectibles - Collectibles | Antiques & Collectibles,"Milk Glass grapes candy dish, Ruby Red Saucers",https://hibid.com/lot/322874297
549,322874298,185336,2.0,0,1,12,OPEN,23305.117,Antiques & Collectibles - Collectibles - Decorative - Plates | Antiques & Collectibles - Collectibles - Decorative | Antiques & Collectibles - Collectibles | Antiques & Collectibles,Assorted China plates,https://hibid.com/lot/322874298
550,322874299,185337,0.0,0,0,12,OPEN,23315.11,Antiques & Collectibles - Collectibles - Decorative - Plates | Antiques & Collectibles - Collectibles - Decorative | Antiques & Collectibles - Collectibles | Antiques & Collectibles,Ruffled Walt Disney World Souvenir plates (2),https://hibid.com/lot/322874299
551,322874300,185338,0.0,0,0,14,OPEN,23325.11,Antiques & Collectibles - Collectibles - China / Lenox Dinnerware | Antiques & Collectibles - Collectibles | Antiques & Collectibles,Assorted China plates and Saucers,https://hibid.com/lot/322874300
552,322874301,185339,4.0,0,3,12,OPEN,23335.107,Antiques & Collectibles - Collectibles - Kitchen / Home | Antiques & Collectibles - Collectibles | Antiques & Collectibles,Lochs of Scotland White and Blue covered bowl,https://hibid.com/lot/322874301
553,322874302,185340,12.0,0,7,9,OPEN,23345.1,Antiques & Collectibles - Collectibles - Kitchen / Home | Antiques & Collectibles - Collectibles | Antiques & Collectibles,"Locks of Scotland Coffee pot, Teapot",https://hibid.com/lot/322874302
554,322874303,185341,0.0,0,0,15,OPEN,23355.1,Antiques & Collectibles - Collectibles - Kitchen / Home | Antiques & Collectibles - Collectibles | Antiques & Collectibles,"Ashley Centennial Plates (2), Honey Pot, Bell",https://hibid.com/lot/322874303
555,322874304,185342,12.0,0,6,9,OPEN,23365.096999999998,Antiques & Collectibles - Collectibles - Kitchen / Home | Antiques & Collectibles - Collectibles | Antiques & Collectibles,Gone Fix a Flower Teapot and Cream and Sugar by,https://hibid.com/lot/322874304
556,322874305,185343,0.0,0,0,6,OPEN,23375.09,Antiques & Collectibles - Collectibles - Decorative - Plates | Antiques & Collectibles - Collectibles - Decorative | Antiques & Collectibles - Collectibles | Antiques & Collectibles,Carnival Iridescent Star burst plate,https://hibid.com/lot/322874305
557,322874306,185344,2.0,0,1,7,OPEN,23385.09,Antiques & Collectibles - Collectibles - Kitchen / Home | Antiques & Collectibles - Collectibles | Antiques & Collectibles,"Cut glass salt and pepper shakers, Votive cup",https://hibid.com/lot/322874306
558,322874307,185345,3.0,0,2,8,OPEN,23395.087,Antiques & Collectibles - Collectibles - Advertising | Antiques & Collectibles - Collectibles | Antiques & Collectibles,Life is better on the Farm plaster wall hanging,https://hibid.com/lot/322874307
559,322874308,185346,2.0,0,1,10,OPEN,23405.083,Antiques & Collectibles - Collectibles - Kitchen / Home | Antiques & Collectibles - Collectibles | Antiques & Collectibles,Honeycomb Bee salt and pepper shakers,https://hibid.com/lot/322874308
560,322874309,185347,2.0,0,1,8,OPEN,23415.079999999998,Home Goods & Decor - Home Goods - Kitchen / Housewares | Home Goods & Decor - Home Goods | Home Goods & Decor,Salt and Pepper Shaker sets,https://hibid.com/lot/322874309
561,322874310,185348,8.0,0,6,6,OPEN,23425.079999999998,Antiques & Collectibles - Collectibles - Kitchen / Home | Antiques & Collectibles - Collectibles | Antiques & Collectibles,"Mother hen with her two chicks, salt and pepper",https://hibid.com/lot/322874310
562,322874311,185349,2.0,0,1,14,OPEN,23435.076999999997,Antiques & Collectibles - Collectibles - Kitchen / Home | Antiques & Collectibles - Collectibles | Antiques & Collectibles,Plated Metal salt and pepper shakers (2),https://hibid.com/lot/322874311
563,322874312,185350,2.0,0,1,9,OPEN,23445.07,Antiques & Collectibles - Collectibles - Kitchen / Home | Antiques & Collectibles - Collectibles | Antiques & Collectibles,Salt and Pepper Shakers,https://hibid.com/lot/322874312
564,322874313,185351,2.0,0,1,6,OPEN,23455.07,Antiques & Collectibles - Collectibles - Kitchen / Home | Antiques & Collectibles - Collectibles | Antiques & Collectibles,"Glass salt and pepper sets (2) , Plastic birds o",https://hibid.com/lot/322874313
565,322874314,185352,2.0,0,1,9,OPEN,23465.067,Antiques & Collectibles - Collectibles - Kitchen / Home | Antiques & Collectibles - Collectibles | Antiques & Collectibles,"Spice rack with jars, Hand crank egg beater",https://hibid.com/lot/322874314
566,322874315,185353,5.0,0,2,8,OPEN,23475.063,Antiques & Collectibles - Collectibles - Kitchen / Home | Antiques & Collectibles - Collectibles | Antiques & Collectibles,Salt and Pepper shakers,https://hibid.com/lot/322874315
567,322874316,185354,12.0,0,7,7,OPEN,23485.057,Home Goods & Decor - Home Goods - Kitchen / Housewares | Home Goods & Decor - Home Goods | Home Goods & Decor,"Wooden spice rack with tins, Wooden Rolling Pin",https://hibid.com/lot/322874316
568,322874317,185355,3.0,0,2,9,OPEN,23495.057,Home Goods & Decor - Home Goods - Kitchen / Housewares | Home Goods & Decor - Home Goods | Home Goods & Decor,"Metal Hand Sifters (2), Wooden Rolling pin",https://hibid.com/lot/322874317
569,322874318,185356,0.0,0,0,15,OPEN,23505.05,Antiques & Collectibles - Collectibles - Stoneware / Pfaltzgraff /Earthenware | Antiques & Collectibles - Collectibles | Antiques & Collectibles,"Pfaltzgraff Pedestal soup tureen, Hull floral bowl",https://hibid.com/lot/322874318
570,322874319,185357,2.0,0,1,9,OPEN,23515.042999999998,Antiques & Collectibles - Collectibles - Decorative - Bowls | Antiques & Collectibles - Collectibles - Decorative | Antiques & Collectibles - Collectibles | Antiques & Collectibles,"Ruby Red fluted bowl, Green Hobnail votive holder",https://hibid.com/lot/322874319
571,322874320,185358,0.0,0,0,10,OPEN,23525.039999999997,Home Goods & Decor - Home Goods - Kitchen / Housewares | Home Goods & Decor - Home Goods | Home Goods & Decor,"Fire King Dinosaur bowl , Glass milk bottle from",https://hibid.com/lot/322874320
572,322874321,185359,0.0,0,0,8,OPEN,23535.037,Art - Pottery / Ceramics | Art,Friendship Pottery Coffee pot,https://hibid.com/lot/322874321
573,322874322,185360,2.0,0,1,10,OPEN,23545.037,Antiques & Collectibles - Collectibles - Decorative - Vases / Jars | Antiques & Collectibles - Collectibles - Decorative | Antiques & Collectibles - Collectibles | Antiques & Collectibles,Japanese Gray Fine China Lilies and Butterflies,https://hibid.com/lot/322874322
574,322874323,185361,0.0,0,0,7,OPEN,23555.033,Home Goods & Decor - Home Goods - Kitchen / Housewares | Home Goods & Decor - Home Goods | Home Goods & Decor,"Anchor Hocking bubble bowl, Fire King white bowls",https://hibid.com/lot/322874323
575,322874324,185362,19.0,0,12,11,OPEN,23565.03,Antiques & Collectibles - Collectibles - Decorative - Vases / Jars | Antiques & Collectibles - Collectibles - Decorative | Antiques & Collectibles - Collectibles | Antiques & Collectibles,"Fostoria ""Tut"" Green Uranium Trophy Vase",https://hibid.com/lot/322874324
576,322874325,185363,0.0,0,0,5,OPEN,23575.027,Antiques & Collectibles - Collectibles - Figurines | Antiques & Collectibles - Collectibles | Antiques & Collectibles,Porcelain Tall decorative boots,https://hibid.com/lot/322874325
577,322874326,185364,2.0,0,1,5,OPEN,23585.022999999997,Antiques & Collectibles - Collectibles - Kitchen / Home | Antiques & Collectibles - Collectibles | Antiques & Collectibles,Victorian decorative shoes,https://hibid.com/lot/322874326
578,322874327,185365,2.0,0,1,9,OPEN,23595.02,Antiques & Collectibles - Collectibles - Kitchen / Home | Antiques & Collectibles - Collectibles | Antiques & Collectibles,"Happy Birthday Teacup, Creamer and sugar",https://hibid.com/lot/322874327
579,322874328,185366,0.0,0,0,5,OPEN,23605.02,Antiques & Collectibles - Collectibles - Figurines | Antiques & Collectibles - Collectibles | Antiques & Collectibles,"Porcelain Tall Decorative Boot, Baby shoe",https://hibid.com/lot/322874328
580,322874329,185367,0.0,0,0,9,OPEN,23615.017,Antiques & Collectibles - Collectibles - Kitchen / Home | Antiques & Collectibles - Collectibles | Antiques & Collectibles,Porcelain High heel decorative shoe,https://hibid.com/lot/322874329
581,322874330,185368,2.0,0,1,5,OPEN,23625.013,Antiques & Collectibles - Collectibles - Kitchen / Home | Antiques & Collectibles - Collectibles | Antiques & Collectibles,Victorian China creamer and sugar bowl,https://hibid.com/lot/322874330
582,322874331,185369,2.0,0,1,3,OPEN,23635.01,Antiques & Collectibles - Collectibles - Decorative - Vases / Jars | Antiques & Collectibles - Collectibles - Decorative | Antiques & Collectibles - Collectibles | Antiques & Collectibles,Japanese vase bird with floral,https://hibid.com/lot/322874331
583,322874332,185370,0.0,0,0,5,OPEN,23645.006999999998,Antiques & Collectibles - Collectibles - Figurines | Antiques & Collectibles - Collectibles | Antiques & Collectibles,Porcelain shoes with 3d roses,https://hibid.com/lot/322874332
584,322874333,185371,0.0,0,0,5,OPEN,23655.003,Antiques & Collectibles - Collectibles - Figurines | Antiques & Collectibles - Collectibles | Antiques & Collectibles,Porcelain Shoes (2),https://hibid.com/lot/322874333
585,322874334,185372,2.0,0,1,6,OPEN,23665.003,Antiques & Collectibles - Collectibles - Kitchen / Home | Antiques & Collectibles - Collectibles | Antiques & Collectibles,EP Zinc Grape Vine Sugar and Creamer Set,https://hibid.com/lot/322874334
586,322874335,185373,0.0,0,0,8,OPEN,23674.997,Antiques & Collectibles - Collectibles - Kitchen / Home | Antiques & Collectibles - Collectibles | Antiques & Collectibles,Norman Rockwell Cups(4),https://hibid.com/lot/322874335
586B,322874336,185509,2.0,0,1,10,OPEN,23684.997,Home Goods & Decor - Home Goods - Kitchen / Housewares | Home Goods & Decor - Home Goods | Home Goods & Decor,Hobnail Votive Candle,https://hibid.com/lot/322874336
587,322874337,185374,2.0,0,1,12,OPEN,23694.989999999998,Antiques & Collectibles - Collectibles - Kitchen / Home | Antiques & Collectibles - Collectibles | Antiques & Collectibles,Porcelain Pitcher(2) Bells(2),https://hibid.com/lot/322874337
588,322874338,185375,14.0,0,7,6,OPEN,23704.989999999998,Antiques & Collectibles - Antiques - Antique Lamps | Antiques & Collectibles - Antiques | Antiques & Collectibles,Cobalt Blue Oil Lamp,https://hibid.com/lot/322874338
589,322874339,185376,0.0,0,0,5,OPEN,23714.983,Antiques & Collectibles - Collectibles - Figurines | Antiques & Collectibles - Collectibles | Antiques & Collectibles,Ceramic Rooster and Hen Figurine,https://hibid.com/lot/322874339
590,322874340,185377,2.0,0,1,4,OPEN,23724.983,Antiques & Collectibles - Collectibles - Kitchen / Home | Antiques & Collectibles - Collectibles | Antiques & Collectibles,Milk Glass Salt and Pepper Shaker,https://hibid.com/lot/322874340
591,322874341,185378,2.0,0,1,5,OPEN,23734.98,Antiques & Collectibles - Collectibles - Kitchen / Home | Antiques & Collectibles - Collectibles | Antiques & Collectibles,Mustache Cups(2),https://hibid.com/lot/322874341
592,322874342,185379,0.0,0,0,7,OPEN,23744.977,Antiques & Collectibles - Collectibles - Kitchen / Home | Antiques & Collectibles - Collectibles | Antiques & Collectibles,"Sea Shell Salt and Pepper Shaker, Sea Shells",https://hibid.com/lot/322874342
593,322874343,185380,22.0,0,18,8,OPEN,23753.747,Antiques & Collectibles - Collectibles - Decorative - Vases / Jars | Antiques & Collectibles - Collectibles - Decorative | Antiques & Collectibles - Collectibles | Antiques & Collectibles,"Pink Ruffled Bud Vase, Lady Head Vase Planter",https://hibid.com/lot/322874343
594,322874344,185381,0.0,0,0,7,OPEN,23763.743,Home Goods & Decor - Home Goods - Kitchen / Housewares | Home Goods & Decor - Home Goods | Home Goods & Decor,"Wooden Dominoes Box, Miniature Blue Ceramic Dutch",https://hibid.com/lot/322874344
595,322874345,185382,2.0,0,1,6,OPEN,23773.739999999998,Antiques & Collectibles - Collectibles - Kitchen / Home | Antiques & Collectibles - Collectibles | Antiques & Collectibles,Avon Bottles (2),https://hibid.com/lot/322874345
596,322874346,185383,0.0,0,0,8,OPEN,23783.736999999997,Home Goods & Decor - Home Goods - Kitchen / Housewares | Home Goods & Decor - Home Goods | Home Goods & Decor,Holiday Wine Classes (3),https://hibid.com/lot/322874346
597,322874347,185384,0.0,0,0,12,OPEN,23793.73,Antiques & Collectibles - Collectibles - Figurines | Antiques & Collectibles - Collectibles | Antiques & Collectibles,"Porcelain Pink Boots(2), Candlestick Holder",https://hibid.com/lot/322874347
598,322874348,185385,2.0,0,1,9,OPEN,23803.727,Antiques & Collectibles - Collectibles - Decorative - Vases / Jars | Antiques & Collectibles - Collectibles - Decorative | Antiques & Collectibles - Collectibles | Antiques & Collectibles,"Porcelain Bud Vase, Duck Planter",https://hibid.com/lot/322874348
599,322874349,185386,3.0,0,2,11,OPEN,23813.722999999998,Antiques & Collectibles - Collectibles - Kitchen / Home | Antiques & Collectibles - Collectibles | Antiques & Collectibles,"Enoch Wedgewood Countryside Pattern, Tea Cups(4)",https://hibid.com/lot/322874349
600,322874350,185387,0.0,0,0,10,OPEN,23823.719999999998,Antiques & Collectibles - Collectibles - Kitchen / Home | Antiques & Collectibles - Collectibles | Antiques & Collectibles,Nuova Capodimonte Italian Porcelain Decorative Set,https://hibid.com/lot/322874350
601,322874351,185388,0.0,0,0,15,OPEN,23833.717,Home Goods & Decor - Home Goods - Lighting - Lamps | Home Goods & Decor - Home Goods - Lighting | Home Goods & Decor - Home Goods | Home Goods & Decor,"Bud Vases, Genie Lamp, Classic Treasures Clock",https://hibid.com/lot/322874351
602,322874352,185389,2.0,0,1,12,OPEN,23843.713,Home Goods & Decor - Home Goods - Kitchen / Housewares | Home Goods & Decor - Home Goods | Home Goods & Decor,Trinket Boxes,https://hibid.com/lot/322874352
603,322874353,185390,2.0,0,1,15,OPEN,23853.707,Antiques & Collectibles - Collectibles - Decorative - Plates | Antiques & Collectibles - Collectibles - Decorative | Antiques & Collectibles - Collectibles | Antiques & Collectibles,"Bicentennial Glass Plates 1776, Miniature",https://hibid.com/lot/322874353
604,322874354,185391,2.0,0,1,6,OPEN,23863.702999999998,Art - Sculptures / Carvings / Statues | Art,Metal Sailing Ship,https://hibid.com/lot/322874354
605,322874355,185392,9.0,0,8,12,OPEN,23873.697,Art - Pottery / Ceramics | Art,Stanford Sebring Pottery Duck & Bowl,https://hibid.com/lot/322874355
606,322874356,185393,26.0,0,12,5,OPEN,23883.693,Home Goods & Decor - Home Goods - Kitchen / Housewares | Home Goods & Decor - Home Goods | Home Goods & Decor,Sip ‘ N Strip Fantasy Glasses (4),https://hibid.com/lot/322874356
607,322874357,185394,3.0,0,2,5,OPEN,23893.69,Home Goods & Decor - Home Goods - Kitchen / Housewares | Home Goods & Decor - Home Goods | Home Goods & Decor,Glass Insulators (4),https://hibid.com/lot/322874357
608,322874358,185395,3.0,0,2,6,OPEN,23903.686999999998,Home Goods & Decor - Home Goods - Kitchen / Housewares | Home Goods & Decor - Home Goods | Home Goods & Decor,Glass Insulators (4),https://hibid.com/lot/322874358
609,322874359,185396,4.0,0,3,5,OPEN,23913.682999999997,Home Goods & Decor - Home Goods - Kitchen / Housewares | Home Goods & Decor - Home Goods | Home Goods & Decor,Clear Glass Insulators(3),https://hibid.com/lot/322874359
610,322874360,185397,0.0,0,0,15,OPEN,23923.68,Antiques & Collectibles - Collectibles - Decorative - Vases / Jars | Antiques & Collectibles - Collectibles - Decorative | Antiques & Collectibles - Collectibles | Antiques & Collectibles,"Lidded Trinket Box, White Porcelain Bud Vase",https://hibid.com/lot/322874360
611,322874361,185398,4.0,0,3,13,OPEN,23933.677,Antiques & Collectibles - Collectibles - Kitchen / Home | Antiques & Collectibles - Collectibles | Antiques & Collectibles,Sliver-Plated on Copper Silent Butler,https://hibid.com/lot/322874361
612,322874362,185399,5.0,0,3,7,OPEN,23943.673,Business & Industrial - Business / Retail - Displays / Display Cases | Business & Industrial - Business / Retail | Business & Industrial,"Knick Knack Display Shelf, Metal Flower Can, Oil",https://hibid.com/lot/322874362
613,322874363,185400,3.0,0,2,15,OPEN,23953.67,Antiques & Collectibles - Collectibles - Decorative - Vases / Jars | Antiques & Collectibles - Collectibles - Decorative | Antiques & Collectibles - Collectibles | Antiques & Collectibles,Floral Vases (6),https://hibid.com/lot/322874363
614,322874364,185401,2.0,0,1,14,OPEN,23963.666999999998,Lawn & Garden - Outdoors | Lawn & Garden,"Pedestal Decorative Bird Bath, Jeannette Powered",https://hibid.com/lot/322874364
615,322874365,185402,2.0,0,1,12,OPEN,23973.663,Antiques & Collectibles - Collectibles - Figurines | Antiques & Collectibles - Collectibles | Antiques & Collectibles,Decorative Carousel Music Boxes (3),https://hibid.com/lot/322874365
616,322874366,185403,3.0,0,2,10,OPEN,23983.66,Antiques & Collectibles - Collectibles - Figurines | Antiques & Collectibles - Collectibles | Antiques & Collectibles,Decorative Musical Box(2),https://hibid.com/lot/322874366
617,322874367,185404,0.0,0,0,10,OPEN,23993.657,Home Goods & Decor - Home Goods - Kitchen / Housewares | Home Goods & Decor - Home Goods | Home Goods & Decor,Wood Coasters w/ Caddy Holder(2),https://hibid.com/lot/322874367
618,322874368,185405,4.0,0,3,4,OPEN,24003.653,Lawn & Garden - Outdoors | Lawn & Garden,Decorative Ceramic Garden Gnomes(5),https://hibid.com/lot/322874368
618B,322874369,185510,2.0,0,1,10,OPEN,24013.649999999998,Home Goods & Decor - Home Goods - Kitchen / Housewares | Home Goods & Decor - Home Goods | Home Goods & Decor,Glass Bottle and Plastic Bottles w/ Contents,https://hibid.com/lot/322874369
619,322874370,185406,3.0,0,2,12,OPEN,24023.649999999998,Home Goods & Decor - Home Goods - Kitchen / Housewares | Home Goods & Decor - Home Goods | Home Goods & Decor,"Bottle Opener, Bud Vase, Candle Holder",https://hibid.com/lot/322874370
620,322874371,185407,2.0,0,1,6,OPEN,24033.646999999997,Antiques & Collectibles - Collectibles - Advertising | Antiques & Collectibles - Collectibles | Antiques & Collectibles,Jacques Seeds Cup,https://hibid.com/lot/322874371
621,322874372,185408,2.0,0,1,9,OPEN,24043.64,Antiques & Collectibles - Antiques - Antique Furniture | Antiques & Collectibles - Antiques | Antiques & Collectibles,Miniature Wooden Spinning Wheel,https://hibid.com/lot/322874372
622,322874373,185409,2.0,0,1,11,OPEN,24053.64,Art - Sculptures / Carvings / Statues | Art,Brass Greek Warrior in Chariot & Bullock Cart,https://hibid.com/lot/322874373
623,322874374,185410,18.0,0,5,8,OPEN,24063.637,Antiques & Collectibles - Collectibles - Kitchen / Home | Antiques & Collectibles - Collectibles | Antiques & Collectibles,Ford Model T Musical Liquor Decanter,https://hibid.com/lot/322874374
624,322874375,185411,2.0,0,1,7,OPEN,24073.629999999997,Antiques & Collectibles - Collectibles - Figurines | Antiques & Collectibles - Collectibles | Antiques & Collectibles,Cat Figurines (5),https://hibid.com/lot/322874375
625,322874376,185412,3.0,0,2,11,OPEN,24083.627,Antiques & Collectibles - Collectibles - Figurines | Antiques & Collectibles - Collectibles | Antiques & Collectibles,Ceramic Figurines (2) Boat,https://hibid.com/lot/322874376
626,322874377,185413,2.0,0,1,11,OPEN,24093.62,Antiques & Collectibles - Collectibles - Decorative - Vases / Jars | Antiques & Collectibles - Collectibles - Decorative | Antiques & Collectibles - Collectibles | Antiques & Collectibles,"Long Footed Planter, Double-Handle Bud Vase(2)",https://hibid.com/lot/322874377
627,322874378,185415,3.0,0,2,22,OPEN,24103.617,Antiques & Collectibles - Collectibles - Advertising | Antiques & Collectibles - Collectibles | Antiques & Collectibles,"Coke Drinking Glass, Coca-Cola Tin, Toothpick",https://hibid.com/lot/322874378
628,322874379,185416,2.0,0,1,5,OPEN,24113.612999999998,Home Goods & Decor - Home Goods - Kitchen / Housewares | Home Goods & Decor - Home Goods | Home Goods & Decor,Campfire Popcorn Popper,https://hibid.com/lot/322874379
629,322874380,185417,0.0,0,0,4,OPEN,24123.61,Home Goods & Decor - Home Goods - Kitchen / Housewares | Home Goods & Decor - Home Goods | Home Goods & Decor,Matador Bull Fighting Wall Plaque,https://hibid.com/lot/322874380
630,322874381,185418,14.0,0,7,11,OPEN,24133.607,Antiques & Collectibles - Collectibles - Decorative - Vases / Jars | Antiques & Collectibles - Collectibles - Decorative | Antiques & Collectibles - Collectibles | Antiques & Collectibles,Brass Small Loving Birds Cup Vases(2) Mini Pitcher,https://hibid.com/lot/322874381
631,322874382,185419,4.0,0,3,5,OPEN,24143.603,Antiques & Collectibles - Antiques - Maps / Globes | Antiques & Collectibles - Antiques | Antiques & Collectibles,Armillary Sphere Globe,https://hibid.com/lot/322874382
632,322874383,185420,3.0,0,2,5,OPEN,24153.6,Antiques & Collectibles - Collectibles - Kitchen / Home | Antiques & Collectibles - Collectibles | Antiques & Collectibles,Cow Bells (3),https://hibid.com/lot/322874383
633,322874384,185421,3.0,0,2,5,OPEN,24163.6,Antiques & Collectibles - Collectibles - Kitchen / Home | Antiques & Collectibles - Collectibles | Antiques & Collectibles,Brass Pocket Balance,https://hibid.com/lot/322874384
634,322874385,185422,4.0,0,2,4,OPEN,24173.596999999998,Antiques & Collectibles - Collectibles - Kitchen / Home | Antiques & Collectibles - Collectibles | Antiques & Collectibles,Brass Bells(2),https://hibid.com/lot/322874385
635,322874386,185423,6.0,0,4,5,OPEN,24183.592999999997,Antiques & Collectibles - Collectibles - Advertising | Antiques & Collectibles - Collectibles | Antiques & Collectibles,Cigarette Tabacco Tin (4),https://hibid.com/lot/322874386
636,322874387,185424,3.0,0,2,10,OPEN,24193.59,Home Goods & Decor - Home Goods - Kitchen / Housewares | Home Goods & Decor - Home Goods | Home Goods & Decor,"Double Roller Pasta Cutter, Mini Sifters, Steamer",https://hibid.com/lot/322874387
637,322874388,185425,2.0,0,1,4,OPEN,24203.587,Antiques & Collectibles - Collectibles - Tobacciana / Lighters / Tobacco Pipes | Antiques & Collectibles - Collectibles | Antiques & Collectibles,Cigarette Tobacco Tins (4),https://hibid.com/lot/322874388
638,322874389,185426,2.0,0,1,7,OPEN,24213.583,Antiques & Collectibles - Collectibles - Kitchen / Home | Antiques & Collectibles - Collectibles | Antiques & Collectibles,Rolls-Royce Radiator-Shaped Musical Liquor,https://hibid.com/lot/322874389
639,322874390,185427,4.0,0,3,13,OPEN,24223.579999999998,Antiques & Collectibles - Antiques - Antique Lamps | Antiques & Collectibles - Antiques | Antiques & Collectibles,Red Lantern (2),https://hibid.com/lot/322874390
640,322874391,185428,3.0,0,2,4,OPEN,24233.579999999998,Home Goods & Decor - Home Goods - Kitchen / Housewares | Home Goods & Decor - Home Goods | Home Goods & Decor,Cast Iron Decorative Kitchen Utensils (4),https://hibid.com/lot/322874391
641,322874392,185429,2.0,0,1,8,OPEN,24243.576999999997,Antiques & Collectibles - Collectibles - Kitchen / Home | Antiques & Collectibles - Collectibles | Antiques & Collectibles,"Yellow Metal Matchbox Holder, Letter Opener",https://hibid.com/lot/322874392
642,322874393,185430,0.0,0,0,11,OPEN,24253.573,Antiques & Collectibles - Collectibles - Decorative - Plates | Antiques & Collectibles - Collectibles - Decorative | Antiques & Collectibles - Collectibles | Antiques & Collectibles,"Brass Water Wonderland Plate, Brass Shoes",https://hibid.com/lot/322874393
643,322874394,185431,4.0,0,3,9,OPEN,24263.57,Home Goods & Decor - Home Goods - Kitchen / Housewares | Home Goods & Decor - Home Goods | Home Goods & Decor,"Cast Iron Owl Wall-Mount Hook, Letter Opener",https://hibid.com/lot/322874394
644,322874395,185432,2.0,0,1,4,OPEN,24273.567,Home Goods & Decor - Home Goods - Kitchen / Housewares | Home Goods & Decor - Home Goods | Home Goods & Decor,Salt and Pepper Shaker,https://hibid.com/lot/322874395
645,322874396,185433,2.0,0,1,7,OPEN,24283.563,Antiques & Collectibles - Collectibles - Kitchen / Home | Antiques & Collectibles - Collectibles | Antiques & Collectibles,Cast Iron Nutcracker,https://hibid.com/lot/322874396
646,322874397,185434,0.0,0,0,7,OPEN,24293.559999999998,Antiques & Collectibles - Collectibles - Kitchen / Home | Antiques & Collectibles - Collectibles | Antiques & Collectibles,Empty Glass Bottles (4) Mini Hand Mixer,https://hibid.com/lot/322874397
647,322874398,185435,9.0,0,5,9,OPEN,24303.557,Antiques & Collectibles - Collectibles - Kitchen / Home | Antiques & Collectibles - Collectibles | Antiques & Collectibles,Amberina Glass Hobnail Toothpick Holder,https://hibid.com/lot/322874398
648,322874399,185436,0.0,0,0,10,OPEN,24313.553,Business & Industrial - Medical Supplies / Lab Equipment | Business & Industrial,Veterinary Syringes and Stethoscopes,https://hibid.com/lot/322874399
649,322874400,185437,4.0,0,3,15,OPEN,24323.55,"Jewelry, Watches & Gemstones - Jewelry - Fashion / Costume | Jewelry, Watches & Gemstones - Jewelry | Jewelry, Watches & Gemstones",Trinket Jewelry Boxes,https://hibid.com/lot/322874400
650,322874401,185438,0.0,0,0,12,OPEN,24333.542999999998,Antiques & Collectibles - Collectibles - Kitchen / Home | Antiques & Collectibles - Collectibles | Antiques & Collectibles,"Humpty Dumpty Blue Glass Mug, Blue Glass Powder Ja",https://hibid.com/lot/322874401
651,322874402,185439,2.0,0,1,4,OPEN,24343.539999999997,Antiques & Collectibles - Collectibles - Kitchen / Home | Antiques & Collectibles - Collectibles | Antiques & Collectibles,Brass Bells (3),https://hibid.com/lot/322874402
652,322874403,185440,3.0,0,2,5,OPEN,24353.537,Antiques & Collectibles - Militaria & War Collectibles - World War II | Antiques & Collectibles - Militaria & War Collectibles | Antiques & Collectibles,"Celluloid Button W/Portrait "" The Robey Mfg Co""",https://hibid.com/lot/322874403
653,322874404,185441,0.0,0,0,11,OPEN,24363.53,Art - Prints / Lithographs | Art,"Metal Eagle, Eagle Picture",https://hibid.com/lot/322874404
654,322874405,185442,3.0,0,2,7,OPEN,24373.53,Antiques & Collectibles - Collectibles - Advertising | Antiques & Collectibles - Collectibles | Antiques & Collectibles,"Tin Spices, Cigarette Tabacco Tin",https://hibid.com/lot/322874405
655,322874406,185443,2.0,0,2,6,OPEN,24383.527,Antiques & Collectibles - Collectibles - Signs | Antiques & Collectibles - Collectibles | Antiques & Collectibles,Yankee Drummer Coffee House Sign,https://hibid.com/lot/322874406
656,322874407,185444,4.0,0,3,7,OPEN,24393.522999999997,Antiques & Collectibles - Collectibles - Signs | Antiques & Collectibles - Collectibles | Antiques & Collectibles,Mama’s Kosher Kitchen Wall Sign,https://hibid.com/lot/322874407
657,322874408,185445,0.0,0,0,11,OPEN,24403.52,Antiques & Collectibles - Collectibles - Advertising | Antiques & Collectibles - Collectibles | Antiques & Collectibles,Coca-Cola Tray American Homestead Spring Tray,https://hibid.com/lot/322874408
658,322874409,185446,2.0,0,1,5,OPEN,24413.517,Antiques & Collectibles - Collectibles - Kitchen / Home | Antiques & Collectibles - Collectibles | Antiques & Collectibles,1977 Grandma Franklin Tray(2),https://hibid.com/lot/322874409
659,322874410,185447,3.0,0,2,9,OPEN,24423.506999999998,Art - Sculptures / Carvings / Statues | Art,Metal Dragon Head For Walking Can & Brass Cat,https://hibid.com/lot/322874410
660,322874411,185448,6.0,0,5,9,OPEN,24433.5,Antiques & Collectibles - Collectibles - Figurines | Antiques & Collectibles - Collectibles | Antiques & Collectibles,"Solid Brass Musical Horse, Horses Figurines",https://hibid.com/lot/322874411
661,322874412,185449,4.0,0,3,8,OPEN,24443.5,Art - Sculptures / Carvings / Statues | Art,Brass Unicorn Statue(2),https://hibid.com/lot/322874412
662,322874413,185450,2.0,0,1,10,OPEN,24453.497,Antiques & Collectibles - Collectibles - Figurines | Antiques & Collectibles - Collectibles | Antiques & Collectibles,Elephant Figurines,https://hibid.com/lot/322874413
663,322874414,185451,3.0,0,2,13,OPEN,24463.489999999998,Antiques & Collectibles - Collectibles - Figurines | Antiques & Collectibles - Collectibles | Antiques & Collectibles,"Spelter Clock Topper, Brass Horse Figurine",https://hibid.com/lot/322874414
664,322874415,185452,15.0,0,10,12,OPEN,24473.486999999997,Antiques & Collectibles - Collectibles - Figurines | Antiques & Collectibles - Collectibles | Antiques & Collectibles,Solid Brass Animals (5),https://hibid.com/lot/322874415
665,322874416,185453,2.0,0,1,5,OPEN,24483.483,Antiques & Collectibles - Collectibles - Figurines | Antiques & Collectibles - Collectibles | Antiques & Collectibles,Clown Figurines (4),https://hibid.com/lot/322874416
666,322874417,185454,7.0,0,6,5,OPEN,24493.48,Antiques & Collectibles - Collectibles - Kitchen / Home | Antiques & Collectibles - Collectibles | Antiques & Collectibles,Mammy Ceramic Salt & Pepper Shaker,https://hibid.com/lot/322874417
667,322874418,185455,5.0,0,4,5,OPEN,24503.477,Antiques & Collectibles - Collectibles - Kitchen / Home | Antiques & Collectibles - Collectibles | Antiques & Collectibles,Manny Salt and Pepper Shakers,https://hibid.com/lot/322874418
668,322874419,185456,12.0,0,7,6,OPEN,24513.472999999998,Antiques & Collectibles - Collectibles - Kitchen / Home | Antiques & Collectibles - Collectibles | Antiques & Collectibles,Pappy Bells (2),https://hibid.com/lot/322874419
669,322874420,185457,25.0,0,17,6,OPEN,24523.469999999998,Antiques & Collectibles - Collectibles - Kitchen / Home | Antiques & Collectibles - Collectibles | Antiques & Collectibles,Cast Iron Mammy Coin Bank,https://hibid.com/lot/322874420
670,322874421,185458,0.0,0,0,13,OPEN,24533.467,Antiques & Collectibles - Collectibles - Figurines | Antiques & Collectibles - Collectibles | Antiques & Collectibles,Ceramic Sport Figurines Coin Bank,https://hibid.com/lot/322874421
671,322874422,185459,11.0,0,7,6,OPEN,24543.46,Antiques & Collectibles - Collectibles - Advertising | Antiques & Collectibles - Collectibles | Antiques & Collectibles,"Don Sharkey, John Deere Wall Thermometer",https://hibid.com/lot/322874422
672,322874423,185460,20.0,0,15,6,OPEN,24553.457,Antiques & Collectibles - Collectibles - Advertising | Antiques & Collectibles - Collectibles | Antiques & Collectibles,Don Sharkey Implement Store Yard Stick,https://hibid.com/lot/322874423
673,322874424,185461,2.0,0,1,9,OPEN,24563.457,Computers & Electronics - Cameras & Camera Accessories - Vintage Cameras | Computers & Electronics - Cameras & Camera Accessories | Computers & Electronics,The Perfectscope Stereoscope Viewer,https://hibid.com/lot/322874424
674,322874425,185462,4.0,0,3,9,OPEN,24573.449999999997,Toys - Vintage / Antique Toys | Toys,1:18 1999 Chevrolet Silverado Collection,https://hibid.com/lot/322874425
675,322874426,185463,4.0,0,3,7,OPEN,24583.449999999997,"Jewelry, Watches & Gemstones - Jewelry - Fashion / Costume | Jewelry, Watches & Gemstones - Jewelry | Jewelry, Watches & Gemstones",Small Jewelry Box,https://hibid.com/lot/322874426
676,322874427,185464,2.0,0,1,11,OPEN,24593.447,Fashion - Women's Accessories | Fashion,"Dreamcatcher, Belt Buckle, Floral Pin",https://hibid.com/lot/322874427
677,322874428,185465,2.0,0,1,10,OPEN,24603.44,"Jewelry, Watches & Gemstones - Watches - Women's Watches | Jewelry, Watches & Gemstones - Watches | Jewelry, Watches & Gemstones",Geneva Women’s Watches (2),https://hibid.com/lot/322874428
678,322874429,185466,2.0,0,1,22,OPEN,24613.436999999998,"Jewelry, Watches & Gemstones - Watches - Women's Watches | Jewelry, Watches & Gemstones - Watches | Jewelry, Watches & Gemstones",Women’s Watches (5),https://hibid.com/lot/322874429
679,322874430,185467,26.0,0,10,15,OPEN,24623.432999999997,"Jewelry, Watches & Gemstones - Watches - Pocket Watches | Jewelry, Watches & Gemstones - Watches | Jewelry, Watches & Gemstones",Pocket Watches (3),https://hibid.com/lot/322874430
680,322874431,185468,2.0,0,1,15,OPEN,24633.43,Home Goods & Decor - Home Goods - Clocks | Home Goods & Decor - Home Goods | Home Goods & Decor,Phinney-Walker Alarm Clock w/ UV Reacting Dials,https://hibid.com/lot/322874431
681,322874432,185469,2.0,0,1,29,OPEN,24643.427,"Jewelry, Watches & Gemstones - Watches - Men's Watches | Jewelry, Watches & Gemstones - Watches | Jewelry, Watches & Gemstones",Men’s Watches w/ UV Glowing Dials (4) Total (7),https://hibid.com/lot/322874432
682,322874433,185470,3.0,0,2,15,OPEN,24653.423,"Jewelry, Watches & Gemstones - Watches - Men's Watches | Jewelry, Watches & Gemstones - Watches | Jewelry, Watches & Gemstones",Men’s Watches (8),https://hibid.com/lot/322874433
683,322874434,185471,2.0,0,1,31,OPEN,24663.416999999998,"Jewelry, Watches & Gemstones - Watches - Men's Watches | Jewelry, Watches & Gemstones - Watches | Jewelry, Watches & Gemstones",Men’s Watches (8),https://hibid.com/lot/322874434
684,322874435,185472,2.0,0,1,8,OPEN,24673.413,"Jewelry, Watches & Gemstones - Watches - Women's Watches | Jewelry, Watches & Gemstones - Watches | Jewelry, Watches & Gemstones","Women’s Holiday & Butterfly Pin, Dax Hand Watch",https://hibid.com/lot/322874435
685,322874436,185473,2.0,0,1,5,OPEN,24683.41,"Jewelry, Watches & Gemstones - Watches - Parts / Tools / Accessories | Jewelry, Watches & Gemstones - Watches | Jewelry, Watches & Gemstones",Watch Pieces,https://hibid.com/lot/322874436
686,322874437,185474,2.0,0,1,30,OPEN,24693.403,"Jewelry, Watches & Gemstones - Watches - Women's Watches | Jewelry, Watches & Gemstones - Watches | Jewelry, Watches & Gemstones",Women’s Watches (8),https://hibid.com/lot/322874437
687,322874438,185475,3.0,0,2,9,OPEN,24703.399999999998,"Jewelry, Watches & Gemstones - Watches - Women's Watches | Jewelry, Watches & Gemstones - Watches | Jewelry, Watches & Gemstones",Men’s and Women’s Watches (10),https://hibid.com/lot/322874438
688,322874439,185477,2.0,0,1,14,OPEN,24713.396999999997,"Jewelry, Watches & Gemstones - Watches - Women's Watches | Jewelry, Watches & Gemstones - Watches | Jewelry, Watches & Gemstones",Women Watches (5),https://hibid.com/lot/322874439
689,322874440,185478,6.0,0,5,8,OPEN,24723.393,Antiques & Collectibles - Collectibles - Kitchen / Home | Antiques & Collectibles - Collectibles | Antiques & Collectibles,Wooden Manual Hand-Crank Coffee Grinder,https://hibid.com/lot/322874440
690,322874441,185479,7.0,0,6,7,OPEN,24733.39,Antiques & Collectibles - Collectibles - Kitchen / Home | Antiques & Collectibles - Collectibles | Antiques & Collectibles,Hand-Crank Coffee Grinder,https://hibid.com/lot/322874441
691,322874442,185480,25.0,0,17,9,OPEN,24743.387,Antiques & Collectibles - Collectibles - Railroad | Antiques & Collectibles - Collectibles | Antiques & Collectibles,Railroad Lantern,https://hibid.com/lot/322874442
692,322874443,185481,3.0,0,2,9,OPEN,24752.092999999997,Art - Sculptures / Carvings / Statues | Art,NECA Planet of The Apes 2001 Attar Bust Statue,https://hibid.com/lot/322874443
693,322874444,185482,2.0,0,1,6,OPEN,24762.087,Art - Sculptures / Carvings / Statues | Art,Indian Chief Busy,https://hibid.com/lot/322874444
694,322874445,185483,2.0,0,1,6,OPEN,24772.087,Antiques & Collectibles - Antiques - Antique Tools | Antiques & Collectibles - Antiques | Antiques & Collectibles,Sad Iron w/ Wooden Detached Handle,https://hibid.com/lot/322874445
695,322874446,185484,2.0,0,1,7,OPEN,24782.073,Antiques & Collectibles - Antiques - Antique Tools | Antiques & Collectibles - Antiques | Antiques & Collectibles,Sad Iron w/ Wooden Detached Handle,https://hibid.com/lot/322874446
696,322874447,185485,3.0,0,2,7,OPEN,24792.07,Antiques & Collectibles - Antiques - Antique Tools | Antiques & Collectibles - Antiques | Antiques & Collectibles,Sad Iron,https://hibid.com/lot/322874447
697,322874448,185486,3.0,0,2,7,OPEN,24802.067,Antiques & Collectibles - Antiques - Antique Tools | Antiques & Collectibles - Antiques | Antiques & Collectibles,Sad Iron,https://hibid.com/lot/322874448
698,322874449,185487,2.0,0,1,7,OPEN,24812.059999999998,Antiques & Collectibles - Antiques - Antique Tools | Antiques & Collectibles - Antiques | Antiques & Collectibles,Brookville Sad Iron w/ Wooden Detachable Handle,https://hibid.com/lot/322874449
699,322874450,185488,13.0,0,5,6,OPEN,24822.059999999998,Antiques & Collectibles - Collectibles - Kitchen / Home | Antiques & Collectibles - Collectibles | Antiques & Collectibles,Cast Iron Tea Kettle,https://hibid.com/lot/322874450
700,322874451,185489,12.0,0,9,6,OPEN,24832.059999999998,Business & Industrial - Restaurant / Food Industry - Vending Machines | Business & Industrial - Restaurant / Food Industry | Business & Industrial,Carousel Gumball Machine Glass Globe Cast Metal,https://hibid.com/lot/322874451
701,322874452,185511,5.0,0,4,6,OPEN,24842.056999999997,Business & Industrial - Restaurant / Food Industry - Vending Machines | Business & Industrial - Restaurant / Food Industry | Business & Industrial,Gumball Machine Glasss Globe and Cast Metal Base,https://hibid.com/lot/322874452
702,322874453,185512,2.0,0,1,9,OPEN,24852.053,Antiques & Collectibles - Collectibles - Kitchen / Home | Antiques & Collectibles - Collectibles | Antiques & Collectibles,Cast Iron Wall Mounted Hand-Crank Coffee And Spice,https://hibid.com/lot/322874453
703,322874454,185513,2.0,0,1,6,OPEN,24862.05,Lawn & Garden - Tools/Hand held items - Hand Tools | Lawn & Garden - Tools/Hand held items | Lawn & Garden,Metal Hand Plane,https://hibid.com/lot/322874454
704,322874455,185514,2.0,0,2,9,OPEN,24872.047,Toys - Vintage / Antique Toys | Toys,Cast Iron Flatbed Truck Toy W/Open Lattice Cargo,https://hibid.com/lot/322874455
705,322874456,185515,2.0,0,1,9,OPEN,24882.042999999998,Toys - Vintage / Antique Toys | Toys,Cast Iron Ford Model T Delivery Van or Sedan,https://hibid.com/lot/322874456
706,322874457,185517,2.0,0,1,9,OPEN,24892.039999999997,Toys - Vintage / Antique Toys | Toys,Cast Iron Toy Sedan Car,https://hibid.com/lot/322874457
707,322874458,185518,0.0,0,0,7,OPEN,24902.039999999997,Antiques & Collectibles - Collectibles - Cast Iron | Antiques & Collectibles - Collectibles | Antiques & Collectibles,Miniature Cast Iron Coffee Grinder Figurine Hand P,https://hibid.com/lot/322874458
708,322874459,185519,2.0,0,1,7,OPEN,24912.033,Antiques & Collectibles - Collectibles - Cast Iron | Antiques & Collectibles - Collectibles | Antiques & Collectibles,Miniature Cast Iron Coffee Grinder Figurine W/Hand,https://hibid.com/lot/322874459
709,322874460,185520,4.0,0,3,6,OPEN,24922.03,Toys - Vintage / Antique Toys | Toys,Cast Iron Horse-Drawn Fire Pumper Wagon Toy,https://hibid.com/lot/322874460
710,322874461,185521,5.0,0,4,8,OPEN,24932.027,Toys - Vintage / Antique Toys | Toys,Cast Iron Horse-Drawn Patrol Wagon Toy,https://hibid.com/lot/322874461
711,322874462,185522,6.0,0,4,8,OPEN,24942.02,Toys - Vintage / Antique Toys | Toys,Cast Iron Horse-Drawn Classic Circus Wagon Toy,https://hibid.com/lot/322874462
712,322874463,185523,4.0,0,3,7,OPEN,24952.02,Toys - Vintage / Antique Toys | Toys,"Cast Iron ""Overland Circus"" Wagon Toy",https://hibid.com/lot/322874463
713,322874464,185524,3.0,0,2,11,OPEN,24962.017,Toys - Vintage / Antique Toys | Toys,Cast Iron Horse-Drawn Hook & Ladder Fire Truck Toy,https://hibid.com/lot/322874464
714,322874465,185525,31.0,0,7,7,OPEN,24972.013,Toys - Vintage / Antique Toys | Toys,Cast Iron Horse-Drawn Beer Wagon Set,https://hibid.com/lot/322874465
715,322874466,185526,3.0,0,2,7,OPEN,24982.01,Toys - Vintage / Antique Toys | Toys,Cast Iron Horse-Drawn Fresh Milk Wagon Toy,https://hibid.com/lot/322874466
716,322874467,185527,9.0,0,6,14,OPEN,24992.006999999998,Toys - Vintage / Antique Toys | Toys,Cast Iron Horse-Drawn Purelake Ice Delivery Wagon,https://hibid.com/lot/322874467
717,322874468,185528,11.0,0,6,8,OPEN,25002,Toys - Vintage / Antique Toys | Toys,Cast Iron Horse-Drawn Beer Wagon Toy,https://hibid.com/lot/322874468
718,322874469,185529,10.0,0,6,6,OPEN,25012,Antiques & Collectibles - Collectibles - Advertising | Antiques & Collectibles - Collectibles | Antiques & Collectibles,Cast Iron Coca-Cola Horse-Drawn Delivery Wagon,https://hibid.com/lot/322874469
719,322874470,185530,0.0,0,0,13,OPEN,25021.997,Home Goods & Decor - Home Goods - Kitchen / Housewares | Home Goods & Decor - Home Goods | Home Goods & Decor,Midwest Cast Aluminum Car Wall Plaques(3),https://hibid.com/lot/322874470
720,322874471,185531,0.0,0,0,14,OPEN,25031.993,Toys - Vintage / Antique Toys | Toys,Cast Metal Vehicle Coin Banks (3),https://hibid.com/lot/322874471
721,322874472,185532,4.0,0,3,9,OPEN,25041.989999999998,Antiques & Collectibles - Collectibles - Die Cast Collectible Cars | Antiques & Collectibles - Collectibles | Antiques & Collectibles,"Bank Of Alma Car Coin Bank, Die-cast Car Coin Bank",https://hibid.com/lot/322874472
722,322874473,185533,2.0,0,1,10,OPEN,25051.986999999997,Toys - Vintage / Antique Toys | Toys,"Chemical Bank and Trust Midland, Mi Coin Bank",https://hibid.com/lot/322874473
723,322874474,185534,2.0,0,1,5,OPEN,25061.983,Toys - Vintage / Antique Toys | Toys,Die-cast Miniature Novelty Pencil Sharpeners,https://hibid.com/lot/322874474
724,322874475,185535,2.0,0,1,4,OPEN,25071.98,Toys - Vintage / Antique Toys | Toys,Die-cast Miniature Novelty Pencil Sharpeners,https://hibid.com/lot/322874475
725,322874476,185536,0.0,0,0,5,OPEN,25081.977,Furniture - Desks / Home Office | Furniture,Nostalgic Pencil Sharpeners Unopened Packages(5),https://hibid.com/lot/322874476
726,322874477,185537,0.0,0,0,3,OPEN,25091.972999999998,Toys - Vintage / Antique Toys | Toys,Die-cast Miniature Metal Pencil Sharpeners In Box,https://hibid.com/lot/322874477
727,322874478,185538,2.0,0,1,15,OPEN,25101.969999999998,Antiques & Collectibles - Collectibles - Advertising | Antiques & Collectibles - Collectibles | Antiques & Collectibles,Coca-Cola 1999 Holiday Classic Carrier W/53 Corvet,https://hibid.com/lot/322874478
728,322874479,185539,2.0,0,1,11,OPEN,25111.967,Antiques & Collectibles - Collectibles - Advertising | Antiques & Collectibles - Collectibles | Antiques & Collectibles,Pepsi-Cola Coin Bank 1912 Ford Delivery Car,https://hibid.com/lot/322874479
729,322874480,185540,0.0,0,0,16,OPEN,25121.963,Toys - Vintage / Antique Toys | Toys,Ford Model T Scale Model Cars (3),https://hibid.com/lot/322874480
730,322874481,185541,0.0,0,0,5,OPEN,25131.96,Toys - Vintage / Antique Toys | Toys,Wooden Antique Car Models (9),https://hibid.com/lot/322874481
731,322874482,185542,0.0,0,0,4,OPEN,25141.957,Toys - Vintage / Antique Toys | Toys,Wooden Toy Car Models Classic Automobiles,https://hibid.com/lot/322874482
732,322874483,185543,2.0,0,1,8,OPEN,25151.952999999998,Toys - Vintage / Antique Toys | Toys,"1:18 Die-cast 1994 Pontiac Trans Am, Die-cast Cars",https://hibid.com/lot/322874483
733,322874484,185545,0.0,0,0,7,OPEN,25161.949999999997,Toys - Vintage / Antique Toys | Toys,"Die-cast Toy Cars & Delivery Truck, Fuel Oil Tank",https://hibid.com/lot/322874484
734,322874485,185546,3.0,0,2,9,OPEN,25171.949999999997,Toys - Vintage / Antique Toys | Toys,Corvette Die-cast Model Cars (4),https://hibid.com/lot/322874485
735,322874486,185547,0.0,0,0,10,OPEN,25181.947,Toys - Vintage / Antique Toys | Toys,Die-cast Toy Vehicles Miniature Trucks (4),https://hibid.com/lot/322874486
736,322874487,185548,0.0,0,0,9,OPEN,25191.94,Toys - Vintage / Antique Toys | Toys,1:64 Scale Die-cast Toy Vehicles (5),https://hibid.com/lot/322874487
737,322874488,185549,0.0,0,0,9,OPEN,25201.94,Toys - Vintage / Antique Toys | Toys,ERTL 1918 Ford Runabout Delivery Car Bank 1:25,https://hibid.com/lot/322874488
738,322874489,185550,0.0,0,0,11,OPEN,25211.932999999997,Toys - Vintage / Antique Toys | Toys,"Coca-Cola Die-Cast Vehicles, Fire Truck, Train",https://hibid.com/lot/322874489
739,322874490,185551,0.0,0,0,12,OPEN,25221.93,Toys - Vintage / Antique Toys | Toys,"Die-cast Toy Vehicles Cars & Trucks,Truck Bank",https://hibid.com/lot/322874490
740,322874491,185552,2.0,0,1,7,OPEN,25231.927,Toys - Vintage / Antique Toys | Toys,"Looney Tunes Cards, Die-cast Cars & Pencil Sharpen",https://hibid.com/lot/322874491
741,322874492,185553,2.0,0,1,16,OPEN,25241.923,Toys - Vintage / Antique Toys | Toys,Die-cast Farm Toy Tractors (2),https://hibid.com/lot/322874492
742,322874493,185554,4.0,0,3,8,OPEN,25251.92,Toys - Vintage / Antique Toys | Toys,McCormick-Deering Cast Iron Toy Tractor,https://hibid.com/lot/322874493
743,322874494,185555,3.0,0,2,7,OPEN,25261.916999999998,Antiques & Collectibles - Collectibles - Signs | Antiques & Collectibles - Collectibles | Antiques & Collectibles,"Farmall Collector Metal Sign, International Licens",https://hibid.com/lot/322874494
744,322874495,185556,6.0,0,3,7,OPEN,25271.913,Toys - Vintage / Antique Toys | Toys,"ERTL Farm Tractor Set, Farmall Toothpick Dispenser",https://hibid.com/lot/322874495
745,322874496,185557,2.0,0,1,10,OPEN,25281.91,Toys - Vintage / Antique Toys | Toys,John Deer Pictures & Die-cast ERTL Tractor,https://hibid.com/lot/322874496
746,322874497,185558,0.0,0,0,7,OPEN,25291.907,Art - Prints / Lithographs | Art,Framed Art Prints Of Antique Automobiles(4),https://hibid.com/lot/322874497
747,322874498,185559,2.0,0,1,7,OPEN,25301.903,Antiques & Collectibles - Collectibles - Sports Cards / Memorabilia - Hockey Trading Cards | Antiques & Collectibles - Collectibles - Sports Cards / Memorabilia | Antiques & Collectibles - Collectibles | Antiques & Collectibles,Hockey Collectors Trading Cards & Album,https://hibid.com/lot/322874498
748,322874499,185560,3.0,0,2,9,OPEN,25311.896999999997,Home Goods & Decor - Home Goods - Kitchen / Housewares | Home Goods & Decor - Home Goods | Home Goods & Decor,"Oval Metal Serving Tray W/Tractor,Tin Mugs(2)",https://hibid.com/lot/322874499
749,322874500,185561,3.0,0,2,7,OPEN,25321.893,Toys - Vintage / Antique Toys | Toys,"Die-cast Cars, Trucks & Vans (46)",https://hibid.com/lot/322874500
750,322874501,185562,2.0,0,1,7,OPEN,25331.89,Toys - Vintage / Antique Toys | Toys,"Die-cast Metal Vehicles,Road Champs Mini Monster",https://hibid.com/lot/322874501
751,322874502,185563,5.0,0,4,8,OPEN,25341.89,Toys - Vintage / Antique Toys | Toys,"Hot Wheels, Die-cast Mini Cars & Trucks(8)",https://hibid.com/lot/322874502
752,322874503,185564,0.0,0,0,7,OPEN,25351.887,Toys - Vintage / Antique Toys | Toys,Harley Davidson VHS tape rewinder & Hot Wheels,https://hibid.com/lot/322874503
753,322874504,185565,0.0,0,0,4,OPEN,25361.882999999998,Antiques & Collectibles - Antiques - Antique Tools | Antiques & Collectibles - Antiques | Antiques & Collectibles,Vintage Cherry Pitter tool- Cast Iron,https://hibid.com/lot/322874504
754,322874505,185566,2.0,0,1,5,OPEN,25371.879999999997,Antiques & Collectibles - Collectibles - Tobacciana / Lighters / Tobacco Pipes | Antiques & Collectibles - Collectibles | Antiques & Collectibles,Corn cob pipe with amber colored stem (used),https://hibid.com/lot/322874505
755,322874506,185567,0.0,0,0,4,OPEN,25381.873,Home Goods & Decor - Home Goods - Kitchen / Housewares | Home Goods & Decor - Home Goods | Home Goods & Decor,"TIN Cowboy skillet for fire, metal knife",https://hibid.com/lot/322874506
756,322874507,185568,2.0,0,1,8,OPEN,25391.87,Antiques & Collectibles - Collectibles - Kitchen / Home | Antiques & Collectibles - Collectibles | Antiques & Collectibles,"Brass & Copper Spittoon (2), brass Cauldron (2)",https://hibid.com/lot/322874507
757,322874508,185569,2.0,0,1,3,OPEN,25401.867,Antiques & Collectibles - Collectibles - Kitchen / Home | Antiques & Collectibles - Collectibles | Antiques & Collectibles,Cast Iron (flat irons 3),https://hibid.com/lot/322874508
758,322874509,185570,2.0,0,1,5,OPEN,25411.867,Antiques & Collectibles - Collectibles - Kitchen / Home | Antiques & Collectibles - Collectibles | Antiques & Collectibles,Cast Iron Flat Irons (3),https://hibid.com/lot/322874509
759,322874510,185572,2.0,0,1,4,OPEN,25421.862999999998,Antiques & Collectibles - Collectibles - Advertising | Antiques & Collectibles - Collectibles | Antiques & Collectibles,Vintage Tin cans,https://hibid.com/lot/322874510
760,322874511,185573,3.0,0,2,5,OPEN,25431.857,Antiques & Collectibles - Collectibles - Kitchen / Home | Antiques & Collectibles - Collectibles | Antiques & Collectibles,Vintage Glass Bottles (5),https://hibid.com/lot/322874511
761,322874512,185574,2.0,0,1,4,OPEN,25441.853,Antiques & Collectibles - Antiques - Antique Tools | Antiques & Collectibles - Antiques | Antiques & Collectibles,Primitive Wooden Mallet/Maul,https://hibid.com/lot/322874512
762,322874513,185575,4.0,0,3,7,OPEN,25451.853,Antiques & Collectibles - Collectibles - Kitchen / Home | Antiques & Collectibles - Collectibles | Antiques & Collectibles,Glass insulators Aqua colored (3),https://hibid.com/lot/322874513
763,322874514,185576,2.0,0,1,6,OPEN,25461.85,Antiques & Collectibles - Antiques - Antique Tools | Antiques & Collectibles - Antiques | Antiques & Collectibles,Antique Cast Iron hand Crank apple peeler,https://hibid.com/lot/322874514
764,322874515,185577,16.0,0,9,6,OPEN,25471.842999999997,Antiques & Collectibles - Antiques - Antique Lamps | Antiques & Collectibles - Antiques | Antiques & Collectibles,Kerosene Hurricane Lantern- Dietz #50,https://hibid.com/lot/322874515
765,322874516,185578,52.0,0,14,5,OPEN,25481.84,Antiques & Collectibles - Collectibles - Railroad | Antiques & Collectibles - Collectibles | Antiques & Collectibles,1923 Dietz Red globe Railroad Lantern,https://hibid.com/lot/322874516
766,322874517,185579,0.0,0,0,8,OPEN,25491.84,Home Goods & Decor - Home Goods - Lighting - Lamps | Home Goods & Decor - Home Goods - Lighting | Home Goods & Decor - Home Goods | Home Goods & Decor,"Homemade wooden church, wooden Wagon lamp",https://hibid.com/lot/322874517
767,322874518,185580,0.0,0,0,7,OPEN,25501.833,Antiques & Collectibles - Collectibles - Kitchen / Home | Antiques & Collectibles - Collectibles | Antiques & Collectibles,Ceramic Wash Basin & Pitcher with blue flowers,https://hibid.com/lot/322874518
768,322874519,185581,0.0,0,0,6,OPEN,25511.829999999998,Antiques & Collectibles - Collectibles - Kitchen / Home | Antiques & Collectibles - Collectibles | Antiques & Collectibles,Wash Basin with Pitcher and Red roses,https://hibid.com/lot/322874519
769,322874520,185582,3.0,0,2,6,OPEN,25521.826999999997,Antiques & Collectibles - Antiques - Antique Tools | Antiques & Collectibles - Antiques | Antiques & Collectibles,Cast Iron hanging balance beam scale & Hog Scraper,https://hibid.com/lot/322874520
770,322874521,185583,2.0,0,1,7,OPEN,25531.823,Antiques & Collectibles - Collectibles - Figurines | Antiques & Collectibles - Collectibles | Antiques & Collectibles,"Clydesdale horses-ceramic, brass horses, Big",https://hibid.com/lot/322874521
771,322874522,185584,0.0,0,0,5,OPEN,25541.82,Antiques & Collectibles - Collectibles - Kitchen / Home | Antiques & Collectibles - Collectibles | Antiques & Collectibles,Salt & Pepper Shakers- 4 sets,https://hibid.com/lot/322874522
772,322874523,185585,0.0,0,0,9,OPEN,25551.817,Home Goods & Decor - Home Goods - Kitchen / Housewares | Home Goods & Decor - Home Goods | Home Goods & Decor,"Glass- bowls, Pitcher & Sundae cups",https://hibid.com/lot/322874523
773,322874524,185586,2.0,0,1,13,OPEN,25561.813,Antiques & Collectibles - Collectibles - Figurines | Antiques & Collectibles - Collectibles | Antiques & Collectibles,"Ceramic Ducks (3), Resin Squirrels (2)",https://hibid.com/lot/322874524
774,322874525,185587,2.0,0,1,6,OPEN,25571.809999999998,Antiques & Collectibles - Collectibles - Pitchers / Decanters | Antiques & Collectibles - Collectibles | Antiques & Collectibles,"Oven Proof ceramic Pitcher, green glass bowl &",https://hibid.com/lot/322874525
775,322874526,185588,2.0,0,1,10,OPEN,25581.806999999997,Antiques & Collectibles - Collectibles - Decorative - Plates | Antiques & Collectibles - Collectibles - Decorative | Antiques & Collectibles - Collectibles | Antiques & Collectibles,"Vintage Blue plate-Friendship of Salem,",https://hibid.com/lot/322874526
776,322874527,185589,0.0,0,0,7,OPEN,25591.803,Antiques & Collectibles - Collectibles - Kitchen / Home | Antiques & Collectibles - Collectibles | Antiques & Collectibles,"Ceramic-Tea cup & Saucers sets, tea pot, egg,",https://hibid.com/lot/322874527
777,322874528,185590,0.0,0,0,19,OPEN,25601.8,Antiques & Collectibles - Collectibles - Pitchers / Decanters | Antiques & Collectibles - Collectibles | Antiques & Collectibles,"Vintage Ball ideal jar with Lid, pitcher, Vases,",https://hibid.com/lot/322874528
778,322874529,185591,0.0,0,0,8,OPEN,25611.797,Antiques & Collectibles - Collectibles - Figurines | Antiques & Collectibles - Collectibles | Antiques & Collectibles,"Indian head steel bank, ceramic praying hands,",https://hibid.com/lot/322874529
779,322874530,185592,2.0,0,1,8,OPEN,25621.792999999998,Home Goods & Decor - Home Goods - Kitchen / Housewares | Home Goods & Decor - Home Goods | Home Goods & Decor,"Butcher block knife holder, pencil sharpener,",https://hibid.com/lot/322874530
780,322874531,185593,3.0,0,2,9,OPEN,25631.789999999997,Antiques & Collectibles - Collectibles - Pitchers / Decanters | Antiques & Collectibles - Collectibles | Antiques & Collectibles,"Vintage white milk glass hobnail pitcher,",https://hibid.com/lot/322874531
781,322874532,185595,3.0,0,2,5,OPEN,25641.787,Antiques & Collectibles - Collectibles - Kitchen / Home | Antiques & Collectibles - Collectibles | Antiques & Collectibles,Avon Vintage Variety of Decorative shaped bottles,https://hibid.com/lot/322874532
782,322874533,185596,2.0,0,1,4,OPEN,25651.78,Fashion - Men's Accessories | Fashion,Variety selection of different ball caps,https://hibid.com/lot/322874533
783,322874534,185597,2.0,0,1,4,OPEN,25661.78,Fashion - Men's Accessories | Fashion,Variety selection of different Ball caps,https://hibid.com/lot/322874534
784,322874535,185598,0.0,0,0,5,OPEN,25671.777,Home Goods & Decor - Home Goods - Music - CDs / Records / Cassettes | Home Goods & Decor - Home Goods | Home Goods & Decor,Large variety of LP records,https://hibid.com/lot/322874535
785,322874536,185599,0.0,0,0,5,OPEN,25681.772999999997,Home Goods & Decor - Home Goods - Music - CDs / Records / Cassettes | Home Goods & Decor - Home Goods | Home Goods & Decor,Large variety of LP records,https://hibid.com/lot/322874536
786,322874537,185600,14.0,0,8,8,OPEN,25691.77,Sporting Goods - Hunting & Trapping | Sporting Goods,Hou Shiueh self cooking pistol crossbow,https://hibid.com/lot/322874537
787,322874538,185601,7.0,0,4,5,OPEN,25701.763,Sporting Goods - Firearms / Weapons - Knives / Blades | Sporting Goods - Firearms / Weapons | Sporting Goods,U.S. Military- style combat bayonet (WW2),https://hibid.com/lot/322874538
788,322874539,185602,6.0,0,4,5,OPEN,25711.763,Sporting Goods - Firearms / Weapons - Knives / Blades | Sporting Goods - Firearms / Weapons | Sporting Goods,"Pocket knives (variety), vintage metal",https://hibid.com/lot/322874539
789,322874540,185604,16.0,0,13,8,OPEN,25721.76,Sporting Goods - Firearms / Weapons - Ammunition | Sporting Goods - Firearms / Weapons | Sporting Goods,"Carton of premium BB's, box of 410 3"" shells",https://hibid.com/lot/322874540
790,322874541,185605,9.0,0,5,8,OPEN,25731.756999999998,Sporting Goods - Firearms / Weapons - Airsoft / Paintball / Pellet / BB Guns | Sporting Goods - Firearms / Weapons | Sporting Goods,Air pistol Guns (2) & some lead pellets,https://hibid.com/lot/322874541
792,322874543,185607,2.0,0,1,22,OPEN,25751.747,Sporting Goods - Firearms / Weapons - Ammunition | Sporting Goods - Firearms / Weapons | Sporting Goods,"Hornady 45 cal bullets, misc shells,",https://hibid.com/lot/322874543
793,322874544,185608,2.0,0,1,10,OPEN,25760.513,Sporting Goods - Hunting & Trapping | Sporting Goods,"Binoculars (2), black powder (cannot ship)",https://hibid.com/lot/322874544
794,322874545,185609,21.0,0,9,9,OPEN,25770.51,Sporting Goods - Hunting & Trapping | Sporting Goods,"Savage rifle scope (4×15), Pocket & hunting",https://hibid.com/lot/322874545
795,322874546,185610,4.0,0,3,4,OPEN,25780.506999999998,Sporting Goods - Firearms / Weapons - Knives / Blades | Sporting Goods - Firearms / Weapons | Sporting Goods,Pocket knives (6),https://hibid.com/lot/322874546
796,322874547,185611,14.0,0,10,10,OPEN,25790.503,Sporting Goods - Firearms / Weapons - Knives / Blades | Sporting Goods - Firearms / Weapons | Sporting Goods,"Big Game Butcher knife awr with case, hunting",https://hibid.com/lot/322874547
797,322874548,185612,2.0,0,1,7,OPEN,25800.5,Sporting Goods - Firearms / Weapons - Black Powder / Muzzleloader / Percussion | Sporting Goods - Firearms / Weapons | Sporting Goods,"Hoppe's gun cleaning kit, muzzleloading black",https://hibid.com/lot/322874548
798,322874549,185613,2.0,0,1,7,OPEN,25810.497,Toys - Games | Toys,Regular Checkers/Chinese Checkers with chips,https://hibid.com/lot/322874549
799,322874550,185614,0.0,0,0,14,OPEN,25820.493,Toys - Vintage / Antique Toys | Toys,Variety of Vintage kids toys,https://hibid.com/lot/322874550
800,322874551,185615,2.0,0,1,6,OPEN,25830.489999999998,Toys - Vintage / Antique Toys | Toys,Vintage Peek a Babe kids organ (battery operated),https://hibid.com/lot/322874551
801,322874552,185616,2.0,0,1,7,OPEN,25840.483,Construction & Farm - Shop / Warehouse - Parts / Accessories | Construction & Farm - Shop / Warehouse | Construction & Farm,"Vintage door locks, Paddle locks, leather sewing",https://hibid.com/lot/322874552
802,322874553,185617,0.0,0,0,9,OPEN,25850.477,Lawn & Garden - Tools/Hand held items - Hand Tools | Lawn & Garden - Tools/Hand held items | Lawn & Garden,"Vintage draw woodworking knife, folding tape",https://hibid.com/lot/322874553
803,322874554,185618,0.0,0,0,5,OPEN,25860.472999999998,Business & Industrial - Business / Retail - Janitorial - Cleaning Equipment | Business & Industrial - Business / Retail - Janitorial | Business & Industrial - Business / Retail | Business & Industrial,Kenmore Vacuum(2),https://hibid.com/lot/322874554
804,322874555,185619,0.0,0,0,6,OPEN,25870.469999999998,Business & Industrial - Business / Retail - Displays / Display Cases | Business & Industrial - Business / Retail | Business & Industrial,Display Cabinet,https://hibid.com/lot/322874555
805,322874556,185620,2.0,0,1,9,OPEN,25880.467,Furniture - Cabinets | Furniture,Display Hutch,https://hibid.com/lot/322874556
806,322874557,185621,2.0,0,1,9,OPEN,25890.463,Computers & Electronics - Consumer Electronics - Home Audio - Speakers | Computers & Electronics - Consumer Electronics - Home Audio | Computers & Electronics - Consumer Electronics | Computers & Electronics,Panasonic Stereo System w/ Speakers(2),https://hibid.com/lot/322874557
807,322874558,185622,0.0,0,0,11,OPEN,25900.46,Furniture - Entertainment Centers / TV Stands | Furniture,Pressed Board Entertainment Stands,https://hibid.com/lot/322874558
808,322874559,185623,2.0,0,2,8,OPEN,25910.457,Art - Paintings | Art,"German Victorian- At the well painting,",https://hibid.com/lot/322874559
809,322874560,185624,2.0,0,1,6,OPEN,25920.452999999998,Art - Prints / Lithographs | Art,Print of the Last Supper,https://hibid.com/lot/322874560
810,322874561,185625,2.0,0,1,6,OPEN,25930.449999999997,Art - Paintings | Art,Aerial Framed Painting,https://hibid.com/lot/322874561
811,322874562,185626,7.0,0,6,7,OPEN,25940.447,Furniture - Tables | Furniture,Vintage folding end table,https://hibid.com/lot/322874562
812,322874563,185627,0.0,0,0,3,OPEN,25950.443,Computers & Electronics - Consumer Electronics - TVs | Computers & Electronics - Consumer Electronics | Computers & Electronics,Samsung Tv,https://hibid.com/lot/322874563
813,322874564,185628,0.0,0,0,4,OPEN,25960.44,Furniture - Chairs / Stools | Furniture,Green Swivel Rocking Chair,https://hibid.com/lot/322874564
814,322874565,185629,2.0,0,1,6,OPEN,25970.436999999998,Furniture - Chairs / Stools | Furniture,Blue Recliner Chair,https://hibid.com/lot/322874565
815,322874566,185630,2.0,0,1,5,OPEN,25980.432999999997,Furniture - Chairs / Stools | Furniture,Dark Brown Metal Folding Chairs (4),https://hibid.com/lot/322874566
816,322874567,185631,2.0,0,1,4,OPEN,25990.43,Furniture - Chairs / Stools | Furniture,Metal Folding Chairs (7),https://hibid.com/lot/322874567
817,322874568,185632,3.0,0,2,7,OPEN,26000.423,Antiques & Collectibles - Antiques - Antique Furniture | Antiques & Collectibles - Antiques | Antiques & Collectibles,Oak Washstand,https://hibid.com/lot/322874568
818,322874569,185633,10.0,0,8,11,OPEN,26010.42,Furniture - Tables | Furniture,"End Table, Folding Chair",https://hibid.com/lot/322874569
819,322874570,185634,0.0,0,0,7,OPEN,26020.42,Furniture - Chairs / Stools | Furniture,Wooden Rocking Chairs Americana Collage Pattern,https://hibid.com/lot/322874570
820,322874571,185635,3.0,0,2,6,OPEN,26030.416999999998,Furniture - Tables | Furniture,Console Table,https://hibid.com/lot/322874571
821,322874572,185636,2.0,0,1,7,OPEN,26040.413,Furniture - Cabinets | Furniture,Gun Cabinet,https://hibid.com/lot/322874572
822,322874573,185637,3.0,0,2,6,OPEN,26050.41,Furniture - Bookshelves | Furniture,Four-Stack Barrister Bookcase,https://hibid.com/lot/322874573
823,322874574,185638,0.0,0,0,11,OPEN,26060.407,Lawn & Garden - Tools/Hand held items - Hand Tools | Lawn & Garden - Tools/Hand held items | Lawn & Garden,"Craftsman Tool sharpening & grinding attachment,",https://hibid.com/lot/322874574
824,322874575,185639,3.0,0,2,11,OPEN,26070.403,Antiques & Collectibles - Antiques - Antique Tools | Antiques & Collectibles - Antiques | Antiques & Collectibles,"Vintage manual insecticide powder duster, oil",https://hibid.com/lot/322874575
825,322874576,185640,2.0,0,1,12,OPEN,26080.399999999998,Lawn & Garden - Tools/Hand held items - Mixed Tools | Lawn & Garden - Tools/Hand held items | Lawn & Garden,"Electric & plumbing items, tools",https://hibid.com/lot/322874576
826,322874577,185641,0.0,0,0,4,OPEN,26090.396999999997,Lawn & Garden - Tools/Hand held items - Hand Tools | Lawn & Garden - Tools/Hand held items | Lawn & Garden,Pipe wrenches,https://hibid.com/lot/322874577
827,322874578,185642,2.0,0,1,9,OPEN,26100.393,Antiques & Collectibles - Collectibles - Decorative - Vases / Jars | Antiques & Collectibles - Collectibles - Decorative | Antiques & Collectibles - Collectibles | Antiques & Collectibles,Ball Jars & water bath rack,https://hibid.com/lot/322874578
828,322874579,185643,7.0,0,3,6,OPEN,26110.39,Antiques & Collectibles - Collectibles - Decorative - Vases / Jars | Antiques & Collectibles - Collectibles - Decorative | Antiques & Collectibles - Collectibles | Antiques & Collectibles,Ball Jars,https://hibid.com/lot/322874579
829,322874580,185644,0.0,0,0,6,OPEN,26120.387,Home Goods & Decor - Home Goods - Kitchen / Housewares | Home Goods & Decor - Home Goods | Home Goods & Decor,"Light, foam sealant & foam tape",https://hibid.com/lot/322874580
830,322874581,185645,0.0,0,0,5,OPEN,26130.382999999998,Home Goods & Decor - Home Goods - Bed / Bath Items | Home Goods & Decor - Home Goods | Home Goods & Decor,Air mattress- (Queen size 2),https://hibid.com/lot/322874581
831,322874582,185646,4.0,0,3,5,OPEN,26140.379999999997,Sporting Goods - Sporting Goods / Outdoor Recreation - Outdoor Games & Sports Equipment | Sporting Goods - Sporting Goods / Outdoor Recreation | Sporting Goods,Croquet Set,https://hibid.com/lot/322874582
832,322874583,185647,53.0,0,6,9,OPEN,26150.377,Antiques & Collectibles - Collectibles - Kitchen / Home | Antiques & Collectibles - Collectibles | Antiques & Collectibles,Cream Separator,https://hibid.com/lot/322874583
833,322874584,185648,2.0,0,1,6,OPEN,26160.373,Home Goods & Decor - Home Goods - Appliances - Washer / Dryers | Home Goods & Decor - Home Goods - Appliances | Home Goods & Decor - Home Goods | Home Goods & Decor,Speed Queen Washer,https://hibid.com/lot/322874584
834,322874585,185649,4.0,0,3,3,OPEN,26170.37,Antiques & Collectibles - Collectibles - Decorative - Vases / Jars | Antiques & Collectibles - Collectibles - Decorative | Antiques & Collectibles - Collectibles | Antiques & Collectibles,Tote with Canning Jars,https://hibid.com/lot/322874585
835,322874586,185650,4.0,0,3,6,OPEN,26180.367,Antiques & Collectibles - Collectibles - Decorative - Vases / Jars | Antiques & Collectibles - Collectibles - Decorative | Antiques & Collectibles - Collectibles | Antiques & Collectibles,Tote W/Canning Jars,https://hibid.com/lot/322874586
836,322874587,185651,2.0,0,1,8,OPEN,26190.362999999998,Home Goods & Decor - Home Goods - Appliances - Refrigerators / Freezers | Home Goods & Decor - Home Goods - Appliances | Home Goods & Decor - Home Goods | Home Goods & Decor,Frigidaire Freezer,https://hibid.com/lot/322874587
837,322874588,185652,0.0,0,0,6,OPEN,26200.36,Construction & Farm - Shop / Warehouse - Racks / Shelves | Construction & Farm - Shop / Warehouse | Construction & Farm,Metal Shelf,https://hibid.com/lot/322874588
838,322874589,185653,0.0,0,0,4,OPEN,26210.357,Construction & Farm - Shop / Warehouse - Racks / Shelves | Construction & Farm - Shop / Warehouse | Construction & Farm,Metal Shelf W/ Contents,https://hibid.com/lot/322874589
838B,323343396,186346,2.0,0,1,4,OPEN,26220.353,Home Goods & Decor - Home Goods - Kitchen / Housewares | Home Goods & Decor - Home Goods | Home Goods & Decor,Bonus Lot,https://hibid.com/lot/323343396
839,322874590,185654,0.0,0,0,8,OPEN,26230.35,Furniture - Cabinets | Furniture,5 door cabinet with shelves,https://hibid.com/lot/322874590
840,322874591,185655,2.0,0,1,5,OPEN,26240.346999999998,Furniture - Cabinets | Furniture,4 door cabinet with shelves,https://hibid.com/lot/322874591
841,322874592,185656,3.0,0,2,5,OPEN,26250.342999999997,Business & Industrial - Business / Retail - Racks / Shelving | Business & Industrial - Business / Retail | Business & Industrial,Hat racks (2),https://hibid.com/lot/322874592
842,322874593,185657,0.0,0,0,7,OPEN,26260.337,Furniture - Beds / Bedroom Sets | Furniture,King Size headboard with mirror & doors,https://hibid.com/lot/322874593
843,322874594,185658,0.0,0,0,7,OPEN,26270.337,Furniture - Dressers / Wardrobes / Armoires | Furniture,Dresser mirrors,https://hibid.com/lot/322874594
844,322874595,185659,0.0,0,0,7,OPEN,26280.333,Furniture - Mirrors | Furniture,Wall mirror and shelf,https://hibid.com/lot/322874595
845,322874596,185660,0.0,0,0,7,OPEN,26290.329999999998,Furniture - Cabinets | Furniture,Computer cabinet with bookshelf top,https://hibid.com/lot/322874596
846,322874597,185661,0.0,0,0,6,OPEN,26300.326999999997,Furniture - Dressers / Wardrobes / Armoires | Furniture,"Wardrobe with 2 doors and shelves, 2 drawers on",https://hibid.com/lot/322874597
847,322874598,185662,30.0,0,7,8,OPEN,26310.323,Home Goods & Decor - Home Goods - Appliances - Refrigerators / Freezers | Home Goods & Decor - Home Goods - Appliances | Home Goods & Decor - Home Goods | Home Goods & Decor,Frigidaire upright freezer (with key),https://hibid.com/lot/322874598
848,322874599,185663,27.0,0,11,4,OPEN,26320.32,Home Goods & Decor - Home Goods - Kitchen / Housewares | Home Goods & Decor - Home Goods | Home Goods & Decor,Primo water drinking units hot and cold,https://hibid.com/lot/322874599
849,322874600,185664,2.0,0,1,4,OPEN,26330.317,Home Goods & Decor - Home Goods - Kitchen / Housewares | Home Goods & Decor - Home Goods | Home Goods & Decor,PRIMO Water Dispenser,https://hibid.com/lot/322874600
850,322874601,185665,21.0,0,12,7,OPEN,26340.313,Home Goods & Decor - Home Goods - Appliances - Heating / Air Conditioning | Home Goods & Decor - Home Goods - Appliances | Home Goods & Decor - Home Goods | Home Goods & Decor,LG Portable Air Conditioner,https://hibid.com/lot/322874601
851,322874602,185666,4.0,0,3,4,OPEN,26350.309999999998,Home Goods & Decor - Home Goods - Appliances - Heating / Air Conditioning | Home Goods & Decor - Home Goods - Appliances | Home Goods & Decor - Home Goods | Home Goods & Decor,Window Air Conditioner,https://hibid.com/lot/322874602
852,322874603,185667,0.0,0,0,5,OPEN,26360.306999999997,Furniture - Trunks / Chests | Furniture,Homemade wooden toy box,https://hibid.com/lot/322874603
853,322874604,185668,4.0,0,4,9,OPEN,26370.303,Furniture - Trunks / Chests | Furniture,Antique Trunk,https://hibid.com/lot/322874604
854,322874605,185669,0.0,0,0,7,OPEN,26380.3,Furniture - Cabinets | Furniture,Sewing machine stand with drop down drawer,https://hibid.com/lot/322874605
855,322874606,185670,0.0,0,0,8,OPEN,26390.3,Furniture - Entertainment Centers / TV Stands | Furniture,Wooden entertainment stand with glass doors,https://hibid.com/lot/322874606
856,322874607,185671,7.0,0,3,8,OPEN,26400.292999999998,Furniture - Dressers / Wardrobes / Armoires | Furniture,Handmade Cedar wardrobe,https://hibid.com/lot/322874607
857,322874608,185672,0.0,0,0,4,OPEN,26410.289999999997,Business & Industrial - Business / Retail - Racks / Shelving | Business & Industrial - Business / Retail | Business & Industrial,White Metal Coat Rack,https://hibid.com/lot/322874608
858,322874609,185673,2.0,0,1,10,OPEN,26420.289999999997,Furniture - Cabinets | Furniture,"Decorative Chest & Sideboard Cabinet, Decks of Car",https://hibid.com/lot/322874609
859,322874610,185674,9.0,0,8,7,OPEN,26430.287,Business & Industrial - Business / Retail - Janitorial - Cleaning Equipment | Business & Industrial - Business / Retail - Janitorial | Business & Industrial - Business / Retail | Business & Industrial,"DYSON DC 24, DC 41 Vaccum cleaner, HAAN Carpet",https://hibid.com/lot/322874610
860,322874611,185675,0.0,0,0,8,OPEN,26440.283,Toys - Vintage / Antique Toys | Toys,Wicker Basket with a variety of toys,https://hibid.com/lot/322874611
861,322874612,185676,0.0,0,0,6,OPEN,26450.28,Toys - Vintage / Antique Toys | Toys,Extra Large tote with a variety of outside toys,https://hibid.com/lot/322874612
862,322874613,185677,0.0,0,0,7,OPEN,26460.277,Toys - Bears / Stuffed Animals | Toys,Tote of dolls & stuffed animals,https://hibid.com/lot/322874613
863,322874614,185678,2.0,0,1,7,OPEN,26470.272999999997,Home Goods & Decor - Home Goods - Kitchen / Housewares | Home Goods & Decor - Home Goods | Home Goods & Decor,Floral crosses & Wreaths,https://hibid.com/lot/322874614
864,322874615,185679,0.0,0,0,6,OPEN,26480.27,Home Goods & Decor - Home Goods - Kitchen / Housewares | Home Goods & Decor - Home Goods | Home Goods & Decor,"Tote full of a Variety of flowers, green foam",https://hibid.com/lot/322874615
865,322874616,185680,0.0,0,0,6,OPEN,26490.267,Antiques & Collectibles - Collectibles - Decorative - Ornaments | Antiques & Collectibles - Collectibles - Decorative | Antiques & Collectibles - Collectibles | Antiques & Collectibles,Tote of Variety of Christmas decorations,https://hibid.com/lot/322874616
866,322874617,185681,0.0,0,0,6,OPEN,26500.263,Home Goods & Decor - Home Goods - Lighting - Chandeliers | Home Goods & Decor - Home Goods - Lighting | Home Goods & Decor - Home Goods | Home Goods & Decor,Brass colored Chandelier,https://hibid.com/lot/322874617
867,322874618,185682,0.0,0,0,5,OPEN,26510.26,Antiques & Collectibles - Collectibles - Books | Antiques & Collectibles - Collectibles | Antiques & Collectibles,Back2Life Personal Back Therapist,https://hibid.com/lot/322874618
868,322874619,185683,3.0,0,2,5,OPEN,26520.256999999998,Business & Industrial - Business / Retail - Janitorial - Cleaning Equipment | Business & Industrial - Business / Retail - Janitorial | Business & Industrial - Business / Retail | Business & Industrial,Bissell Deep Steam Multi Purpose Cleaner,https://hibid.com/lot/322874619
869,322874620,185684,0.0,0,0,8,OPEN,26530.253,Home Goods & Decor - Home Goods - Kitchen / Housewares | Home Goods & Decor - Home Goods | Home Goods & Decor,Black Softside Rolling Suitcase W/Zipper Compartme,https://hibid.com/lot/322874620
870,322874621,185685,2.0,0,1,15,OPEN,26540.25,Antiques & Collectibles - Collectibles - Stoneware / Pfaltzgraff /Earthenware | Antiques & Collectibles - Collectibles | Antiques & Collectibles,Pfaltzgraff Village Pattern Stoneware Dishes,https://hibid.com/lot/322874621
872,322874623,185687,0.0,0,0,10,OPEN,26550.247,Home Goods & Decor - Home Goods - Kitchen / Housewares | Home Goods & Decor - Home Goods | Home Goods & Decor,"Colonial Fireside Dishes, Lucite Resin Napkin Hold",https://hibid.com/lot/322874623
873,322874624,185688,0.0,0,0,8,OPEN,26560.243,Antiques & Collectibles - Collectibles - Books | Antiques & Collectibles - Collectibles | Antiques & Collectibles,Romance Novels,https://hibid.com/lot/322874624
874,322874625,185689,0.0,0,0,9,OPEN,26570.239999999998,Antiques & Collectibles - Collectibles - Books | Antiques & Collectibles - Collectibles | Antiques & Collectibles,Paperback Romance Novels,https://hibid.com/lot/322874625
875,322874626,185690,0.0,0,0,3,OPEN,26580.236999999997,Antiques & Collectibles - Collectibles - Books | Antiques & Collectibles - Collectibles | Antiques & Collectibles,Thriller & Romance Novels,https://hibid.com/lot/322874626
876,322874627,185691,0.0,0,0,9,OPEN,26590.23,Antiques & Collectibles - Collectibles - Books | Antiques & Collectibles - Collectibles | Antiques & Collectibles,Paperback Romance Novels,https://hibid.com/lot/322874627
877,322874628,185693,0.0,0,0,7,OPEN,26600.23,Antiques & Collectibles - Collectibles - Books | Antiques & Collectibles - Collectibles | Antiques & Collectibles,Paperback Romance Novels,https://hibid.com/lot/322874628
878,322874629,185694,0.0,0,0,10,OPEN,26610.227,Antiques & Collectibles - Collectibles - Books | Antiques & Collectibles - Collectibles | Antiques & Collectibles,Paperback Romance Novels,https://hibid.com/lot/322874629
879,322874630,185695,0.0,0,0,9,OPEN,26620.219999999998,Antiques & Collectibles - Collectibles - Books | Antiques & Collectibles - Collectibles | Antiques & Collectibles,Paperback Romance Novels,https://hibid.com/lot/322874630
880,322874631,185696,0.0,0,0,8,OPEN,26630.217,Antiques & Collectibles - Collectibles - Books | Antiques & Collectibles - Collectibles | Antiques & Collectibles,Paperback Romance Novels,https://hibid.com/lot/322874631
881,322874632,185697,0.0,0,0,6,OPEN,26640.217,Antiques & Collectibles - Collectibles - Books | Antiques & Collectibles - Collectibles | Antiques & Collectibles,Fiction & Romance Novels,https://hibid.com/lot/322874632
882,322874633,185698,0.0,0,0,10,OPEN,26650.21,Antiques & Collectibles - Collectibles - Books | Antiques & Collectibles - Collectibles | Antiques & Collectibles,Paperback Romance Novels,https://hibid.com/lot/322874633
883,322874634,185699,2.0,0,1,8,OPEN,26660.199999999997,Antiques & Collectibles - Collectibles - Books | Antiques & Collectibles - Collectibles | Antiques & Collectibles,Paperback Romance Novels,https://hibid.com/lot/322874634
884,322874635,185700,0.0,0,0,7,OPEN,26670.197,Antiques & Collectibles - Collectibles - Books | Antiques & Collectibles - Collectibles | Antiques & Collectibles,Paperback Romance Novels,https://hibid.com/lot/322874635
885,322874636,185701,0.0,0,0,5,OPEN,26680.193,Antiques & Collectibles - Collectibles - Books | Antiques & Collectibles - Collectibles | Antiques & Collectibles,Fiction & Romance Novels,https://hibid.com/lot/322874636
886,322874637,185702,0.0,0,0,8,OPEN,26690.19,Antiques & Collectibles - Collectibles - Books | Antiques & Collectibles - Collectibles | Antiques & Collectibles,Paperback Romance Novels,https://hibid.com/lot/322874637
887,322874638,185703,2.0,0,1,3,OPEN,26700.186999999998,Antiques & Collectibles - Collectibles - Books | Antiques & Collectibles - Collectibles | Antiques & Collectibles,"Cookbook Assortment, Garden Problem Solver Book",https://hibid.com/lot/322874638
888,322874639,185704,0.0,0,0,7,OPEN,26710.182999999997,Antiques & Collectibles - Collectibles - Books | Antiques & Collectibles - Collectibles | Antiques & Collectibles,Paperback Romance Novels,https://hibid.com/lot/322874639
890,322874641,185706,0.0,0,0,5,OPEN,26730.18,Antiques & Collectibles - Collectibles - Books | Antiques & Collectibles - Collectibles | Antiques & Collectibles,Hardcover & Paper Back Novels (15),https://hibid.com/lot/322874641
891,322874642,185707,2.0,0,1,5,OPEN,26740.177,Antiques & Collectibles - Antiques - Antique Lamps | Antiques & Collectibles - Antiques | Antiques & Collectibles,Oil Lamps Chimney & Globe Style Shades (2),https://hibid.com/lot/322874642
892,322874644,185708,0.0,0,0,4,OPEN,26750.173,Antiques & Collectibles - Collectibles - Kitchen / Home | Antiques & Collectibles - Collectibles | Antiques & Collectibles,"Glass & Brass Square Case Anniversary Clock, Bell",https://hibid.com/lot/322874644
893,322874645,185709,2.0,0,1,3,OPEN,26760.17,Antiques & Collectibles - Antiques - Antique Lamps | Antiques & Collectibles - Antiques | Antiques & Collectibles,Clear Glass Oil Lamp W/Chimney's(3),https://hibid.com/lot/322874645
894,322874647,185710,3.0,0,2,3,OPEN,26768.936999999998,Antiques & Collectibles - Collectibles - Decorative - Vases / Jars | Antiques & Collectibles - Collectibles - Decorative | Antiques & Collectibles - Collectibles | Antiques & Collectibles,Brass& Crystal Candlestick Holders W/Marble Bases,https://hibid.com/lot/322874647
895,322874649,185711,2.0,0,1,4,OPEN,26778.932999999997,Home Goods & Decor - Home Goods - Kitchen / Housewares | Home Goods & Decor - Home Goods | Home Goods & Decor,"Santa Claus Cookie Jar, Candle Holders (2)",https://hibid.com/lot/322874649
896,322874650,185712,2.0,0,1,5,OPEN,26788.93,Antiques & Collectibles - Collectibles - Decorative - Vases / Jars | Antiques & Collectibles - Collectibles - Decorative | Antiques & Collectibles - Collectibles | Antiques & Collectibles,"Ceramic Teapot, Mustache Mug,Crackle Glass Vase",https://hibid.com/lot/322874650
897,322874652,185713,6.0,0,4,4,OPEN,26798.927,Home Goods & Decor - Home Goods - Bed / Bath Items | Home Goods & Decor - Home Goods | Home Goods & Decor,"Vanity Dresser Set ,Hand & Tabletop Mirrors",https://hibid.com/lot/322874652
898,322874654,185716,0.0,0,0,4,OPEN,26808.923,Antiques & Collectibles - Collectibles - Figurines | Antiques & Collectibles - Collectibles | Antiques & Collectibles,"Timex Anniversary Clock, Plaster Figurine Young",https://hibid.com/lot/322874654
899,322874655,185717,2.0,0,1,4,OPEN,26818.923,Antiques & Collectibles - Collectibles - Figurines | Antiques & Collectibles - Collectibles | Antiques & Collectibles,Cherished Teddies Miniature Nativity Collection,https://hibid.com/lot/322874655
900,322874656,185718,3.0,0,2,5,OPEN,26828.92,Toys - Dolls | Toys,"Angel Candle Holder, Christmas Angel Doll",https://hibid.com/lot/322874656
901,323034343,185745,0.0,0,0,7,OPEN,26838.913,Lawn & Garden - Outdoors | Lawn & Garden,Christmas Mailbox Set (2),https://hibid.com/lot/323034343
902,323034344,185746,0.0,0,0,5,OPEN,26848.91,Antiques & Collectibles - Collectibles - Figurines | Antiques & Collectibles - Collectibles | Antiques & Collectibles,Resin Angel Figurines By Roman,https://hibid.com/lot/323034344
903,323034345,185747,2.0,0,1,5,OPEN,26858.907,Antiques & Collectibles - Collectibles - Figurines | Antiques & Collectibles - Collectibles | Antiques & Collectibles,"Teddy Babies Figurines, Cherished Teddies",https://hibid.com/lot/323034345
904,323034346,185748,0.0,0,0,6,OPEN,26868.903,Antiques & Collectibles - Collectibles - Figurines | Antiques & Collectibles - Collectibles | Antiques & Collectibles,"Cherished Teddies, Teddy Bear Figurines",https://hibid.com/lot/323034346
905,323034347,185749,0.0,0,0,7,OPEN,26878.899999999998,Antiques & Collectibles - Antiques - Lighting Fixtures | Antiques & Collectibles - Antiques | Antiques & Collectibles,Round Ceiling Light Fixture W/Glass Shade,https://hibid.com/lot/323034347
906,323034348,185750,2.0,0,1,5,OPEN,26888.899999999998,Home Goods & Decor - Home Goods - Kitchen / Housewares | Home Goods & Decor - Home Goods | Home Goods & Decor,Farm Design Seat Cushions (2),https://hibid.com/lot/323034348
907,323034349,185751,0.0,0,0,4,OPEN,26898.896999999997,Antiques & Collectibles - Collectibles - Figurines | Antiques & Collectibles - Collectibles | Antiques & Collectibles,"Music Box Pieces(2), Porcelain Dolls(2)",https://hibid.com/lot/323034349
908,323034350,185752,0.0,0,0,3,OPEN,26908.893,Antiques & Collectibles - Collectibles - Figurines | Antiques & Collectibles - Collectibles | Antiques & Collectibles,Cherished Teddies Figurines(2) & Plates(2),https://hibid.com/lot/323034350
909,323034351,185753,2.0,0,1,4,OPEN,26918.89,Toys - Action Figures | Toys,"Scholaropod Dino, Uncle Samosaurus Dino Figures",https://hibid.com/lot/323034351
910,323034353,185754,2.0,0,1,6,OPEN,26928.879999999997,Antiques & Collectibles - Collectibles - Figurines | Antiques & Collectibles - Collectibles | Antiques & Collectibles,"Peacock Figurine, Console Bowl, Rooster Figurines",https://hibid.com/lot/323034353
911,323034361,185755,0.0,0,0,5,OPEN,26938.879999999997,Antiques & Collectibles - Collectibles - Figurines | Antiques & Collectibles - Collectibles | Antiques & Collectibles,Thomas Kinkade Lighted Cottage-Heather's Hutch,https://hibid.com/lot/323034361
912,323034363,185756,0.0,0,0,9,OPEN,26948.879999999997,Antiques & Collectibles - Collectibles - Kitchen / Home | Antiques & Collectibles - Collectibles | Antiques & Collectibles,"Metal Basket & Bowl, Footed Crystal Floral Silver",https://hibid.com/lot/323034363
913,323034365,185757,0.0,0,0,5,OPEN,26958.877,Toys - Bears / Stuffed Animals | Toys,Assorted 4th Generation TY Beanie Babies (10),https://hibid.com/lot/323034365
914,323034367,185758,0.0,0,0,4,OPEN,26968.873,Toys - Bears / Stuffed Animals | Toys,4th Generation TY Bear Assortment(10),https://hibid.com/lot/323034367
915,323034369,185759,2.0,0,1,6,OPEN,26978.87,Toys - Bears / Stuffed Animals | Toys,4th Generation TY Beanies Animals (10),https://hibid.com/lot/323034369
916,323034370,185760,0.0,0,0,6,OPEN,26988.867,Toys - Bears / Stuffed Animals | Toys,4th Generation TY Beanies Babies (10),https://hibid.com/lot/323034370
917,323034372,185761,0.0,0,0,4,OPEN,26998.862999999998,Toys - Bears / Stuffed Animals | Toys,4th Generation TY Beanies (10),https://hibid.com/lot/323034372
918,323034374,185762,2.0,0,1,4,OPEN,27008.86,Toys - Bears / Stuffed Animals | Toys,4th Generation TY Beanies (10),https://hibid.com/lot/323034374
919,323034376,185763,4.0,0,3,4,OPEN,27018.857,Toys - Bears / Stuffed Animals | Toys,4th Generation TY Beanies (10),https://hibid.com/lot/323034376
920,323034378,185764,2.0,0,1,5,OPEN,27028.85,Toys - Bears / Stuffed Animals | Toys,4th Generation TY Beanies (10),https://hibid.com/lot/323034378
921,323034388,185765,2.0,0,1,5,OPEN,27038.85,Toys - Bears / Stuffed Animals | Toys,4th Generation TY Beanies (10),https://hibid.com/lot/323034388
922,323034390,185766,2.0,0,1,5,OPEN,27048.846999999998,Toys - Bears / Stuffed Animals | Toys,4th Generation TY Beanies (10),https://hibid.com/lot/323034390
923,323034391,185767,2.0,0,1,4,OPEN,27058.842999999997,Toys - Bears / Stuffed Animals | Toys,4th Generation TY Beanies (10),https://hibid.com/lot/323034391
924,323034393,185768,2.0,0,1,4,OPEN,27068.84,Toys - Bears / Stuffed Animals | Toys,4th Generation TY Beanies (10),https://hibid.com/lot/323034393
925,323034395,185769,2.0,0,1,5,OPEN,27078.837,Toys - Bears / Stuffed Animals | Toys,4th Generation TY Beanies (11),https://hibid.com/lot/323034395
926,323034397,185770,0.0,0,0,5,OPEN,27088.833,Toys - Bears / Stuffed Animals | Toys,"1999 Beanie Babies Calendar, Avon Full of Beans",https://hibid.com/lot/323034397
927,323034399,185771,2.0,0,1,4,OPEN,27098.829999999998,Toys - Bears / Stuffed Animals | Toys,4th Generation TY Beanies (10),https://hibid.com/lot/323034399
928,323034401,185772,7.0,0,6,4,OPEN,27108.826999999997,Toys - Bears / Stuffed Animals | Toys,Walt Disney 7 Dwarfs Stuffed Plushies,https://hibid.com/lot/323034401
929,323034402,185773,6.0,0,5,6,OPEN,27118.823,Antiques & Collectibles - Collectibles - Kitchen / Home | Antiques & Collectibles - Collectibles | Antiques & Collectibles,"Green Glass Waffle Pattern Shakers(2), Spool Shape",https://hibid.com/lot/323034402
930,323034404,185774,3.0,0,2,10,OPEN,27128.82,Antiques & Collectibles - Collectibles - Figurines | Antiques & Collectibles - Collectibles | Antiques & Collectibles,"Chalkware Fruit Plaques, Ceramic Quail Figurines",https://hibid.com/lot/323034404
931,323034414,185775,0.0,0,0,5,OPEN,27138.82,Home Goods & Decor - Home Goods - Kitchen / Housewares | Home Goods & Decor - Home Goods | Home Goods & Decor,"Clear Glass Pitcher. Footed Sherbet Dishes,Glasses",https://hibid.com/lot/323034414
932,323034416,185776,0.0,0,0,3,OPEN,27148.813,Antiques & Collectibles - Collectibles - Kitchen / Home | Antiques & Collectibles - Collectibles | Antiques & Collectibles,MCDonald's Garfield Mugs (8),https://hibid.com/lot/323034416
933,323034419,185777,0.0,0,0,5,OPEN,27158.813,Home Goods & Decor - Home Goods - Kitchen / Housewares | Home Goods & Decor - Home Goods | Home Goods & Decor,Clear Glass Coffee Mugs (8),https://hibid.com/lot/323034419
934,323034422,185778,0.0,0,0,5,OPEN,27168.809999999998,Business & Industrial - Restaurant / Food Industry - Glassware | Business & Industrial - Restaurant / Food Industry | Business & Industrial,Assorted Rocks Glasses (15),https://hibid.com/lot/323034422
935,323034424,185779,0.0,0,0,4,OPEN,27178.806999999997,Antiques & Collectibles - Collectibles - Advertising | Antiques & Collectibles - Collectibles | Antiques & Collectibles,"Coca-Cola Glass, Assorted Glasses (13)",https://hibid.com/lot/323034424
936,323034426,185780,0.0,0,0,5,OPEN,27188.803,Home Goods & Decor - Home Goods - Kitchen / Housewares | Home Goods & Decor - Home Goods | Home Goods & Decor,"Coffee Cups(8), Tumbler, Rocks Glass",https://hibid.com/lot/323034426
937,323034429,185781,41.0,0,14,9,OPEN,27198.8,Antiques & Collectibles - Collectibles - Decorative - Bowls | Antiques & Collectibles - Collectibles - Decorative | Antiques & Collectibles - Collectibles | Antiques & Collectibles,"Green Glass Moon & Stars Pattern Footed Bowl, Tall",https://hibid.com/lot/323034429
938,323034430,185782,2.0,0,1,10,OPEN,27208.797,Fashion - Men's Clothing - Tops | Fashion - Men's Clothing | Fashion,"I.H., Pioneer, B&W Co-op Baseball Caps & More",https://hibid.com/lot/323034430
939,323034431,185783,2.0,0,1,8,OPEN,27218.789999999997,Construction & Farm - Shop / Warehouse - Scales / Hoists | Construction & Farm - Shop / Warehouse | Construction & Farm,Way Rite & Hanson 25lb Kitchen & Mercantile Scales,https://hibid.com/lot/323034431
940,323034432,185784,8.0,0,4,8,OPEN,27228.789999999997,Antiques & Collectibles - Collectibles - Kitchen / Home | Antiques & Collectibles - Collectibles | Antiques & Collectibles,"Wooden and Glass Washboard, Van Atten's Outdoor 68",https://hibid.com/lot/323034432
941,323034433,185785,6.0,0,2,6,OPEN,27238.787,Lawn & Garden - Outdoors | Lawn & Garden,Deshler Mail Box Cylindrical Galvanized Tube,https://hibid.com/lot/323034433
942,323034435,185786,93.0,0,6,3,OPEN,27248.783,Antiques & Collectibles - Collectibles - Automobilia | Antiques & Collectibles - Collectibles | Antiques & Collectibles,Republic Truck Emblem,https://hibid.com/lot/323034435
944,323034440,185788,0.0,0,0,7,OPEN,27268.78,Antiques & Collectibles - Collectibles - Decorative - Plates | Antiques & Collectibles - Collectibles - Decorative | Antiques & Collectibles - Collectibles | Antiques & Collectibles,Decorative Plates (7),https://hibid.com/lot/323034440
945,323034442,185789,65.0,0,30,10,OPEN,27278.777,Antiques & Collectibles - Collectibles - Kitchen / Home | Antiques & Collectibles - Collectibles | Antiques & Collectibles,The Old Curiosity Shop Green Transferware Dishes,https://hibid.com/lot/323034442
946,323034444,185790,0.0,0,0,10,OPEN,27288.772999999997,Home Goods & Decor - Home Goods - Kitchen / Housewares | Home Goods & Decor - Home Goods | Home Goods & Decor,"Pyrex & Anchor Hocking Ovenware Glass Bowls, Pan",https://hibid.com/lot/323034444
947,323034446,185791,0.0,0,0,8,OPEN,27298.77,Home Goods & Decor - Home Goods - Kitchen / Housewares | Home Goods & Decor - Home Goods | Home Goods & Decor,"Vignaud Limoges Dinner Plates(9),Corning Ware Pan",https://hibid.com/lot/323034446
948,323034448,185792,2.0,0,1,19,OPEN,27308.767,Antiques & Collectibles - Collectibles - Kitchen / Home | Antiques & Collectibles - Collectibles | Antiques & Collectibles,Noritake China Dinnerware-Crestmont Pattern,https://hibid.com/lot/323034448
950,323034451,185794,0.0,0,0,8,OPEN,27318.763,Home Goods & Decor - Home Goods - Kitchen / Housewares | Home Goods & Decor - Home Goods | Home Goods & Decor,"Clear Glass Punch Bowls(2), 8 Glass Cups",https://hibid.com/lot/323034451
951,323034457,185795,2.0,0,1,5,OPEN,27328.76,Antiques & Collectibles - Collectibles - Figurines | Antiques & Collectibles - Collectibles | Antiques & Collectibles,Ceramic and Porcelain Figurines,https://hibid.com/lot/323034457
952,323034459,185796,3.0,0,2,8,OPEN,27338.756999999998,Home Goods & Decor - Home Goods - Kitchen / Housewares | Home Goods & Decor - Home Goods | Home Goods & Decor,Corning Ware Blue Cornflower Menuette Skillets,https://hibid.com/lot/323034459
953,323034461,185797,0.0,0,0,7,OPEN,27348.752999999997,Antiques & Collectibles - Collectibles - Decorative - Vases / Jars | Antiques & Collectibles - Collectibles - Decorative | Antiques & Collectibles - Collectibles | Antiques & Collectibles,Clear Glass Apothecary and Storage Jars W/Lids,https://hibid.com/lot/323034461
954,323034463,185798,3.0,0,2,11,OPEN,27358.75,Home Goods & Decor - Home Goods - Kitchen / Housewares | Home Goods & Decor - Home Goods | Home Goods & Decor,"Woven Wood Picnic/Pie Basket , Charles Cookies Tin",https://hibid.com/lot/323034463
955,323034464,185799,6.0,0,4,11,OPEN,27368.747,Home Goods & Decor - Home Goods - Kitchen / Housewares | Home Goods & Decor - Home Goods | Home Goods & Decor,"Wooden Wall Mounted Spice Rack W/Jars, Wall Shelf",https://hibid.com/lot/323034464
956,323034466,185800,0.0,0,0,7,OPEN,27378.747,Business & Industrial - Business / Retail - Janitorial - Cleaning Equipment | Business & Industrial - Business / Retail - Janitorial | Business & Industrial - Business / Retail | Business & Industrial,"Hoover Wet/Dry Hand Vac, Waffle Drawer Liner, Hand",https://hibid.com/lot/323034466
957,323034468,185801,2.0,0,1,13,OPEN,27388.739999999998,Home Goods & Decor - Home Goods - Kitchen / Housewares | Home Goods & Decor - Home Goods | Home Goods & Decor,"Pyrex Glass Removable Handle, Lantern Battery Opt",https://hibid.com/lot/323034468
958,323034469,185802,0.0,0,0,4,OPEN,27398.739999999998,Construction & Farm - Shop / Warehouse - Parts / Accessories | Construction & Farm - Shop / Warehouse | Construction & Farm,"Flush Lever, 20 AMP Fuses, Furniture Movers",https://hibid.com/lot/323034469
959,323034470,185803,2.0,0,1,6,OPEN,27408.736999999997,Home Goods & Decor - Home Goods - Kitchen / Housewares | Home Goods & Decor - Home Goods | Home Goods & Decor,Manual Cast Iron or Metal Meat Grinders,https://hibid.com/lot/323034470
960,323034471,185804,2.0,0,1,9,OPEN,27418.73,Home Goods & Decor - Home Goods - Kitchen / Housewares | Home Goods & Decor - Home Goods | Home Goods & Decor,"Caravan Spinning Serving Tray, Rolling Pins,Slicer",https://hibid.com/lot/323034471
961,323034476,185805,11.0,0,5,7,OPEN,27428.73,Home Goods & Decor - Home Goods - Kitchen / Housewares | Home Goods & Decor - Home Goods | Home Goods & Decor,"15In Baking Stone, Kitchen Aide Stainless 4 1/2 QT",https://hibid.com/lot/323034476
962,323034478,185806,0.0,0,0,6,OPEN,27438.727,Art - Pottery / Ceramics | Art,Pottery Bicentennial Liberty Belk Milk Can Cookie,https://hibid.com/lot/323034478
963,323034480,185807,12.0,0,9,4,OPEN,27448.722999999998,Home Goods & Decor - Home Goods - Kitchen / Housewares | Home Goods & Decor - Home Goods | Home Goods & Decor,Stoneware Cookie Jar from the 1970's,https://hibid.com/lot/323034480
964,323034482,185808,2.0,0,1,9,OPEN,27458.719999999998,Toys - Vintage / Antique Toys | Toys,"Fisher Price Toys, Tupperware Shape O Sorter Toy",https://hibid.com/lot/323034482
965,323034484,185809,2.0,0,1,5,OPEN,27468.717,Toys - Vintage / Antique Toys | Toys,"Little Tikes Toddle Fire Truck, Tonka Fire Truck",https://hibid.com/lot/323034484
966,323034486,185810,0.0,0,0,4,OPEN,27478.713,Toys - Vintage / Antique Toys | Toys,Die-cast Toy Vehicles and Miniature Cars,https://hibid.com/lot/323034486
967,323034488,185811,2.0,0,1,6,OPEN,27488.71,Sporting Goods - Firearms / Weapons - Airsoft / Paintball / Pellet / BB Guns | Sporting Goods - Firearms / Weapons | Sporting Goods,"Toy Vehicles and Action Figure,Daisy Air Pistol",https://hibid.com/lot/323034488
968,323034489,185812,2.0,0,1,4,OPEN,27498.71,Antiques & Collectibles - Collectibles - Kitchen / Home | Antiques & Collectibles - Collectibles | Antiques & Collectibles,"Blow Mold Piggy Bank, Alexander's Star 3D Puzzle",https://hibid.com/lot/323034489
969,323034490,185813,0.0,0,0,6,OPEN,27508.707,Toys - Trains / Railroad | Toys,"Battery Opt Talking Train, Big Wing Biplane, Toy T",https://hibid.com/lot/323034490
970,323034491,185814,0.0,0,0,8,OPEN,27518.702999999998,Toys - Vintage / Antique Toys | Toys,"Die-cast Red Tractor and Wagon, Green Toy Tractor",https://hibid.com/lot/323034491
971,323034492,185815,3.0,0,2,8,OPEN,27528.699999999997,Home Goods & Decor - Home Goods - Kitchen / Housewares | Home Goods & Decor - Home Goods | Home Goods & Decor,Cathy Multi Panel Comic Print Umbrella,https://hibid.com/lot/323034492
972,323034493,185816,0.0,0,0,6,OPEN,27538.697,Sporting Goods - Sporting Goods / Outdoor Recreation - Outdoor Games & Sports Equipment | Sporting Goods - Sporting Goods / Outdoor Recreation | Sporting Goods,"Racquet Sports Equipment, Ball Mitts & Balls",https://hibid.com/lot/323034493
973,323034495,185817,2.0,0,1,13,OPEN,27548.693,Sporting Goods - Hunting & Trapping | Sporting Goods,"30-06 Springfield Shells, Hunting Cushions, H",https://hibid.com/lot/323034495
974,323034497,185818,2.0,0,1,5,OPEN,27558.69,Antiques & Collectibles - Antiques - Clocks - Wall | Antiques & Collectibles - Antiques - Clocks | Antiques & Collectibles - Antiques | Antiques & Collectibles,Live Edge Wood Slab Wall Clocks(2),https://hibid.com/lot/323034497
975,323034499,185819,3.0,0,2,3,OPEN,27568.69,Construction & Farm - Building Supplies - Lumber | Construction & Farm - Building Supplies | Construction & Farm,Unfinished Live Edge Wood Pieces (2),https://hibid.com/lot/323034499
976,323034500,185820,2.0,0,1,4,OPEN,27578.686999999998,Antiques & Collectibles - Collectibles - Decorative - Vases / Jars | Antiques & Collectibles - Collectibles - Decorative | Antiques & Collectibles - Collectibles | Antiques & Collectibles,Clear Glass Barrel Shaped Jar Wire Bail & Wood Han,https://hibid.com/lot/323034500
977,323034502,185821,15.0,0,9,6,OPEN,27588.682999999997,Antiques & Collectibles - Collectibles - Kitchen / Home | Antiques & Collectibles - Collectibles | Antiques & Collectibles,Bell No.2 Cast Iron Bell Yoke or Mounting Bracket,https://hibid.com/lot/323034502
978,323034504,185822,2.0,0,1,3,OPEN,27598.68,Construction & Farm - Shop / Warehouse - Saws / Drills | Construction & Farm - Shop / Warehouse | Construction & Farm,Cross Cut Saw Blade,https://hibid.com/lot/323034504
979,323034506,185823,5.0,0,3,12,OPEN,27608.677,Home Goods & Decor - Home Goods - Musical Instruments | Home Goods & Decor - Home Goods | Home Goods & Decor,"Selmer Bundy II Saxophone In A Case, Metal Detecto",https://hibid.com/lot/323034506
979B,323218633,186222,2.0,0,1,7,OPEN,27618.673,Home Goods & Decor - Home Goods - Kitchen / Housewares | Home Goods & Decor - Home Goods | Home Goods & Decor,Bonus Lot,https://hibid.com/lot/323218633
980,323034508,185824,2.0,0,1,8,OPEN,27628.67,Construction & Farm - Shop / Warehouse - Saws / Drills | Construction & Farm - Shop / Warehouse | Construction & Farm,"Makita 10"" Saw",https://hibid.com/lot/323034508
981,323034512,185825,0.0,0,0,14,OPEN,27638.666999999998,Construction & Farm - Shop / Warehouse - Saws / Drills | Construction & Farm - Shop / Warehouse | Construction & Farm,Black & Decker Electric Circular Saw,https://hibid.com/lot/323034512
982,323034513,185826,2.0,0,1,18,OPEN,27648.66,Lawn & Garden - Tools/Hand held items - Power Tools | Lawn & Garden - Tools/Hand held items | Lawn & Garden,Black & Decker Electric Sander/Polisher & Grinder,https://hibid.com/lot/323034513
983,323034514,185827,0.0,0,0,16,OPEN,27658.66,Construction & Farm - Shop / Warehouse - Saws / Drills | Construction & Farm - Shop / Warehouse | Construction & Farm,"Craftsman Sabre Saw, Tru-Test Drill",https://hibid.com/lot/323034514
984,323034515,185828,0.0,0,0,15,OPEN,27668.653,Construction & Farm - Shop / Warehouse - Saws / Drills | Construction & Farm - Shop / Warehouse | Construction & Farm,"Craftsman Reciprocating Saw, Deluxe Zipp Saw",https://hibid.com/lot/323034515
985,323034517,185829,0.0,0,0,12,OPEN,27678.649999999998,Lawn & Garden - Tools/Hand held items - Power Tools | Lawn & Garden - Tools/Hand held items | Lawn & Garden,"1/2"" Electric Hammer Drill",https://hibid.com/lot/323034517
986,323034519,185830,2.0,0,1,11,OPEN,27688.646999999997,Construction & Farm - Shop / Warehouse - Saws / Drills | Construction & Farm - Shop / Warehouse | Construction & Farm,Craftsman Industrial Reciprocating Saw in Case,https://hibid.com/lot/323034519
987,323034521,185831,0.0,0,0,7,OPEN,27698.643,Construction & Farm - Shop / Warehouse - Automotive | Construction & Farm - Shop / Warehouse | Construction & Farm,Worx Battery Charger and Charger,https://hibid.com/lot/323034521
988,323034524,185832,0.0,0,0,10,OPEN,27708.64,Lawn & Garden - Tools/Hand held items - Power Tools | Lawn & Garden - Tools/Hand held items | Lawn & Garden,DeWalt Battery Operated Drill in Metal Case,https://hibid.com/lot/323034524
989,323034526,185833,2.0,0,1,10,OPEN,27718.637,Lawn & Garden - Tools/Hand held items - Power Tools | Lawn & Garden - Tools/Hand held items | Lawn & Garden,"Pro-Tech 10"" Buffer/ Polisher, Skil 3/8” Drill",https://hibid.com/lot/323034526
990,323034528,185834,0.0,0,0,18,OPEN,27728.632999999998,Lawn & Garden - Tools/Hand held items - Power Tools | Lawn & Garden - Tools/Hand held items | Lawn & Garden,"Skil Jig Saw, Heat Gun & Black & Decker Sander",https://hibid.com/lot/323034528
991,323034533,185835,0.0,0,0,11,OPEN,27738.629999999997,Lawn & Garden - Tools/Hand held items - Power Tools | Lawn & Garden - Tools/Hand held items | Lawn & Garden,"Angle Grinder, Cordless Drill w/ Battery",https://hibid.com/lot/323034533
992,323034536,185836,0.0,0,0,12,OPEN,27748.627,Lawn & Garden - Tools/Hand held items - Power Tools | Lawn & Garden - Tools/Hand held items | Lawn & Garden,Black & Decker Circular Saw & Belt Sander,https://hibid.com/lot/323034536
993,323034539,185837,0.0,0,0,10,OPEN,27758.623,Construction & Farm - Shop / Warehouse - Saws / Drills | Construction & Farm - Shop / Warehouse | Construction & Farm,Black and Decker 7 1/4 circular saws (2),https://hibid.com/lot/323034539
994,323034542,185838,0.0,0,0,16,OPEN,27768.62,Construction & Farm - Shop / Warehouse - Painting | Construction & Farm - Shop / Warehouse | Construction & Farm,Pneumatic Paint Sprayers,https://hibid.com/lot/323034542
995,323034546,185839,3.0,0,2,12,OPEN,27777.34,Lawn & Garden - Tools/Hand held items - Power Tools | Lawn & Garden - Tools/Hand held items | Lawn & Garden,Remington Power Actuated Tool,https://hibid.com/lot/323034546
996,323034547,185840,0.0,0,0,6,OPEN,27787.337,Construction & Farm - Shop / Warehouse - Parts / Accessories | Construction & Farm - Shop / Warehouse | Construction & Farm,Hardware Organizer with contents,https://hibid.com/lot/323034547
997,323034548,185841,2.0,0,1,5,OPEN,27797.333,Construction & Farm - Shop / Warehouse - Parts / Accessories | Construction & Farm - Shop / Warehouse | Construction & Farm,Hardware Organizer and contents,https://hibid.com/lot/323034548
998,323034549,185842,3.0,0,2,9,OPEN,27807.329999999998,Sporting Goods - Fishing | Sporting Goods,Plano tackle box and contents,https://hibid.com/lot/323034549
999,323034550,185843,2.0,0,1,14,OPEN,27817.326999999997,Lawn & Garden - Tools/Hand held items - Hand Tools | Lawn & Garden - Tools/Hand held items | Lawn & Garden,"Sockets, Allen wrenches, Pistol Grip screwdriver",https://hibid.com/lot/323034550
1000,323034551,185844,2.0,0,1,5,OPEN,27827.323,Lawn & Garden - Tools/Hand held items - Hand Tools | Lawn & Garden - Tools/Hand held items | Lawn & Garden,"Ball ping hammers, Hammers (2)",https://hibid.com/lot/323034551
1001,323034557,185845,2.0,0,1,6,OPEN,27837.32,Lawn & Garden - Tools/Hand held items - Hand Tools | Lawn & Garden - Tools/Hand held items | Lawn & Garden,"Hammers, Rubber Mallet, Ball ping Hammer",https://hibid.com/lot/323034557
1002,323034559,185846,2.0,0,1,7,OPEN,27847.317,Lawn & Garden - Tools/Hand held items - Hand Tools | Lawn & Garden - Tools/Hand held items | Lawn & Garden,Socket set,https://hibid.com/lot/323034559
1003,323034560,185847,2.0,0,1,4,OPEN,27857.313,Lawn & Garden - Tools/Hand held items - Hand Tools | Lawn & Garden - Tools/Hand held items | Lawn & Garden,Estwing E3-CA shingle roofing / drywall hatchet,https://hibid.com/lot/323034560
1004,323034561,185848,2.0,0,1,4,OPEN,27867.309999999998,Lawn & Garden - Tools/Hand held items - Hand Tools | Lawn & Garden - Tools/Hand held items | Lawn & Garden,Vintage Pipe wrenches,https://hibid.com/lot/323034561
1005,323034562,185849,2.0,0,1,4,OPEN,27877.306999999997,Lawn & Garden - Tools/Hand held items - Hand Tools | Lawn & Garden - Tools/Hand held items | Lawn & Garden,Vintage Pipe wrenches,https://hibid.com/lot/323034562
1006,323034563,185850,0.0,0,0,6,OPEN,27887.303,Lawn & Garden - Tools/Hand held items - Hand Tools | Lawn & Garden - Tools/Hand held items | Lawn & Garden,Assorted screwdrivers,https://hibid.com/lot/323034563
1007,323034564,185851,0.0,0,0,8,OPEN,27897.3,Lawn & Garden - Tools/Hand held items - Hand Tools | Lawn & Garden - Tools/Hand held items | Lawn & Garden,Assorted Screwdrivers,https://hibid.com/lot/323034564
1008,323034565,185852,2.0,0,1,7,OPEN,27907.297,Lawn & Garden - Tools/Hand held items - Hand Tools | Lawn & Garden - Tools/Hand held items | Lawn & Garden,Standard Wrenches,https://hibid.com/lot/323034565
1009,323034566,185853,2.0,0,1,13,OPEN,27917.292999999998,Lawn & Garden - Tools/Hand held items - Hand Tools | Lawn & Garden - Tools/Hand held items | Lawn & Garden,"Tin bucket wedges, Thorsen socket set",https://hibid.com/lot/323034566
1010,323034567,185854,0.0,0,0,11,OPEN,27927.289999999997,Sporting Goods - Fishing | Sporting Goods,Fenwick 1040 tackle box with contents,https://hibid.com/lot/323034567
1011,323034568,185855,0.0,0,0,7,OPEN,27937.287,Construction & Farm - Shop / Warehouse - Automotive | Construction & Farm - Shop / Warehouse | Construction & Farm,Schumacher Power Converter,https://hibid.com/lot/323034568
1012,323034569,185856,2.0,0,1,4,OPEN,27947.28,Lawn & Garden - Tools/Hand held items - Hand Tools | Lawn & Garden - Tools/Hand held items | Lawn & Garden,Pipe wrenches,https://hibid.com/lot/323034569
1013,323034570,185857,2.0,0,1,4,OPEN,27957.28,Lawn & Garden - Tools/Hand held items - Hand Tools | Lawn & Garden - Tools/Hand held items | Lawn & Garden,Vintage Pipe wrenches,https://hibid.com/lot/323034570
1014,323034571,185858,0.0,0,0,7,OPEN,27967.277,Antiques & Collectibles - Antiques - Antique Tools | Antiques & Collectibles - Antiques | Antiques & Collectibles,Antique Cast Iron Wood stove lid lifter with w,https://hibid.com/lot/323034571
1015,323034572,185859,4.0,0,3,10,OPEN,27977.27,Lawn & Garden - Tools/Hand held items - Hand Tools | Lawn & Garden - Tools/Hand held items | Lawn & Garden,C Clamps (9),https://hibid.com/lot/323034572
1016,323034573,185860,0.0,0,0,10,OPEN,27987.267,Lawn & Garden - Tools/Hand held items - Hand Tools | Lawn & Garden - Tools/Hand held items | Lawn & Garden,"Extra long screwdrivers, drill bits, assorted",https://hibid.com/lot/323034573
1017,323034574,185861,0.0,0,0,9,OPEN,27997.263,Lawn & Garden - Tools/Hand held items - Hand Tools | Lawn & Garden - Tools/Hand held items | Lawn & Garden,"Long Screwdrivers, Drill Bits, Pliers",https://hibid.com/lot/323034574
1018,323034575,185862,2.0,0,1,10,OPEN,28007.26,Lawn & Garden - Tools/Hand held items - Hand Tools | Lawn & Garden - Tools/Hand held items | Lawn & Garden,"Hand Riveter, Wrenches, Rubber mallet",https://hibid.com/lot/323034575
1019,323034576,185863,0.0,0,0,6,OPEN,28017.256999999998,Construction & Farm - Shop / Warehouse - Saws / Drills | Construction & Farm - Shop / Warehouse | Construction & Farm,"Carpenter squares, level saw blades",https://hibid.com/lot/323034576
1020,323034577,185864,2.0,0,1,7,OPEN,28027.252999999997,Construction & Farm - Shop / Warehouse - Saws / Drills | Construction & Farm - Shop / Warehouse | Construction & Farm,"Circular saw blades,",https://hibid.com/lot/323034577
1021,323034578,185865,2.0,0,1,8,OPEN,28037.25,Lawn & Garden - Tools/Hand held items - Hand Tools | Lawn & Garden - Tools/Hand held items | Lawn & Garden,"Crescent wrenches, Pliers",https://hibid.com/lot/323034578
1022,323034579,185866,0.0,0,0,8,OPEN,28047.247,Lawn & Garden - Tools/Hand held items - Hand Tools | Lawn & Garden - Tools/Hand held items | Lawn & Garden,Craftsman multi head Dog Bone Wrench,https://hibid.com/lot/323034579
1023,323034580,185867,0.0,0,0,8,OPEN,28057.243,Construction & Farm - Shop / Warehouse - Parts / Accessories | Construction & Farm - Shop / Warehouse | Construction & Farm,"Masonry drill bits,",https://hibid.com/lot/323034580
1024,323034581,185868,2.0,0,1,9,OPEN,28067.239999999998,Antiques & Collectibles - Antiques - Antique Tools | Antiques & Collectibles - Antiques | Antiques & Collectibles,"Vintage tools, Hoof nipper, Hand crank drill",https://hibid.com/lot/323034581
1025,323034582,185869,2.0,0,1,5,OPEN,28077.233,Lawn & Garden - Tools/Hand held items - Hand Tools | Lawn & Garden - Tools/Hand held items | Lawn & Garden,"Steel trowels wood handles, Steel file",https://hibid.com/lot/323034582
1026,323034583,185870,2.0,0,1,6,OPEN,28087.233,Construction & Farm - Building Supplies - Flooring | Construction & Farm - Building Supplies | Construction & Farm,Vinyl Floor Tiles,https://hibid.com/lot/323034583
1027,323034584,185871,2.0,0,1,3,OPEN,28097.23,Business & Industrial - Business / Retail - Janitorial - Cleaners / Cleaning Supplies | Business & Industrial - Business / Retail - Janitorial | Business & Industrial - Business / Retail | Business & Industrial,(2) Full one gallon jugs of deck wash,https://hibid.com/lot/323034584
1028,323034585,185872,2.0,0,1,13,OPEN,28107.222999999998,Lawn & Garden - Tools/Hand held items - Mixed Tools | Lawn & Garden - Tools/Hand held items | Lawn & Garden,5 gallon bucket with assorted toils,https://hibid.com/lot/323034585
1029,323034586,185873,21.0,0,5,7,OPEN,28117.219999999998,Construction & Farm - Shop / Warehouse - Saws / Drills | Construction & Farm - Shop / Warehouse | Construction & Farm,"Sear Craftsman 10 in Band saw, 1/3 HP",https://hibid.com/lot/323034586
1030,323034587,185874,13.0,0,8,4,OPEN,28127.216999999997,Construction & Farm - Shop / Warehouse - Jacks | Construction & Farm - Shop / Warehouse | Construction & Farm,"Black Jack Trailer Hitch, 3000lbs max capacity",https://hibid.com/lot/323034587
1031,323034588,185875,0.0,0,0,7,OPEN,28137.213,Construction & Farm - Shop / Warehouse - Jacks | Construction & Farm - Shop / Warehouse | Construction & Farm,Torin Black Jack hydraulic floor jack 2 1/2 tons,https://hibid.com/lot/323034588
1032,323034589,185876,0.0,0,0,6,OPEN,28147.21,Sporting Goods - Camping | Sporting Goods,Igloo Koolmate cooler,https://hibid.com/lot/323034589
1033,323034590,185877,0.0,0,0,7,OPEN,28157.21,Sporting Goods - Camping | Sporting Goods,Coleman Thermoelectric Cooler,https://hibid.com/lot/323034590
1034,323034591,185878,2.0,0,1,7,OPEN,28167.202999999998,Home Goods & Decor - Home Goods - Small Appliances | Home Goods & Decor - Home Goods | Home Goods & Decor,Air pump fan - has been tested,https://hibid.com/lot/323034591
1035,323034592,185879,2.0,0,1,5,OPEN,28177.199999999997,Business & Industrial - Business / Retail - Janitorial - Cleaning Equipment | Business & Industrial - Business / Retail - Janitorial | Business & Industrial - Business / Retail | Business & Industrial,Go Clean Household Wet/Dry Vac- has been tested,https://hibid.com/lot/323034592
1036,323034593,185880,0.0,0,0,5,OPEN,28187.199999999997,Home Goods & Decor - Home Goods - Bed / Bath Items | Home Goods & Decor - Home Goods | Home Goods & Decor,"Compress and Bandage , gauze for the field",https://hibid.com/lot/323034593
1037,323034594,185881,0.0,0,0,7,OPEN,28197.197,Construction & Farm - Shop / Warehouse - Saws / Drills | Construction & Farm - Shop / Warehouse | Construction & Farm,Bow and Hack Saws,https://hibid.com/lot/323034594
1038,323034595,185882,5.0,0,4,5,OPEN,28207.19,Lawn & Garden - Tools/Hand held items - Hand Tools | Lawn & Garden - Tools/Hand held items | Lawn & Garden,Hand Forged Log Rolling tool,https://hibid.com/lot/323034595
1039,323034596,185883,9.0,0,8,4,OPEN,28217.19,Antiques & Collectibles - Antiques - Antique Tools | Antiques & Collectibles - Antiques | Antiques & Collectibles,Vintage Ice Block Tongs-cast iron,https://hibid.com/lot/323034596
1040,323034597,185884,4.0,0,3,4,OPEN,28227.186999999998,Antiques & Collectibles - Antiques - Antique Tools | Antiques & Collectibles - Antiques | Antiques & Collectibles,Cast Iron Wishbone shape ice block tongs,https://hibid.com/lot/323034597
1041,323034598,185885,2.0,0,1,4,OPEN,28237.182999999997,Antiques & Collectibles - Antiques - Antique Tools | Antiques & Collectibles - Antiques | Antiques & Collectibles,Cast iron Ice Block tongs,https://hibid.com/lot/323034598
1042,323034599,185886,0.0,0,0,4,OPEN,28247.18,Lawn & Garden - Tools/Hand held items - Hand Tools | Lawn & Garden - Tools/Hand held items | Lawn & Garden,"Pry bar, Tire irons, Small pry bar",https://hibid.com/lot/323034599
1043,323034600,185887,2.0,0,1,4,OPEN,28257.177,Antiques & Collectibles - Antiques - Antique Tools | Antiques & Collectibles - Antiques | Antiques & Collectibles,Small cast iron ice block tongs,https://hibid.com/lot/323034600
1044,323034601,185888,0.0,0,0,5,OPEN,28267.173,Construction & Farm - Livestock Equipment - Handling Equipment | Construction & Farm - Livestock Equipment | Construction & Farm,Horse Mule Yoke Hames Harness (2),https://hibid.com/lot/323034601
1045,323034602,185889,2.0,0,1,4,OPEN,28277.17,Construction & Farm - Horse Drawn Equipment | Construction & Farm,Wooden and iron smaller horse mule hames,https://hibid.com/lot/323034602
1046,323034603,185890,0.0,0,0,3,OPEN,28287.166999999998,Lawn & Garden - Tools/Hand held items - Hand Tools | Lawn & Garden - Tools/Hand held items | Lawn & Garden,Large Pry Bars (2),https://hibid.com/lot/323034603
1047,323034604,185891,2.0,0,1,7,OPEN,28297.163,Antiques & Collectibles - Antiques - Antique Tools | Antiques & Collectibles - Antiques | Antiques & Collectibles,Antique Cross Buck bow saws (2),https://hibid.com/lot/323034604
1048,323034605,185892,2.0,0,1,5,OPEN,28307.16,Antiques & Collectibles - Collectibles - Railroad | Antiques & Collectibles - Collectibles | Antiques & Collectibles,Lineman Pole Climbing Spikes (2),https://hibid.com/lot/323034605
1049,323034606,185893,0.0,0,0,6,OPEN,28317.157,Business & Industrial - Business / Retail - Janitorial - Cleaning Equipment | Business & Industrial - Business / Retail - Janitorial | Business & Industrial - Business / Retail | Business & Industrial,Vacmaster 8 gallon wet dry system,https://hibid.com/lot/323034606
1049B,323156668,186057,0.0,0,0,6,OPEN,28327.153,Business & Industrial - Business / Retail - Janitorial - Cleaning Equipment | Business & Industrial - Business / Retail - Janitorial | Business & Industrial - Business / Retail | Business & Industrial,"Stinger wet/dry vac, 2 gallon",https://hibid.com/lot/323156668
1050,323034607,185894,0.0,0,0,6,OPEN,28337.149999999998,Business & Industrial - Business / Retail - Janitorial - Cleaning Equipment | Business & Industrial - Business / Retail - Janitorial | Business & Industrial - Business / Retail | Business & Industrial,Genie Wet/Dry Vac 16 gallons,https://hibid.com/lot/323034607
1051,323034608,185895,0.0,0,0,8,OPEN,28347.146999999997,Lawn & Garden - Tools/Hand held items - Power Tools | Lawn & Garden - Tools/Hand held items | Lawn & Garden,"Word 20"" Hedge Trimmer, Cordless electric grass",https://hibid.com/lot/323034608
1051B,323156669,186145,0.0,0,0,8,OPEN,28357.143,Lawn & Garden - Tools/Hand held items - Power Tools | Lawn & Garden - Tools/Hand held items | Lawn & Garden,Black & Decker cordless weed whip,https://hibid.com/lot/323156669
1052,323034609,185896,3.0,0,2,4,OPEN,28367.14,Lawn & Garden - Tools/Hand held items - Hand Tools | Lawn & Garden - Tools/Hand held items | Lawn & Garden,Sotz Monster Mauls for splitting (2),https://hibid.com/lot/323034609
1053,323034610,185897,2.0,0,1,10,OPEN,28377.132999999998,Lawn & Garden - Outdoors | Lawn & Garden,"Cast iron welcome bells, Eagle missing head",https://hibid.com/lot/323034610
1054,323034611,185898,2.0,0,1,7,OPEN,28387.129999999997,Sporting Goods - Hunting & Trapping | Sporting Goods,"Ortho Sticky fly traps, Am-Tech hand clippers",https://hibid.com/lot/323034611
1055,323034612,185899,0.0,0,0,9,OPEN,28397.127,Lawn & Garden - Outdoors | Lawn & Garden,"Glass Hummingbird Feeders, Windchimes",https://hibid.com/lot/323034612
1056,323034613,185900,0.0,0,0,7,OPEN,28407.123,Lawn & Garden - Outdoors | Lawn & Garden,Bird Feeders,https://hibid.com/lot/323034613
1057,323034614,185901,3.0,0,2,10,OPEN,28417.12,Home Goods & Decor - Home Goods - Kitchen / Housewares | Home Goods & Decor - Home Goods | Home Goods & Decor,"Handpainted hooks, wooden cutting board",https://hibid.com/lot/323034614
1058,323034615,185902,3.0,0,2,13,OPEN,28427.117,Lawn & Garden - Outdoors | Lawn & Garden,Metal and Wood Birdhouses,https://hibid.com/lot/323034615
1059,323034616,185903,2.0,0,1,7,OPEN,28437.112999999998,Home Goods & Decor - Home Goods - Lighting - Outdoor Lighting | Home Goods & Decor - Home Goods - Lighting | Home Goods & Decor - Home Goods | Home Goods & Decor,"Large ceramic frog, Solar Butterfly but no solar",https://hibid.com/lot/323034616
1060,323034617,185904,0.0,0,0,5,OPEN,28447.109999999997,Lawn & Garden - Outdoors | Lawn & Garden,"Weed screening, Ortho treatment, Diazinon ultra",https://hibid.com/lot/323034617
1061,323034618,185905,0.0,0,0,7,OPEN,28457.107,"Sporting Goods - Sporting Goods / Outdoor Recreation - Bicycles, Scooters & More | Sporting Goods - Sporting Goods / Outdoor Recreation | Sporting Goods",Tricycle training wheels,https://hibid.com/lot/323034618
1062,323034619,185906,0.0,0,0,8,OPEN,28467.103,"Sporting Goods - Sporting Goods / Outdoor Recreation - Bicycles, Scooters & More | Sporting Goods - Sporting Goods / Outdoor Recreation | Sporting Goods","Bike seat, training wheels, and more",https://hibid.com/lot/323034619
1063,323034620,185907,2.0,0,1,7,OPEN,28477.1,Sporting Goods - Sporting Goods / Outdoor Recreation - Outdoor Games & Sports Equipment | Sporting Goods - Sporting Goods / Outdoor Recreation | Sporting Goods,Motorcycle Helmets,https://hibid.com/lot/323034620
1064,323034621,185908,2.0,0,1,10,OPEN,28487.096999999998,Sporting Goods - Hunting & Trapping | Sporting Goods,Mole and Animal traps,https://hibid.com/lot/323034621
1065,323034622,185909,0.0,0,0,9,OPEN,28497.092999999997,Sporting Goods - Fishing | Sporting Goods,"Tackle box with contents, and older fishing poles",https://hibid.com/lot/323034622
1066,323034623,185910,4.0,0,3,9,OPEN,28507.09,Sporting Goods - Sporting Goods / Outdoor Recreation - Outdoor Games & Sports Equipment | Sporting Goods - Sporting Goods / Outdoor Recreation | Sporting Goods,Horse Shoes,https://hibid.com/lot/323034623
1067,323034624,185911,5.0,0,4,6,OPEN,28517.087,Sporting Goods - Sporting Goods / Outdoor Recreation - Outdoor Games & Sports Equipment | Sporting Goods - Sporting Goods / Outdoor Recreation | Sporting Goods,Horse Shoes (3Sets),https://hibid.com/lot/323034624
1068,323034625,185912,3.0,0,2,8,OPEN,28527.083,Sporting Goods - Firearms / Weapons - Knives / Blades | Sporting Goods - Firearms / Weapons | Sporting Goods,Machetes (2),https://hibid.com/lot/323034625
1069,323034626,185913,0.0,0,0,3,OPEN,28537.079999999998,Construction & Farm - Shop / Warehouse - Parts / Accessories | Construction & Farm - Shop / Warehouse | Construction & Farm,Stanley Garage Door Opener,https://hibid.com/lot/323034626
1070,323034627,185914,0.0,0,0,7,OPEN,28547.076999999997,Home Goods & Decor - Home Goods - Kitchen / Housewares | Home Goods & Decor - Home Goods | Home Goods & Decor,"Wire Grilling Basket, Bone saw wooden handle",https://hibid.com/lot/323034627
1071,323034628,185915,2.0,0,1,3,OPEN,28557.073,Construction & Farm - Building Supplies - Flooring | Construction & Farm - Building Supplies | Construction & Farm,Armstrong Rose Floor Tiles,https://hibid.com/lot/323034628
1072,323034629,185916,6.0,0,5,5,OPEN,28567.07,Lawn & Garden - Outdoors | Lawn & Garden,Weathervane,https://hibid.com/lot/323034629
1073,323034630,185917,0.0,0,0,5,OPEN,28577.067,Home Goods & Decor - Home Goods - Kitchen / Housewares | Home Goods & Decor - Home Goods | Home Goods & Decor,Bucket of seashells,https://hibid.com/lot/323034630
1074,323034631,185918,2.0,0,1,9,OPEN,28587.063,Home Goods & Decor - Home Goods - Kitchen / Housewares | Home Goods & Decor - Home Goods | Home Goods & Decor,"Storage Wicker Baskets , large one is covered",https://hibid.com/lot/323034631
1075,323034632,185919,2.0,0,1,6,OPEN,28597.059999999998,Home Goods & Decor - Home Goods - Kitchen / Housewares | Home Goods & Decor - Home Goods | Home Goods & Decor,"Wooden slat bushel baskets, basket full of",https://hibid.com/lot/323034632
1076,323034633,185920,0.0,0,0,12,OPEN,28607.056999999997,Sporting Goods - Camping | Sporting Goods,Coleman Alma Products 50th Anniversary cooler,https://hibid.com/lot/323034633
1077,323034634,185921,0.0,0,0,8,OPEN,28617.053,Sporting Goods - Camping | Sporting Goods,"Rubbermaid Blue cooler, Coleman Drinking jug",https://hibid.com/lot/323034634
1078,323034635,185922,0.0,0,0,5,OPEN,28627.05,Sporting Goods - Sporting Goods / Outdoor Recreation - Outdoor Games & Sports Equipment | Sporting Goods - Sporting Goods / Outdoor Recreation | Sporting Goods,Assorted life jackets,https://hibid.com/lot/323034635
1079,323034636,185923,11.0,0,8,6,OPEN,28637.047,Construction & Farm - Shop / Warehouse - Ladders / Scaffolding | Construction & Farm - Shop / Warehouse | Construction & Farm,Platform ladder,https://hibid.com/lot/323034636
1080,323034637,185924,0.0,0,0,5,OPEN,28647.042999999998,Lawn & Garden - Tools/Hand held items - Hand Tools | Lawn & Garden - Tools/Hand held items | Lawn & Garden,Crescent Lufkin Measuring wheel,https://hibid.com/lot/323034637
1081,323034643,185925,33.0,0,12,11,OPEN,28657.039999999997,Construction & Farm - Shop / Warehouse - Automotive | Construction & Farm - Shop / Warehouse | Construction & Farm,Die Hard Battery Charger 275/125 amp engine,https://hibid.com/lot/323034643
1082,323034645,185926,0.0,0,0,12,OPEN,28667.037,Lawn & Garden - Tools/Hand held items - Hand Tools | Lawn & Garden - Tools/Hand held items | Lawn & Garden,"Wood Miter Box (2), Carpenter Belt, Carpenter",https://hibid.com/lot/323034645
1083,323034647,185927,0.0,0,0,10,OPEN,28677.03,Lawn & Garden - Tools/Hand held items - Hand Tools | Lawn & Garden - Tools/Hand held items | Lawn & Garden,"Hoofing pincers, Level, Hudson spray accessories",https://hibid.com/lot/323034647
1084,323034649,185928,2.0,0,1,13,OPEN,28687.027,Construction & Farm - Shop / Warehouse - Automotive | Construction & Farm - Shop / Warehouse | Construction & Farm,"Ford lights, Wheel cap",https://hibid.com/lot/323034649
1085,323034651,185929,2.0,0,1,10,OPEN,28697.022999999997,Antiques & Collectibles - Collectibles - Gas / Oil | Antiques & Collectibles - Collectibles | Antiques & Collectibles,Metal measuring Jugs used for oil,https://hibid.com/lot/323034651
1086,323034652,185930,2.0,0,1,8,OPEN,28707.02,Construction & Farm - Shop / Warehouse - Electrical | Construction & Farm - Shop / Warehouse | Construction & Farm,"Hard hat, Electrical boards",https://hibid.com/lot/323034652
1087,323034653,185931,0.0,0,0,9,OPEN,28717.017,Construction & Farm - Shop / Warehouse - Automotive | Construction & Farm - Shop / Warehouse | Construction & Farm,"Pinto hub cap and emblem, Ford emblem",https://hibid.com/lot/323034653
1088,323034654,185932,0.0,0,0,8,OPEN,28727.013,Antiques & Collectibles - Collectibles - Kitchen / Home | Antiques & Collectibles - Collectibles | Antiques & Collectibles,"Vintage Cigerette lighter Spotlights, Flasher",https://hibid.com/lot/323034654
1089,323034655,185933,5.0,0,4,5,OPEN,28737.01,Construction & Farm - Shop / Warehouse - Automotive | Construction & Farm - Shop / Warehouse | Construction & Farm,1920s beehive-style stop and tail lights,https://hibid.com/lot/323034655
1090,323034656,185934,0.0,0,0,7,OPEN,28747.006999999998,Construction & Farm - Shop / Warehouse - Electrical | Construction & Farm - Shop / Warehouse | Construction & Farm,Lights and wiring,https://hibid.com/lot/323034656
1091,323034657,185935,3.0,0,2,5,OPEN,28757,Construction & Farm - Shop / Warehouse - Automotive | Construction & Farm - Shop / Warehouse | Construction & Farm,"Pennzoil 10w-40 oil, 1/2 full, liquid wrench spray",https://hibid.com/lot/323034657
1092,323034658,185936,0.0,0,0,16,OPEN,28766.997,Construction & Farm - Shop / Warehouse - Parts / Accessories | Construction & Farm - Shop / Warehouse | Construction & Farm,Farmall Tractor smaller parts,https://hibid.com/lot/323034658
1093,323034659,185937,0.0,0,0,5,OPEN,28775.763,Construction & Farm - Shop / Warehouse - Tiedowns / Binders | Construction & Farm - Shop / Warehouse | Construction & Farm,Ropes,https://hibid.com/lot/323034659
1094,323034660,185938,2.0,0,1,12,OPEN,28785.76,Construction & Farm - Shop / Warehouse - Automotive | Construction & Farm - Shop / Warehouse | Construction & Farm,"Metal oil funnel, air filter, in dash am/ fm car",https://hibid.com/lot/323034660
1095,323034661,185939,0.0,0,0,6,OPEN,28795.756999999998,Construction & Farm - Shop / Warehouse - Parts / Accessories | Construction & Farm - Shop / Warehouse | Construction & Farm,Assorted sized heavy duty staples,https://hibid.com/lot/323034661
1096,323034662,185940,2.0,0,1,6,OPEN,28805.752999999997,Construction & Farm - Shop / Warehouse - Tiedowns / Binders | Construction & Farm - Shop / Warehouse | Construction & Farm,"Rachet Tie downs, Measuring tape",https://hibid.com/lot/323034662
1097,323034663,185941,0.0,0,0,21,OPEN,28815.75,Construction & Farm - Shop / Warehouse - Painting | Construction & Farm - Shop / Warehouse | Construction & Farm,"Mr. LongArm Paint Roller, Static Hinge (2)",https://hibid.com/lot/323034663
1098,323034664,185942,0.0,0,0,5,OPEN,28825.75,Sporting Goods - Sporting Goods / Outdoor Recreation - Outdoor Games & Sports Equipment | Sporting Goods - Sporting Goods / Outdoor Recreation | Sporting Goods,"Hunter Orange rain gear,",https://hibid.com/lot/323034664
1099,323034665,185943,3.0,0,2,10,OPEN,28835.747,Antiques & Collectibles - Collectibles - Signs | Antiques & Collectibles - Collectibles | Antiques & Collectibles,"Metal Signs, Keep out, Farmer Family, Spending",https://hibid.com/lot/323034665
1100,323034666,185944,2.0,0,1,6,OPEN,28845.743,Construction & Farm - Shop / Warehouse - Parts / Accessories | Construction & Farm - Shop / Warehouse | Construction & Farm,Large Hinges,https://hibid.com/lot/323034666
1101,323034667,185945,0.0,0,0,8,OPEN,28855.739999999998,Construction & Farm - Shop / Warehouse - Parts / Accessories | Construction & Farm - Shop / Warehouse | Construction & Farm,Screws and Nails,https://hibid.com/lot/323034667
1102,323034668,185946,2.0,0,1,5,OPEN,28865.736999999997,Home Goods & Decor - Home Goods - Kitchen / Housewares | Home Goods & Decor - Home Goods | Home Goods & Decor,Handcut Horse Shelf Decorations,https://hibid.com/lot/323034668
1103,323034669,185947,0.0,0,0,11,OPEN,28875.736999999997,Construction & Farm - Shop / Warehouse - Safety | Construction & Farm - Shop / Warehouse | Construction & Farm,Yellow Flashing caution light,https://hibid.com/lot/323034669
1104,323034670,185948,0.0,0,0,3,OPEN,28885.733,Construction & Farm - Shop / Warehouse - Automotive | Construction & Farm - Shop / Warehouse | Construction & Farm,Areovantage wiper blades 22,https://hibid.com/lot/323034670
1105,323034671,185949,0.0,0,0,6,OPEN,28895.73,Construction & Farm - Shop / Warehouse - Tiedowns / Binders | Construction & Farm - Shop / Warehouse | Construction & Farm,Rope,https://hibid.com/lot/323034671
1106,323034672,185950,0.0,0,0,11,OPEN,28905.727,"Sporting Goods - Sporting Goods / Outdoor Recreation - Bicycles, Scooters & More | Sporting Goods - Sporting Goods / Outdoor Recreation | Sporting Goods","Bicycle pedals, universal inner tube, 3- speed",https://hibid.com/lot/323034672
1107,323034673,185951,0.0,0,0,8,OPEN,28915.722999999998,Lawn & Garden - Outdoors | Lawn & Garden,"Landscape Post caps , Screening",https://hibid.com/lot/323034673
1108,323034674,185952,2.0,0,1,6,OPEN,28925.719999999998,Sporting Goods - Camping | Sporting Goods,Tarps,https://hibid.com/lot/323034674
1109,323034675,185953,0.0,0,0,6,OPEN,28935.719999999998,Construction & Farm - Shop / Warehouse - Parts / Accessories | Construction & Farm - Shop / Warehouse | Construction & Farm,"Black & Decker feed spool, Homelite air filter",https://hibid.com/lot/323034675
1110,323034676,185954,0.0,0,0,7,OPEN,28945.716999999997,Construction & Farm - Shop / Warehouse - Parts / Accessories | Construction & Farm - Shop / Warehouse | Construction & Farm,"Sanding Paper, Electrical tape, tape guns",https://hibid.com/lot/323034676
1111,323034677,185955,0.0,0,0,7,OPEN,28955.713,Construction & Farm - Shop / Warehouse - Automotive | Construction & Farm - Shop / Warehouse | Construction & Farm,"4"" paintbrush, Animal saver for car, locks, Fish",https://hibid.com/lot/323034677
1112,323034678,185956,0.0,0,0,7,OPEN,28965.71,Lawn & Garden - Tools/Hand held items - Hand Tools | Lawn & Garden - Tools/Hand held items | Lawn & Garden,"Caulking Guns, Quick Spair, Bag",https://hibid.com/lot/323034678
1113,323034679,185957,0.0,0,0,5,OPEN,28975.707,Home Goods & Decor - Home Goods - Kitchen / Housewares | Home Goods & Decor - Home Goods | Home Goods & Decor,"Tack Cloth, Flash Lights, Glass Cutter",https://hibid.com/lot/323034679
1114,323034680,185958,0.0,0,0,10,OPEN,28985.702999999998,Construction & Farm - Shop / Warehouse - Parts / Accessories | Construction & Farm - Shop / Warehouse | Construction & Farm,"Pipe Heating Cable, Hose Connectors, House Number",https://hibid.com/lot/323034680
1115,323034681,185959,0.0,0,0,6,OPEN,28995.699999999997,Lawn & Garden - Tools/Hand held items - Hand Tools | Lawn & Garden - Tools/Hand held items | Lawn & Garden,"Weather Strip Tape, Mater Lock, Tension Roller",https://hibid.com/lot/323034681
1116,323034682,185960,0.0,0,0,7,OPEN,29005.697,Lawn & Garden - Tools/Hand held items - Hand Tools | Lawn & Garden - Tools/Hand held items | Lawn & Garden,"Brass Padlocks, Staple Gun, Snow Scraper",https://hibid.com/lot/323034682
1117,323034683,185961,0.0,0,0,9,OPEN,29015.697,Home Goods & Decor - Home Goods - Bed / Bath Items | Home Goods & Decor - Home Goods | Home Goods & Decor,"Sink Strainer Locknut, Shower Nozzle",https://hibid.com/lot/323034683
1118,323034684,185962,0.0,0,0,11,OPEN,29025.693,Antiques & Collectibles - Collectibles - Decorative - Planters | Antiques & Collectibles - Collectibles - Decorative | Antiques & Collectibles - Collectibles | Antiques & Collectibles,"Brackets, Flower Pot",https://hibid.com/lot/323034684
1119,323034685,185963,18.0,0,8,6,OPEN,29035.69,Lawn & Garden - Tools/Hand held items - Hand Tools | Lawn & Garden - Tools/Hand held items | Lawn & Garden,2 Ton Hand Puller,https://hibid.com/lot/323034685
1120,323034686,185964,0.0,0,0,7,OPEN,29045.686999999998,Lawn & Garden - Tools/Hand held items - Hand Tools | Lawn & Garden - Tools/Hand held items | Lawn & Garden,Stanley Level and Speed Level,https://hibid.com/lot/323034686
1121,323034687,185966,2.0,0,1,6,OPEN,29055.682999999997,Construction & Farm - Shop / Warehouse - Saws / Drills | Construction & Farm - Shop / Warehouse | Construction & Farm,Hand Saws (5),https://hibid.com/lot/323034687
1122,323034688,185967,0.0,0,0,6,OPEN,29065.682999999997,Construction & Farm - Shop / Warehouse - Saws / Drills | Construction & Farm - Shop / Warehouse | Construction & Farm,Hand Saws (4),https://hibid.com/lot/323034688
1123,323034689,185968,2.0,0,1,6,OPEN,29075.68,Construction & Farm - Shop / Warehouse - Parts / Accessories | Construction & Farm - Shop / Warehouse | Construction & Farm,"Metal Hardware,Washers, Brackets, Small Fasteners",https://hibid.com/lot/323034689
1124,323034690,185969,0.0,0,0,6,OPEN,29085.677,Construction & Farm - Shop / Warehouse - Parts / Accessories | Construction & Farm - Shop / Warehouse | Construction & Farm,"Metal Hardware, Hose Clamps, Retaining Clips,",https://hibid.com/lot/323034690
1125,323034691,185970,0.0,0,0,5,OPEN,29095.673,Lawn & Garden - Tools/Hand held items - Hand Tools | Lawn & Garden - Tools/Hand held items | Lawn & Garden,"Hand Tools, Mallet, Hole Saw Attachment, Steel",https://hibid.com/lot/323034691
1126,323034692,185971,2.0,0,1,9,OPEN,29105.67,Antiques & Collectibles - Antiques - Antique Tools | Antiques & Collectibles - Antiques | Antiques & Collectibles,"Primitive Hand Tools, Double Sheave Metal Pulley",https://hibid.com/lot/323034692
1127,323034693,185972,2.0,0,1,11,OPEN,29115.666999999998,Lawn & Garden - Tools/Hand held items - Hand Tools | Lawn & Garden - Tools/Hand held items | Lawn & Garden,HD Mechanical Puller and Installer Tool,https://hibid.com/lot/323034693
1128,323034694,185973,0.0,0,0,14,OPEN,29125.663,Construction & Farm - Shop / Warehouse - Welding Accessories | Construction & Farm - Shop / Warehouse | Construction & Farm,"Welding Helmets (3), Lens Plate Package",https://hibid.com/lot/323034694
1129,323034695,185974,2.0,0,1,6,OPEN,29135.66,Construction & Farm - Shop / Warehouse - Parts / Accessories | Construction & Farm - Shop / Warehouse | Construction & Farm,"Coarse Sanding Belt, Sandpaper Assortment",https://hibid.com/lot/323034695
1130,323034696,185975,0.0,0,0,9,OPEN,29145.66,Construction & Farm - Shop / Warehouse - Parts / Accessories | Construction & Farm - Shop / Warehouse | Construction & Farm,Abrasive Grinding Wheels And Discs,https://hibid.com/lot/323034696
1131,323034697,185976,2.0,0,1,8,OPEN,29155.657,Construction & Farm - Shop / Warehouse - Electrical | Construction & Farm - Shop / Warehouse | Construction & Farm,"Yellow HD Extension Cord, Metal Shop Trouble",https://hibid.com/lot/323034697
1132,323034698,185977,4.0,0,3,8,OPEN,29165.653,Construction & Farm - Shop / Warehouse - Welding Accessories | Construction & Farm - Shop / Warehouse | Construction & Farm,"Pro Gas Cylinder W/Torch(2),Stick Electrodes,",https://hibid.com/lot/323034698
1133,323034699,185978,0.0,0,0,7,OPEN,29175.649999999998,Construction & Farm - Shop / Warehouse - Electrical | Construction & Farm - Shop / Warehouse | Construction & Farm,"Retractable Work Light, Drop Light, Extension Cord",https://hibid.com/lot/323034699
1134,323034700,185979,2.0,0,1,10,OPEN,29185.646999999997,Construction & Farm - Shop / Warehouse - Electrical | Construction & Farm - Shop / Warehouse | Construction & Farm,"Electrical Box,Range Outlet,Electrical Tester",https://hibid.com/lot/323034700
1135,323034701,185980,2.0,0,1,8,OPEN,29195.643,Construction & Farm - Shop / Warehouse - Electrical | Construction & Farm - Shop / Warehouse | Construction & Farm,"Electrical Wire, Misc. Cords, Electrical Hardware",https://hibid.com/lot/323034701
1136,323034702,185981,2.0,0,1,8,OPEN,29205.64,Home Goods & Decor - Lighting | Home Goods & Decor,"Portable Fluorescent Work Light, 3Prong 30 Amp",https://hibid.com/lot/323034702
1137,323034703,185982,2.0,0,1,5,OPEN,29215.64,Construction & Farm - Shop / Warehouse - Electrical | Construction & Farm - Shop / Warehouse | Construction & Farm,"Orange Extension Cord On A Reel, Black Power Cord",https://hibid.com/lot/323034703
1138,323034704,185983,2.0,0,1,8,OPEN,29225.637,Construction & Farm - Shop / Warehouse - Electrical | Construction & Farm - Shop / Warehouse | Construction & Farm,"Orange Extension Cord On A Reel, HD Black",https://hibid.com/lot/323034704
1139,323034705,185984,2.0,0,1,6,OPEN,29235.632999999998,Construction & Farm - Shop / Warehouse - Electrical | Construction & Farm - Shop / Warehouse | Construction & Farm,"HD Electrical Extension Cord, 4 Prong Appliance",https://hibid.com/lot/323034705
1140,323034706,185986,3.0,0,2,7,OPEN,29245.629999999997,Construction & Farm - Shop / Warehouse - Electrical | Construction & Farm - Shop / Warehouse | Construction & Farm,"Replacement Cable For Industrial Automation, HD",https://hibid.com/lot/323034706
1141,323034707,185987,4.0,0,3,5,OPEN,29255.627,Construction & Farm - Shop / Warehouse - Electrical | Construction & Farm - Shop / Warehouse | Construction & Farm,"Trouble light, Orange Extension Cord,Multi-Outlet",https://hibid.com/lot/323034707
1142,323034708,185988,2.0,0,1,5,OPEN,29265.627,Construction & Farm - Shop / Warehouse - Parts / Accessories | Construction & Farm - Shop / Warehouse | Construction & Farm,"Aluminum Nails,Screws,Padlock W/Key, Hinges",https://hibid.com/lot/323034708
1143,323034709,185989,0.0,0,0,6,OPEN,29275.623,Construction & Farm - Shop / Warehouse - Parts / Accessories | Construction & Farm - Shop / Warehouse | Construction & Farm,"Small Engine Replacement Parts, Rubber Hose",https://hibid.com/lot/323034709
1144,323034710,185990,2.0,0,1,7,OPEN,29285.62,Antiques & Collectibles - Collectibles - Gas / Oil | Antiques & Collectibles - Collectibles | Antiques & Collectibles,Handheld Metal Oil Cans & Pump Oilers,https://hibid.com/lot/323034710
1145,323034711,185991,4.0,0,3,9,OPEN,29295.617,Construction & Farm - Shop / Warehouse - Parts / Accessories | Construction & Farm - Shop / Warehouse | Construction & Farm,Trailer Towing Hardware,https://hibid.com/lot/323034711
1146,323034712,185992,2.0,0,1,4,OPEN,29305.612999999998,Antiques & Collectibles - Collectibles - Automobilia | Antiques & Collectibles - Collectibles | Antiques & Collectibles,Michigan License Plates 1928-2009,https://hibid.com/lot/323034712
1147,323034713,185993,0.0,0,0,7,OPEN,29315.609999999997,Construction & Farm - Shop / Warehouse - Automotive | Construction & Farm - Shop / Warehouse | Construction & Farm,"Oil Filter Wrenches, Assorted Filters, Prestone",https://hibid.com/lot/323034713
1148,323034714,185994,0.0,0,0,9,OPEN,29325.609999999997,Lawn & Garden - Tools/Hand held items - Hand Tools | Lawn & Garden - Tools/Hand held items | Lawn & Garden,"30 Pc Screwdriver Bits, Pneumatic Dual-Action",https://hibid.com/lot/323034714
1149,323034715,185995,0.0,0,0,8,OPEN,29335.607,Construction & Farm - Shop / Warehouse - Hoses | Construction & Farm - Shop / Warehouse | Construction & Farm,"Rubber Air Hoses, Tire Tackle Set, Lever Style",https://hibid.com/lot/323034715
1150,323034716,185996,0.0,0,0,8,OPEN,29345.603,Construction & Farm - Shop / Warehouse - Parts / Accessories | Construction & Farm - Shop / Warehouse | Construction & Farm,"Coolant/Surge Tank, Manual Siphon, Lg Metal Funnel",https://hibid.com/lot/323034716
1151,323034717,185997,2.0,0,1,4,OPEN,29355.6,Construction & Farm - Shop / Warehouse - Automotive | Construction & Farm - Shop / Warehouse | Construction & Farm,Automotive Fluid And Oil Change Accessories,https://hibid.com/lot/323034717
1152,323034718,185998,0.0,0,0,5,OPEN,29365.596999999998,Construction & Farm - Shop / Warehouse - Automotive | Construction & Farm - Shop / Warehouse | Construction & Farm,Roadside Assistance Kit,https://hibid.com/lot/323034718
1153,323034719,185999,0.0,0,0,4,OPEN,29375.596999999998,Construction & Farm - Shop / Warehouse - Automotive | Construction & Farm - Shop / Warehouse | Construction & Farm,"Jumper Cables (2), Red Reflective Warning Triangle",https://hibid.com/lot/323034719
1154,323034720,186000,0.0,0,0,5,OPEN,29385.59,Lawn & Garden - Tools/Hand held items - Hand Tools | Lawn & Garden - Tools/Hand held items | Lawn & Garden,Manual Lever Action Grease Guns (3),https://hibid.com/lot/323034720
1155,323034721,186001,3.0,0,2,9,OPEN,29395.59,Construction & Farm - Shop / Warehouse - Parts / Accessories | Construction & Farm - Shop / Warehouse | Construction & Farm,HD Towing and Tractor Hardware,https://hibid.com/lot/323034721
1156,323034722,186002,0.0,0,0,2,OPEN,29405.587,Construction & Farm - Shop / Warehouse - Automotive | Construction & Farm - Shop / Warehouse | Construction & Farm,"Paint Thinner, Power Steering Fluid, Resin,",https://hibid.com/lot/323034722
1157,323034723,186003,2.0,0,1,4,OPEN,29415.583,Construction & Farm - Shop / Warehouse - Automotive | Construction & Farm - Shop / Warehouse | Construction & Farm,"MP2 Lithium Grease, Manual Grease Guns(2)",https://hibid.com/lot/323034723
1158,323034724,186004,2.0,0,1,5,OPEN,29425.583,Construction & Farm - Shop / Warehouse - Automotive | Construction & Farm - Shop / Warehouse | Construction & Farm,"WD 40,Motor Oil, Tire Sealant,Brake Fluid,",https://hibid.com/lot/323034724
1159,323034725,186005,0.0,0,0,10,OPEN,29435.579999999998,Construction & Farm - Shop / Warehouse - Jacks | Construction & Farm - Shop / Warehouse | Construction & Farm,Bottle Jack And Lug Wrench/ Extension Handles,https://hibid.com/lot/323034725
1160,323034726,186006,2.0,0,1,4,OPEN,29445.573,Construction & Farm - Shop / Warehouse - Automotive | Construction & Farm - Shop / Warehouse | Construction & Farm,"RV & Marine Antifreeze, RainX 2 N 1 Fluid,",https://hibid.com/lot/323034726
1160B,323343397,186353,0.0,0,0,5,OPEN,29455.573,Home Goods & Decor - Home Goods - Kitchen / Housewares | Home Goods & Decor - Home Goods | Home Goods & Decor,Bonus lot 2,https://hibid.com/lot/323343397
1161,323034727,186007,0.0,0,0,5,OPEN,29465.57,Home Goods & Decor - Home Goods - Kitchen / Housewares | Home Goods & Decor - Home Goods | Home Goods & Decor,"Noah’s Ark wall hanging, little boy ( handmade)",https://hibid.com/lot/323034727
1162,323034728,186008,2.0,0,1,5,OPEN,29475.567,Business & Industrial - Business / Retail - Security / Surveillance - Professional | Business & Industrial - Business / Retail | Business & Industrial,Meilink safe,https://hibid.com/lot/323034728
1163,323034729,186009,2.0,0,1,8,OPEN,29485.563,Home Goods & Decor - Home Goods - Carpet / Rugs | Home Goods & Decor - Home Goods | Home Goods & Decor,"Essick Humidifier, Carpet Squares, yard decoration",https://hibid.com/lot/323034729
1164,323034730,186010,2.0,0,1,5,OPEN,29495.563,Art - Paintings | Art,"Day fan vintage radio, glass square painting",https://hibid.com/lot/323034730
1165,323034731,186011,2.0,0,1,4,OPEN,29505.559999999998,Furniture - Chairs / Stools | Furniture,Office chair,https://hibid.com/lot/323034731
1166,323034732,186012,5.0,0,4,7,OPEN,29515.55,Home Goods & Decor - Home Goods - Lighting - Outdoor Lighting | Home Goods & Decor - Home Goods - Lighting | Home Goods & Decor - Home Goods | Home Goods & Decor,"Turtle Solar Light, Wall Butterflies",https://hibid.com/lot/323034732
1167,323034733,186013,0.0,0,0,3,OPEN,29525.542999999998,Home Goods & Decor - Home Goods - Kitchen / Housewares | Home Goods & Decor - Home Goods | Home Goods & Decor,"Plastic Standing Frame, Basket",https://hibid.com/lot/323034733
1168,323034734,186014,0.0,0,0,5,OPEN,29535.542999999998,Antiques & Collectibles - Collectibles - Decorative - Vases / Jars | Antiques & Collectibles - Collectibles - Decorative | Antiques & Collectibles - Collectibles | Antiques & Collectibles,"Artificial Flowers, Vase",https://hibid.com/lot/323034734
1169,323034735,186015,2.0,0,1,6,OPEN,29545.539999999997,Furniture - Tables | Furniture,Eastlake Style Wooden Table,https://hibid.com/lot/323034735
1170,323034736,186016,0.0,0,0,6,OPEN,29555.539999999997,Sporting Goods - Sporting Goods / Outdoor Recreation - Outdoor Games & Sports Equipment | Sporting Goods - Sporting Goods / Outdoor Recreation | Sporting Goods,Teeter FitSpine Inversion Table,https://hibid.com/lot/323034736
1171,323034737,186017,2.0,0,1,9,OPEN,29565.53,Furniture - Beds / Bedroom Sets | Furniture,Bed Frame,https://hibid.com/lot/323034737
1172,323034738,186018,0.0,0,0,13,OPEN,29575.53,Lawn & Garden - Outdoors | Lawn & Garden,"Gas Weed whips (2), 540 Supreme, Murray",https://hibid.com/lot/323034738
1173,323034739,186019,0.0,0,0,9,OPEN,29585.527,Lawn & Garden - Outdoor Power Equipment - Chainsaws | Lawn & Garden - Outdoor Power Equipment | Lawn & Garden,"Craftsman Power Blower, Craftsman Chainsaw",https://hibid.com/lot/323034739
1174,323034740,186020,0.0,0,0,11,OPEN,29595.522999999997,Home Goods & Decor - Home Goods - Kitchen / Housewares | Home Goods & Decor - Home Goods | Home Goods & Decor,"Metal Compartment Shelves, Plastic drawer set",https://hibid.com/lot/323034740
1175,323034741,186021,2.0,0,1,13,OPEN,29605.52,Furniture - Chairs / Stools | Furniture,Wooden chairs (3),https://hibid.com/lot/323034741
1176,323034742,186022,0.0,0,0,5,OPEN,29615.513,Home Goods & Decor - Home Goods - Appliances - Heating / Air Conditioning | Home Goods & Decor - Home Goods - Appliances | Home Goods & Decor - Home Goods | Home Goods & Decor,Dyna-Glo portable convection kerosene heater,https://hibid.com/lot/323034742
1177,323034743,186023,0.0,0,0,11,OPEN,29625.513,Furniture - Tables | Furniture,Wooden tables (2(,https://hibid.com/lot/323034743
1178,323034744,186024,2.0,0,1,9,OPEN,29635.51,Home Goods & Decor - Home Goods - Appliances - Dishwashers | Home Goods & Decor - Home Goods - Appliances | Home Goods & Decor - Home Goods | Home Goods & Decor,Bosch Dishwasher * unsure working condition,https://hibid.com/lot/323034744
1179,323034745,186025,11.0,0,4,10,OPEN,29645.51,Antiques & Collectibles - Collectibles - Radios | Antiques & Collectibles - Collectibles | Antiques & Collectibles,"Metal shelving, RCA 5 disc stereo system",https://hibid.com/lot/323034745
1180,323034746,186026,31.0,0,9,12,OPEN,29655.506999999998,Home Goods & Decor - Home Goods - Grills | Home Goods & Decor - Home Goods | Home Goods & Decor,Char-Griller Flat Iron 4 Burner,https://hibid.com/lot/323034746
1181,323034747,186027,0.0,0,0,6,OPEN,29665.502999999997,Furniture - Tables | Furniture,Metal Table,https://hibid.com/lot/323034747
1182,323034748,186028,2.0,0,1,13,OPEN,29675.502999999997,Business & Industrial - Business / Retail - Carts / Baskets | Business & Industrial - Business / Retail | Business & Industrial,Metal rolling carts (2),https://hibid.com/lot/323034748
1183,323034749,186029,15.0,0,7,5,OPEN,29685.5,Furniture - Tables | Furniture,6 ft folding Table,https://hibid.com/lot/323034749
1184,323034750,186030,0.0,0,0,6,OPEN,29695.497,Furniture - Tables | Furniture,Kitchen table with 2 leaves,https://hibid.com/lot/323034750
1185,323034751,186031,0.0,0,0,6,OPEN,29705.493,Furniture - Tables | Furniture,8 ft tables (2),https://hibid.com/lot/323034751
1186,323034752,186032,0.0,0,0,10,OPEN,29715.489999999998,Business & Industrial - Business / Retail - Racks / Shelving | Business & Industrial - Business / Retail | Business & Industrial,-Metal shelving (2) sets,https://hibid.com/lot/323034752
1187,323034753,186033,0.0,0,0,11,OPEN,29725.486999999997,Construction & Farm - Shop / Warehouse - Racks / Shelves | Construction & Farm - Shop / Warehouse | Construction & Farm,"Metal Shelves, (2) sets",https://hibid.com/lot/323034753
1188,323034754,186034,7.0,0,6,9,OPEN,29735.486999999997,Home Goods & Decor - Home Goods - Kitchen / Housewares | Home Goods & Decor - Home Goods | Home Goods & Decor,Enamel Pots w/Canning Jars,https://hibid.com/lot/323034754
1189,323034755,186035,25.0,0,10,4,OPEN,29745.483,Antiques & Collectibles - Collectibles - Decorative - Vases / Jars | Antiques & Collectibles - Collectibles - Decorative | Antiques & Collectibles - Collectibles | Antiques & Collectibles,"Tote w/ Canning Jars, Rings for Jars",https://hibid.com/lot/323034755
1190,323034756,186036,0.0,0,0,6,OPEN,29755.48,Furniture - Chairs / Stools | Furniture,"Folding Table, Metal Stool, Folding Chairs",https://hibid.com/lot/323034756
1191,323034757,186037,2.0,0,1,6,OPEN,29765.472999999998,Home Goods & Decor - Home Goods - Appliances - Heating / Air Conditioning | Home Goods & Decor - Home Goods - Appliances | Home Goods & Decor - Home Goods | Home Goods & Decor,De’Longhi Oil Filled Radiator Space Heater,https://hibid.com/lot/323034757
1192,323034758,186038,2.0,0,1,4,OPEN,29774.21,Home Goods & Decor - Home Goods - Kitchen / Housewares | Home Goods & Decor - Home Goods | Home Goods & Decor,Cast Iron Fireplace Tool Set w/Stand,https://hibid.com/lot/323034758
1193,323034759,186039,20.0,0,17,10,OPEN,29784.21,Home Goods & Decor - Home Goods - Kitchen / Housewares | Home Goods & Decor - Home Goods | Home Goods & Decor,Stainless Steel Milking Buckets (2),https://hibid.com/lot/323034759
1194,323034760,186040,0.0,0,0,7,OPEN,29794.21,Construction & Farm - Shop / Warehouse - Scales / Hoists | Construction & Farm - Shop / Warehouse | Construction & Farm,Mechanical Platform Beam Scale,https://hibid.com/lot/323034760
1195,323034761,186041,12.0,0,10,7,OPEN,29804.207,Antiques & Collectibles - Collectibles - Kitchen / Home | Antiques & Collectibles - Collectibles | Antiques & Collectibles,Two Tone Glazed Stoneware Butter Churn Crock,https://hibid.com/lot/323034761
1196,323034762,186042,5.0,0,4,5,OPEN,29814.202999999998,Antiques & Collectibles - Collectibles - Kitchen / Home | Antiques & Collectibles - Collectibles | Antiques & Collectibles,5 Gallon Two Tone Stoneware Crock W/Cork,https://hibid.com/lot/323034762
1197,323034763,186043,5.0,0,4,5,OPEN,29824.202999999998,Antiques & Collectibles - Collectibles - Kitchen / Home | Antiques & Collectibles - Collectibles | Antiques & Collectibles,Cream Colored Stoneware Jug Rounded Shoulder,https://hibid.com/lot/323034763
1198,323034764,186044,5.0,0,4,11,OPEN,29834.199999999997,Antiques & Collectibles - Collectibles - Decorative - Vases / Jars | Antiques & Collectibles - Collectibles - Decorative | Antiques & Collectibles - Collectibles | Antiques & Collectibles,Stoneware Jugs(2),https://hibid.com/lot/323034764
1199,323034765,186045,5.0,0,4,11,OPEN,29844.197,Antiques & Collectibles - Collectibles - Decorative - Vases / Jars | Antiques & Collectibles - Collectibles - Decorative | Antiques & Collectibles - Collectibles | Antiques & Collectibles,Stoneware Jugs(2),https://hibid.com/lot/323034765
1200,323034766,186046,5.0,0,4,12,OPEN,29854.193,Antiques & Collectibles - Collectibles - Decorative - Vases / Jars | Antiques & Collectibles - Collectibles - Decorative | Antiques & Collectibles - Collectibles | Antiques & Collectibles,Two Tone Stoneware Jugs (2),https://hibid.com/lot/323034766
1201,323034767,186047,5.0,0,4,11,OPEN,29864.186999999998,Antiques & Collectibles - Collectibles - Decorative - Vases / Jars | Antiques & Collectibles - Collectibles - Decorative | Antiques & Collectibles - Collectibles | Antiques & Collectibles,Two Tone Stoneware Jugs (2),https://hibid.com/lot/323034767
1202,323034768,186048,5.0,0,4,13,OPEN,29874.182999999997,Antiques & Collectibles - Collectibles - Decorative - Vases / Jars | Antiques & Collectibles - Collectibles - Decorative | Antiques & Collectibles - Collectibles | Antiques & Collectibles,Two Tone Stoneware Jugs (2),https://hibid.com/lot/323034768
1203,323034769,186049,2.0,0,1,7,OPEN,29884.18,Antiques & Collectibles - Collectibles - Kitchen / Home | Antiques & Collectibles - Collectibles | Antiques & Collectibles,Two Tone Brown/Cream Glazed Stoneware Crock,https://hibid.com/lot/323034769
1204,323034770,186050,6.0,0,5,7,OPEN,29894.177,Antiques & Collectibles - Collectibles - Kitchen / Home | Antiques & Collectibles - Collectibles | Antiques & Collectibles,Two Tone Stoneware Crock By Star Stoneware,https://hibid.com/lot/323034770
1205,323034771,186051,2.0,0,1,7,OPEN,29904.173,Sporting Goods - Fishing | Sporting Goods,Bamboo or Cane Fishing Poles & GreenTackle Box,https://hibid.com/lot/323034771
1206,323034772,186052,2.0,0,1,4,OPEN,29914.173,Antiques & Collectibles - Collectibles - Decorative - Ornaments | Antiques & Collectibles - Collectibles - Decorative | Antiques & Collectibles - Collectibles | Antiques & Collectibles,48 In Fiber Optic Color Changing Christmas Tree,https://hibid.com/lot/323034772
1207,323034773,186053,0.0,0,0,6,OPEN,29924.17,Construction & Farm - Shop / Warehouse - Automotive | Construction & Farm - Shop / Warehouse | Construction & Farm,Equinox Rubber Front Floor Liners Raised Edges,https://hibid.com/lot/323034773
1208,323034774,186054,2.0,0,1,6,OPEN,29934.166999999998,Construction & Farm - Shop / Warehouse - Automotive | Construction & Farm - Shop / Warehouse | Construction & Farm,Car Washing & Waxing Supplies,https://hibid.com/lot/323034774
1209,323034775,186055,3.0,0,2,4,OPEN,29944.162999999997,Construction & Farm - Shop / Warehouse - Automotive | Construction & Farm - Shop / Warehouse | Construction & Farm,Automotive Care Products & Gap Filler,https://hibid.com/lot/323034775
1210,323218874,186146,7.0,0,5,4,OPEN,29954.16,Lawn & Garden - Outdoors | Lawn & Garden,".Garden Products - Moracle Gro, Tree & Shrub Feed",https://hibid.com/lot/323218874
1211,323218876,186148,0.0,0,0,7,OPEN,29964.157,Lawn & Garden - Outdoors | Lawn & Garden,"Gardening Items, Garden Bags, Garden soil",https://hibid.com/lot/323218876
1212,323218877,186150,2.0,0,1,4,OPEN,29974.153,Lawn & Garden - Outdoors | Lawn & Garden,"Backyard Bug Control, Bug Spray, Yard and garden",https://hibid.com/lot/323218877
1213,323218878,186151,3.0,0,2,5,OPEN,29984.149999999998,Home Goods & Decor - Home Goods - Pet Food & Supplies | Home Goods & Decor - Home Goods | Home Goods & Decor,Oster Animal Clippers (2),https://hibid.com/lot/323218878
1214,323218879,186152,0.0,0,0,4,OPEN,29994.149999999998,Home Goods & Decor - Home Goods - Lighting - Outdoor Lighting | Home Goods & Decor - Home Goods - Lighting | Home Goods & Decor - Home Goods | Home Goods & Decor,Yard Solar Lights (6),https://hibid.com/lot/323218879
1215,323218880,186153,2.0,0,1,5,OPEN,30004.146999999997,Business & Industrial - Business / Retail - Janitorial - Cleaners / Cleaning Supplies | Business & Industrial - Business / Retail - Janitorial | Business & Industrial - Business / Retail | Business & Industrial,"Cascade, Deck and Fence Cleaner, Windex",https://hibid.com/lot/323218880
1216,323218881,186154,0.0,0,0,4,OPEN,30014.137,Business & Industrial - Business / Retail - Janitorial - Cleaners / Cleaning Supplies | Business & Industrial - Business / Retail - Janitorial | Business & Industrial - Business / Retail | Business & Industrial,"Cleaners, Iron out, Comet, Now Cleaner",https://hibid.com/lot/323218881
1217,323218882,186155,2.0,0,1,5,OPEN,30024.132999999998,Home Goods & Decor - Home Goods - Kitchen / Housewares | Home Goods & Decor - Home Goods | Home Goods & Decor,Red Plate shelf with hooks,https://hibid.com/lot/323218882
1218,323218883,186156,0.0,0,0,5,OPEN,30034.129999999997,Antiques & Collectibles - Collectibles - Decorative - Ornaments | Antiques & Collectibles - Collectibles - Decorative | Antiques & Collectibles - Collectibles | Antiques & Collectibles,"Christmas Decorations, Snowman Thermometer",https://hibid.com/lot/323218883
1219,323218884,186157,5.0,0,4,3,OPEN,30044.129999999997,Lawn & Garden - Outdoors | Lawn & Garden,Stinger Outdoor Insect Control,https://hibid.com/lot/323218884
1220,323218885,186158,3.0,0,2,3,OPEN,30054.123,Construction & Farm - Shop / Warehouse - Pipe Bending / Threading | Construction & Farm - Shop / Warehouse | Construction & Farm,"Pipe Insulation, Easy Cover tape",https://hibid.com/lot/323218885
1221,323218886,186159,0.0,0,0,4,OPEN,30064.12,Home Goods & Decor - Home Goods - Kitchen / Housewares | Home Goods & Decor - Home Goods | Home Goods & Decor,Steel Wool bags,https://hibid.com/lot/323218886
1222,323218887,186160,0.0,0,0,6,OPEN,30074.12,Construction & Farm - Shop / Warehouse - Painting | Construction & Farm - Shop / Warehouse | Construction & Farm,"Wallpaper primer, Kiltz, Paint,",https://hibid.com/lot/323218887
1223,323218888,186161,0.0,0,0,6,OPEN,30084.117,Home Goods & Decor - Home Goods - Lighting - Light Bulbs | Home Goods & Decor - Home Goods - Lighting | Home Goods & Decor - Home Goods | Home Goods & Decor,"Lightbulbs, Toliet Bowl Rings, Locks and more",https://hibid.com/lot/323218888
1224,323218889,186162,0.0,0,0,4,OPEN,30094.112999999998,Construction & Farm - Shop / Warehouse - Painting | Construction & Farm - Shop / Warehouse | Construction & Farm,"Good Gone, Paint thinner, Floor cleaner",https://hibid.com/lot/323218889
1225,323218890,186163,0.0,0,0,5,OPEN,30104.109999999997,Construction & Farm - Shop / Warehouse - Saws / Drills | Construction & Farm - Shop / Warehouse | Construction & Farm,Large Band Saw blades,https://hibid.com/lot/323218890
1226,323218891,186164,0.0,0,0,6,OPEN,30114.107,Construction & Farm - Shop / Warehouse - Parts / Accessories | Construction & Farm - Shop / Warehouse | Construction & Farm,Cast iron pressure regulator,https://hibid.com/lot/323218891
1227,323218892,186165,2.0,0,1,4,OPEN,30124.103,Lawn & Garden - Outdoors | Lawn & Garden,Atlas Flag Corporation of America Flag,https://hibid.com/lot/323218892
1228,323218893,186166,2.0,0,1,6,OPEN,30134.1,Construction & Farm - Livestock Equipment - Handling Equipment | Construction & Farm - Livestock Equipment | Construction & Farm,"Older Grooming Tools, Curry combs",https://hibid.com/lot/323218893
1229,323218894,186167,2.0,0,1,7,OPEN,30144.096999999998,Sporting Goods - Sporting Goods / Outdoor Recreation - Outdoor Games & Sports Equipment | Sporting Goods - Sporting Goods / Outdoor Recreation | Sporting Goods,"Vanflex Skateboard, Tennis Rackets",https://hibid.com/lot/323218894
1230,323218895,186170,0.0,0,0,7,OPEN,30154.092999999997,Business & Industrial - Medical Supplies / Lab Equipment | Business & Industrial,Porcelain Hospital Bed Pan,https://hibid.com/lot/323218895
1232,323218897,186173,2.0,0,1,8,OPEN,30164.09,Home Goods & Decor - Home Goods - Kitchen / Housewares | Home Goods & Decor - Home Goods | Home Goods & Decor,Large Picnic Basket with cups and plates,https://hibid.com/lot/323218897
1233,323218898,186174,8.0,0,7,6,OPEN,30174.087,Lawn & Garden - Outdoors | Lawn & Garden,Steel Rail Ties,https://hibid.com/lot/323218898
1234,323218899,186175,2.0,0,1,6,OPEN,30184.083,Home Goods & Decor - Home Goods - Other Items - Other,Heavy Round Steel Stock,https://hibid.com/lot/323218899
1235,323218900,186176,2.0,0,1,6,OPEN,30194.079999999998,Construction & Farm - Shop / Warehouse - Parts / Accessories | Construction & Farm - Shop / Warehouse | Construction & Farm,"Teeth replacements for wind rowers, large hooks",https://hibid.com/lot/323218900
1236,323218901,186177,4.0,0,3,4,OPEN,30204.079999999998,Construction & Farm - Shop / Warehouse - Parts / Accessories | Construction & Farm - Shop / Warehouse | Construction & Farm,Roller Chains,https://hibid.com/lot/323218901
1237,323218903,186178,2.0,0,1,8,OPEN,30214.073,Sporting Goods - Camping | Sporting Goods,Coleman Catalyic Heater and (4) heater tops,https://hibid.com/lot/323218903
1238,323218904,186179,2.0,0,1,4,OPEN,30224.073,Lawn & Garden - Tools/Hand held items - Hand Tools | Lawn & Garden - Tools/Hand held items | Lawn & Garden,Wooden and steel trowels,https://hibid.com/lot/323218904
1239,323218905,186180,0.0,0,0,10,OPEN,30234.07,Construction & Farm - Shop / Warehouse - Parts / Accessories | Construction & Farm - Shop / Warehouse | Construction & Farm,"Nuts and Bolts, Fastners, Bolts and more",https://hibid.com/lot/323218905
1240,323218906,186182,3.0,0,2,6,OPEN,30244.067,Lawn & Garden - Outdoor Power Equipment - Chainsaws | Lawn & Garden - Outdoor Power Equipment | Lawn & Garden,"Chainsaw guide bars, saw chains",https://hibid.com/lot/323218906
1241,323218907,186183,2.0,0,1,3,OPEN,30254.063,Lawn & Garden - Outdoor Power Equipment - Lawn Mowers - Walk-Behind | Lawn & Garden - Outdoor Power Equipment - Lawn Mowers | Lawn & Garden - Outdoor Power Equipment | Lawn & Garden,"Mower Blades 46""",https://hibid.com/lot/323218907
1242,323218908,186185,0.0,0,0,5,OPEN,30264.059999999998,Construction & Farm - Shop / Warehouse - Parts / Accessories | Construction & Farm - Shop / Warehouse | Construction & Farm,"Pipe clamps, Mini kits, Brackets, Casters",https://hibid.com/lot/323218908
1243,323218909,186186,0.0,0,0,6,OPEN,30274.056999999997,Construction & Farm - Shop / Warehouse - Parts / Accessories | Construction & Farm - Shop / Warehouse | Construction & Farm,Outboard motor stern bracket and clamp assembly,https://hibid.com/lot/323218909
1244,323218910,186187,0.0,0,0,5,OPEN,30284.053,Construction & Farm - Shop / Warehouse - Electrical | Construction & Farm - Shop / Warehouse | Construction & Farm,"Voltage Regulator, Chalk line reel, Antenna wire",https://hibid.com/lot/323218910
1245,323218911,186188,0.0,0,0,4,OPEN,30294.05,Construction & Farm - Shop / Warehouse - Tiedowns / Binders | Construction & Farm - Shop / Warehouse | Construction & Farm,"Forged steel load Binder, Utility hook in chains",https://hibid.com/lot/323218911
1246,323218912,186189,0.0,0,0,7,OPEN,30304.047,Antiques & Collectibles - Antiques - Antique Tools | Antiques & Collectibles - Antiques | Antiques & Collectibles,Rope and Pulley system,https://hibid.com/lot/323218912
1247,323218913,186190,2.0,0,1,4,OPEN,30314.042999999998,Construction & Farm - Shop / Warehouse - Electrical | Construction & Farm - Shop / Warehouse | Construction & Farm,- Orange and Black large extension cords,https://hibid.com/lot/323218913
1248,323218914,186191,0.0,0,0,3,OPEN,30324.042999999998,Construction & Farm - Shop / Warehouse - Hoses | Construction & Farm - Shop / Warehouse | Construction & Farm,Rubber Utility hoses,https://hibid.com/lot/323218914
1249,323218915,186192,0.0,0,0,5,OPEN,30334.039999999997,Home Goods & Decor - Home Goods - Carpet / Rugs | Home Goods & Decor - Home Goods | Home Goods & Decor,Shop mats,https://hibid.com/lot/323218915
1250,323218917,186193,0.0,0,0,4,OPEN,30344.037,Construction & Farm - Shop / Warehouse - Tiedowns / Binders | Construction & Farm - Shop / Warehouse | Construction & Farm,Heavy steel chains,https://hibid.com/lot/323218917
1251,323218918,186194,0.0,0,0,5,OPEN,30354.033,Home Goods & Decor - Home Goods - Lighting - Fixtures / Sconces | Home Goods & Decor - Home Goods - Lighting | Home Goods & Decor - Home Goods | Home Goods & Decor,"Twin pack 15"" ceiling lights, 18"" Towel Bar set",https://hibid.com/lot/323218918
1252,323218919,186195,0.0,0,0,5,OPEN,30364.03,Home Goods & Decor - Home Goods - Lighting - Outdoor Lighting | Home Goods & Decor - Home Goods - Lighting | Home Goods & Decor - Home Goods | Home Goods & Decor,Porch Lights (2),https://hibid.com/lot/323218919
1253,323218920,186196,0.0,0,0,2,OPEN,30374.027,Antiques & Collectibles - Collectibles - Books | Antiques & Collectibles - Collectibles | Antiques & Collectibles,"College Books, English, Mangement, Economics",https://hibid.com/lot/323218920
1254,323218921,186197,0.0,0,0,6,OPEN,30384.022999999997,Home Goods & Decor - Home Goods - Lighting - Fixtures / Sconces | Home Goods & Decor - Home Goods - Lighting | Home Goods & Decor - Home Goods | Home Goods & Decor,Ceiling and Wall lights,https://hibid.com/lot/323218921
1255,323218922,186198,0.0,0,0,4,OPEN,30394.02,Home Goods & Decor - Home Goods - Lighting - Ceiling Fans | Home Goods & Decor - Home Goods - Lighting | Home Goods & Decor - Home Goods | Home Goods & Decor,"Harbor Breeze 42"" Cheshire Ceiling Fan and light",https://hibid.com/lot/323218922
1256,323218923,186199,0.0,0,0,7,OPEN,30404.017,Home Goods & Decor - Home Goods - Lighting - Fixtures / Sconces | Home Goods & Decor - Home Goods - Lighting | Home Goods & Decor - Home Goods | Home Goods & Decor,"Wall Candle Holders (2), Polished Brass Ceiling",https://hibid.com/lot/323218923
1257,323218924,186200,2.0,0,1,3,OPEN,30414.013,Home Goods & Decor - Home Goods - Bed / Bath Items | Home Goods & Decor - Home Goods | Home Goods & Decor,"The Sherpa Poncho Blanket, 84x58",https://hibid.com/lot/323218924
1258,323218925,186201,0.0,0,0,6,OPEN,30424.01,Business & Industrial - Business / Retail - Janitorial - Cleaning Equipment | Business & Industrial - Business / Retail - Janitorial | Business & Industrial - Business / Retail | Business & Industrial,"Edgemaster Painter guide, Auto Vacuum Cleaner",https://hibid.com/lot/323218925
1259,323218926,186202,0.0,0,0,8,OPEN,30434.01,Construction & Farm - Shop / Warehouse - Parts / Accessories | Construction & Farm - Shop / Warehouse | Construction & Farm,"Dryer vents, Tubular Doors locks",https://hibid.com/lot/323218926
1260,323218927,186203,7.0,0,5,4,OPEN,30444.006999999998,Construction & Farm - Shop / Warehouse - Parts / Accessories | Construction & Farm - Shop / Warehouse | Construction & Farm,"Brass fitting for hot water heater, Spigot handles",https://hibid.com/lot/323218927
1261,323218928,186204,0.0,0,0,5,OPEN,30454.002999999997,Construction & Farm - Building Supplies - Plumbing | Construction & Farm - Building Supplies | Construction & Farm,"Toliet Repair Kit, PVC piping, drains, sink drain",https://hibid.com/lot/323218928
1262,323218929,186205,0.0,0,0,5,OPEN,30464,Lawn & Garden - Outdoors | Lawn & Garden,"Garden edging, Hummingbird feeders",https://hibid.com/lot/323218929
1263,323218930,186206,0.0,0,0,8,OPEN,30473.997,Lawn & Garden - Outdoors | Lawn & Garden,"Plant Feeders, wooden butterflies, basket",https://hibid.com/lot/323218930
1264,323218931,186207,0.0,0,0,5,OPEN,30483.993,Home Goods & Decor - Home Goods - Lighting - Outdoor Lighting | Home Goods & Decor - Home Goods - Lighting | Home Goods & Decor - Home Goods | Home Goods & Decor,Solar lights (2( large ones,https://hibid.com/lot/323218931
1265,323218932,186208,0.0,0,0,5,OPEN,30493.989999999998,Antiques & Collectibles - Collectibles - Decorative - Planters | Antiques & Collectibles - Collectibles - Decorative | Antiques & Collectibles - Collectibles | Antiques & Collectibles,"Frog sprinkler, ceramic frog and planter",https://hibid.com/lot/323218932
1266,323218933,186209,3.0,0,2,4,OPEN,30503.986999999997,Lawn & Garden - Outdoors | Lawn & Garden,Ceramic Yard Dwarfs (2),https://hibid.com/lot/323218933
1267,323218934,186210,0.0,0,0,5,OPEN,30513.983,Art - Sculptures / Carvings / Statues | Art,"Ceramic Angel, Small Concrete Dog, Large Shell",https://hibid.com/lot/323218934
1268,323218935,186211,2.0,0,1,4,OPEN,30523.98,Lawn & Garden - Tools/Hand held items - Hand Tools | Lawn & Garden - Tools/Hand held items | Lawn & Garden,"Cyclone Seeder, Small Garden tools",https://hibid.com/lot/323218935
1269,323218936,186212,0.0,0,0,3,OPEN,30533.977,Lawn & Garden - Outdoors | Lawn & Garden,Power Shot Battery Operated Sprayer for weeds,https://hibid.com/lot/323218936
1270,323218937,186213,12.0,0,9,4,OPEN,30543.977,Lawn & Garden - Outdoors | Lawn & Garden,Stepping stone kits (3),https://hibid.com/lot/323218937
1271,323218938,186214,0.0,0,0,9,OPEN,30553.969999999998,Lawn & Garden - Outdoors | Lawn & Garden,"Garden Decorations, hose and more",https://hibid.com/lot/323218938
1272,323218939,186215,0.0,0,0,5,OPEN,30563.966999999997,Home Goods & Decor - Home Goods - Kitchen / Housewares | Home Goods & Decor - Home Goods | Home Goods & Decor,"White hanging metal basket , black stand",https://hibid.com/lot/323218939
1273,323218940,186223,5.0,0,3,9,OPEN,30573.963,Sporting Goods - Sporting Goods / Outdoor Recreation - Fitness & Exercise Equipment | Sporting Goods - Sporting Goods / Outdoor Recreation | Sporting Goods,Weider Pro 4900 multi-station home gym system.,https://hibid.com/lot/323218940
1274,323218941,186224,0.0,0,0,9,OPEN,30583.96,Furniture - Cabinets | Furniture,Wood Storage Cabinets,https://hibid.com/lot/323218941
1275,323218942,186225,0.0,0,0,8,OPEN,30593.957,Construction & Farm - Shop / Warehouse - Parts / Accessories | Construction & Farm - Shop / Warehouse | Construction & Farm,"Shelf, Hardware Organizer Bins, Metal Locker",https://hibid.com/lot/323218942
1276,323218943,186226,15.0,0,11,4,OPEN,30603.952999999998,Business & Industrial - Business / Retail - Carts / Baskets | Business & Industrial - Business / Retail | Business & Industrial,2 Metal Dollies,https://hibid.com/lot/323218943
1277,323218944,186227,9.0,0,8,4,OPEN,30613.949999999997,Construction & Farm - Shop / Warehouse - Automotive | Construction & Farm - Shop / Warehouse | Construction & Farm,2 Metal Trailer Ramps,https://hibid.com/lot/323218944
1278,323218945,186228,0.0,0,0,4,OPEN,30623.949999999997,Construction & Farm - Shop / Warehouse - Automotive | Construction & Farm - Shop / Warehouse | Construction & Farm,2 Wooden Trailer Ramps,https://hibid.com/lot/323218945
1279,323218946,186229,30.0,0,6,5,OPEN,30633.947,Construction & Farm - Shop / Warehouse - Automotive | Construction & Farm - Shop / Warehouse | Construction & Farm,Tow Hitch Metal Carrier,https://hibid.com/lot/323218946
1280,323218947,186230,24.0,0,9,6,OPEN,30643.943,Construction & Farm - Shop / Warehouse - Ladders / Scaffolding | Construction & Farm - Shop / Warehouse | Construction & Farm,"Skinny Mini 3 Step Stool, Aluminum Extending",https://hibid.com/lot/323218947
1281,323218948,186231,0.0,0,0,5,OPEN,30653.936999999998,Construction & Farm - Shop / Warehouse - Ladders / Scaffolding | Construction & Farm - Shop / Warehouse | Construction & Farm,"Wooden Ladder, 2 Metal Step Ladders",https://hibid.com/lot/323218948
1282,323218949,186232,2.0,0,1,4,OPEN,30663.932999999997,Lawn & Garden - Tools/Hand held items - Hand Tools | Lawn & Garden - Tools/Hand held items | Lawn & Garden,"2 Hand Held Post Hole Diggers, Spade Shovel",https://hibid.com/lot/323218949
1283,323218950,186233,2.0,0,1,4,OPEN,30673.93,Lawn & Garden - Tools/Hand held items - Hand Tools | Lawn & Garden - Tools/Hand held items | Lawn & Garden,Pick Axes(3),https://hibid.com/lot/323218950
1284,323218951,186234,0.0,0,0,7,OPEN,30683.927,Lawn & Garden - Tools/Hand held items - Hand Tools | Lawn & Garden - Tools/Hand held items | Lawn & Garden,"Spade Shovel, Scoop Shovels(3)",https://hibid.com/lot/323218951
1285,323218952,186235,0.0,0,0,5,OPEN,30693.92,Business & Industrial - Business / Retail - Janitorial - Cleaning Equipment | Business & Industrial - Business / Retail - Janitorial | Business & Industrial - Business / Retail | Business & Industrial,3 Push Brooms,https://hibid.com/lot/323218952
1286,323218953,186236,0.0,0,0,6,OPEN,30703.92,Lawn & Garden - Tools/Hand held items - Hand Tools | Lawn & Garden - Tools/Hand held items | Lawn & Garden,"Sledgehammer, Weed Pick, Metal Weed Whip, Small T",https://hibid.com/lot/323218953
1287,323218954,186237,0.0,0,0,5,OPEN,30713.912999999997,Lawn & Garden - Tools/Hand held items - Hand Tools | Lawn & Garden - Tools/Hand held items | Lawn & Garden,"Garden Hoes(2), Metal Pitchfork, Loppers",https://hibid.com/lot/323218954
1288,323218955,186238,2.0,0,1,4,OPEN,30723.91,Lawn & Garden - Tools/Hand held items - Hand Tools | Lawn & Garden - Tools/Hand held items | Lawn & Garden,"Scythe, Hand Cultivator",https://hibid.com/lot/323218955
1289,323218956,186239,2.0,0,1,3,OPEN,30733.903,Lawn & Garden - Tools/Hand held items - Hand Tools | Lawn & Garden - Tools/Hand held items | Lawn & Garden,"4 Leaf Rakes, 2 Landscape Rakes",https://hibid.com/lot/323218956
1290,323218958,186240,0.0,0,0,4,OPEN,30743.907,Construction & Farm - Shop / Warehouse - Automotive | Construction & Farm - Shop / Warehouse | Construction & Farm,"Windshield Scraper, Brushes",https://hibid.com/lot/323218958
1291,323218959,186241,0.0,0,0,3,OPEN,30753.903,Business & Industrial - Medical Supplies / Lab Equipment | Business & Industrial,"Walker, Cane, Crutches(2)",https://hibid.com/lot/323218959
1292,323218960,186242,2.0,0,1,4,OPEN,30763.899999999998,Construction & Farm - Shop / Warehouse - Workbenches / Tables | Construction & Farm - Shop / Warehouse | Construction & Farm,Iron Horse II Saw Horses(2),https://hibid.com/lot/323218960
1293,323218961,186243,0.0,0,0,5,OPEN,30772.69,Lawn & Garden - Outdoors | Lawn & Garden,"Sprinklers(2), Lighthouse Copper Sprinkler, Deck",https://hibid.com/lot/323218961
1294,323218962,186244,2.0,0,1,4,OPEN,30782.69,Lawn & Garden - Outdoors | Lawn & Garden,Wooden Outdoor Yard Decor,https://hibid.com/lot/323218962
1295,323218963,186245,0.0,0,0,6,OPEN,30792.686999999998,Lawn & Garden - Outdoors | Lawn & Garden,"Small Plastic Hose Reel, Round Up Pump Sprayer,",https://hibid.com/lot/323218963
1296,323218964,186246,2.0,0,1,5,OPEN,30802.682999999997,Furniture - Deck / Patio | Furniture,Outdoor Lawn Chairs(9),https://hibid.com/lot/323218964
1297,323218965,186247,3.0,0,2,5,OPEN,30812.68,"Sporting Goods - Sporting Goods / Outdoor Recreation - Bicycles, Scooters & More | Sporting Goods - Sporting Goods / Outdoor Recreation | Sporting Goods",Flexible Flyer Wooden and Metal Sled,https://hibid.com/lot/323218965
1298,323218966,186248,3.0,0,2,5,OPEN,30822.68,Lawn & Garden - Outdoors | Lawn & Garden,"Shepherds Hooks, Weather Vane(no top)",https://hibid.com/lot/323218966
1299,323218967,186249,2.0,0,1,3,OPEN,30832.677,Home Goods & Decor - Home Goods - Kitchen / Housewares | Home Goods & Decor - Home Goods | Home Goods & Decor,Plastic Hanging Flower Baskets with Tote,https://hibid.com/lot/323218967
1300,323218968,186250,2.0,0,1,3,OPEN,30842.67,Antiques & Collectibles - Collectibles - Decorative - Planters | Antiques & Collectibles - Collectibles - Decorative | Antiques & Collectibles - Collectibles | Antiques & Collectibles,Plastic Flower Baskets and Pots with Tote,https://hibid.com/lot/323218968
1301,323218969,186251,2.0,0,1,4,OPEN,30852.67,Antiques & Collectibles - Collectibles - Decorative - Planters | Antiques & Collectibles - Collectibles - Decorative | Antiques & Collectibles - Collectibles | Antiques & Collectibles,Various Flower Pots,https://hibid.com/lot/323218969
1302,323218970,186252,0.0,0,0,5,OPEN,30862.666999999998,Lawn & Garden - Outdoors | Lawn & Garden,Greenview Jet Spread 2,https://hibid.com/lot/323218970
1303,323218971,186253,16.0,0,15,4,OPEN,30872.662999999997,Lawn & Garden - Outdoors | Lawn & Garden,2 Propane Tanks,https://hibid.com/lot/323218971
1304,323218972,186254,16.0,0,15,4,OPEN,30882.66,Lawn & Garden - Outdoors | Lawn & Garden,2 Propane Tanks,https://hibid.com/lot/323218972
1305,323218973,186255,0.0,0,0,4,OPEN,30892.66,Antiques & Collectibles - Collectibles - Gas / Oil | Antiques & Collectibles - Collectibles | Antiques & Collectibles,5 Plastic Gas Cans,https://hibid.com/lot/323218973
1306,323218974,186256,2.0,0,1,6,OPEN,30902.657,Antiques & Collectibles - Collectibles - Gas / Oil | Antiques & Collectibles - Collectibles | Antiques & Collectibles,"3 Metal Gas Cans, 1 Plastic Gas Can",https://hibid.com/lot/323218974
1307,323218975,186257,2.0,0,1,3,OPEN,30912.653,Antiques & Collectibles - Collectibles - Gas / Oil | Antiques & Collectibles - Collectibles | Antiques & Collectibles,"2-2.5 Gallon Plastic Gas Cans, 1 Small Gas Can",https://hibid.com/lot/323218975
1308,323218976,186258,2.0,0,1,6,OPEN,30922.649999999998,Construction & Farm - Tillage Equipment - Plows | Construction & Farm - Tillage Equipment | Construction & Farm,One Bottom Plow,https://hibid.com/lot/323218976
1309,323218977,186259,2.0,0,1,5,OPEN,30932.646999999997,Antiques & Collectibles - Antiques - Antique Tools | Antiques & Collectibles - Antiques | Antiques & Collectibles,Vintage Plow,https://hibid.com/lot/323218977
1310,323218978,186260,4.0,0,3,5,OPEN,30942.64,Construction & Farm - Tillage Equipment - Plows | Construction & Farm - Tillage Equipment | Construction & Farm,Metal Vintage Plow,https://hibid.com/lot/323218978
1311,323218979,186261,2.0,0,1,6,OPEN,30952.64,Lawn & Garden - Outdoor Power Equipment - Lawn Mowers - Walk-Behind | Lawn & Garden - Outdoor Power Equipment - Lawn Mowers | Lawn & Garden - Outdoor Power Equipment | Lawn & Garden,Old Push Behind Lawn Mower,https://hibid.com/lot/323218979
1312,323218980,186262,3.0,0,2,5,OPEN,30962.64,Lawn & Garden - Outdoors | Lawn & Garden,2 Metal Wheels,https://hibid.com/lot/323218980
1313,323218981,186263,6.0,0,5,4,OPEN,30972.637,Construction & Farm - Shop / Warehouse - Parts / Accessories | Construction & Farm - Shop / Warehouse | Construction & Farm,5 Small Metal Wheels,https://hibid.com/lot/323218981
1314,323218982,186264,0.0,0,0,6,OPEN,30982.632999999998,Construction & Farm - Shop / Warehouse - Automotive | Construction & Farm - Shop / Warehouse | Construction & Farm,Rear Discharging Deck,https://hibid.com/lot/323218982
1315,323218983,186265,2.0,0,1,6,OPEN,30992.627,Lawn & Garden - Outdoor Power Equipment - Lawn Mowers - Walk-Behind | Lawn & Garden - Outdoor Power Equipment - Lawn Mowers | Lawn & Garden - Outdoor Power Equipment | Lawn & Garden,"MTD 22"" Yard Machine Push Mower",https://hibid.com/lot/323218983
1316,323218984,186266,7.0,0,6,5,OPEN,31002.627,"Construction & Farm - Turf Equipment - Blowers, Sweepers & Vacuums | Construction & Farm - Turf Equipment | Construction & Farm",Huskee Lawn Sweeper,https://hibid.com/lot/323218984
1317,323218985,186269,20.0,0,13,7,OPEN,31012.623,Lawn & Garden - Outdoors | Lawn & Garden,Orange Plastic Wheel Barrow,https://hibid.com/lot/323218985
1318,323218986,186270,21.0,0,13,6,OPEN,31022.62,Lawn & Garden - Outdoors | Lawn & Garden,Grey Plastic Wheel Barrow,https://hibid.com/lot/323218986
1319,323218987,186271,2.0,0,1,7,OPEN,31032.617,Lawn & Garden - Outdoors | Lawn & Garden,Garden Pond Basin and plastic Rocks steps,https://hibid.com/lot/323218987
1320,323218988,186272,2.0,0,1,3,OPEN,31042.612999999998,Construction & Farm - Building Supplies - Fencing | Construction & Farm - Building Supplies | Construction & Farm,Orange Plastic Snow Fencing,https://hibid.com/lot/323218988
1321,323218989,186274,0.0,0,0,7,OPEN,31052.609999999997,Construction & Farm - Building Supplies - Fencing | Construction & Farm - Building Supplies | Construction & Farm,Garden Wire Fencing,https://hibid.com/lot/323218989
1322,323218990,186275,4.0,0,3,8,OPEN,31062.609999999997,Home Goods & Decor - Home Goods - Kitchen / Housewares | Home Goods & Decor - Home Goods | Home Goods & Decor,"Hyper a tough 45 Gal Trash Bin, Plastic Trash Bin",https://hibid.com/lot/323218990
1323,323218991,186276,5.0,0,4,7,OPEN,31072.607,Home Goods & Decor - Home Goods - Kitchen / Housewares | Home Goods & Decor - Home Goods | Home Goods & Decor,Toter 64 Gal Trash Bin,https://hibid.com/lot/323218991
1324,323218992,186277,0.0,0,0,7,OPEN,31082.603,Home Goods & Decor - Home Goods - Kitchen / Housewares | Home Goods & Decor - Home Goods | Home Goods & Decor,"Rubbermaid 33 Gal. Trash Bin, Plastic Trash Barrel",https://hibid.com/lot/323218992
1325,323218993,186278,0.0,0,0,7,OPEN,31092.6,Sporting Goods - Sporting Goods / Outdoor Recreation - Outdoor Games & Sports Equipment | Sporting Goods - Sporting Goods / Outdoor Recreation | Sporting Goods,Children’s Basketball Hoop,https://hibid.com/lot/323218993
1326,323218994,186279,3.0,0,2,5,OPEN,31102.596999999998,Toys - Vintage / Antique Toys | Toys,Quality Farm & Fleet Red Wagon,https://hibid.com/lot/323218994
1327,323218995,186280,4.0,0,4,15,OPEN,31112.592999999997,Home Goods & Decor - Home Goods - Kitchen / Housewares | Home Goods & Decor - Home Goods | Home Goods & Decor,"Wooden Crate, Galvanized Bucket",https://hibid.com/lot/323218995
1328,323218996,186281,31.0,0,22,6,OPEN,31122.59,Lawn & Garden - Outdoors | Lawn & Garden,White & Blue Cement Bird Bath,https://hibid.com/lot/323218996
1329,323218997,186282,3.0,0,2,5,OPEN,31132.587,Lawn & Garden - Outdoors | Lawn & Garden,Cement Bird Bath,https://hibid.com/lot/323218997
1330,323218998,186283,0.0,0,0,12,OPEN,31142.583,Sporting Goods - Hunting & Trapping | Sporting Goods,"Goose Decoys (2), Owl Decoy",https://hibid.com/lot/323218998
1331,323218999,186284,2.0,0,1,5,OPEN,31152.579999999998,Lawn & Garden - Lawn / Garden | Lawn & Garden,Black Garden Hose,https://hibid.com/lot/323218999
1332,323219000,186285,0.0,0,0,6,OPEN,31162.573,Lawn & Garden - Outdoors | Lawn & Garden,Garden Hose,https://hibid.com/lot/323219000
1333,323219001,186286,2.0,0,1,8,OPEN,31172.576999999997,Art - Sculptures / Carvings / Statues | Art,"Cement Jesus Statue, Porcelain Mary Statue",https://hibid.com/lot/323219001
1334,323219002,186287,31.0,0,5,7,OPEN,31182.573,Antiques & Collectibles - Collectibles - Figurines | Antiques & Collectibles - Collectibles | Antiques & Collectibles,Ceramic Kissing Dutch Boy & Girl (Pink/Blue),https://hibid.com/lot/323219002
1335,323219003,186288,2.0,0,1,8,OPEN,31192.57,Antiques & Collectibles - Collectibles - Figurines | Antiques & Collectibles - Collectibles | Antiques & Collectibles,Kissing Dutch Boy & Girl (Blue/Yellow),https://hibid.com/lot/323219003
1336,323219004,186289,2.0,0,1,6,OPEN,31202.567,Lawn & Garden - Outdoors | Lawn & Garden,Cement Children Telling a Secret in the Garden,https://hibid.com/lot/323219004
1337,323219005,186290,51.0,0,9,11,OPEN,31212.559999999998,Art - Sculptures / Carvings / Statues | Art,"Cement Lawn Jockey Lantern, Plastic Lawn Jockey",https://hibid.com/lot/323219005
1338,323219006,186291,0.0,0,0,16,OPEN,31222.559999999998,Antiques & Collectibles - Collectibles - Decorative - Planters | Antiques & Collectibles - Collectibles - Decorative | Antiques & Collectibles - Collectibles | Antiques & Collectibles,"Cement Angel, PlasterGild Woman, Girl Planter",https://hibid.com/lot/323219006
1339,323219007,186292,5.0,0,4,16,OPEN,31232.556999999997,Antiques & Collectibles - Collectibles - Figurines | Antiques & Collectibles - Collectibles | Antiques & Collectibles,"Cement Pelican & Seahorse, Resin Frog& G. Parents",https://hibid.com/lot/323219007
1340,323219008,186293,13.0,0,6,10,OPEN,31242.553,Lawn & Garden - Outdoors | Lawn & Garden,Cement Urns and Cylinders,https://hibid.com/lot/323219008
1341,323219009,186294,0.0,0,0,10,OPEN,31252.55,"Sporting Goods - Sporting Goods / Outdoor Recreation - Bicycles, Scooters & More | Sporting Goods - Sporting Goods / Outdoor Recreation | Sporting Goods",AMF Red Men’s Bike,https://hibid.com/lot/323219009
1342,323219010,186295,12.0,0,7,8,OPEN,31262.547,"Sporting Goods - Sporting Goods / Outdoor Recreation - Bicycles, Scooters & More | Sporting Goods - Sporting Goods / Outdoor Recreation | Sporting Goods",Schwinn Typhoon Men’s Bike,https://hibid.com/lot/323219010
1343,323219011,186296,0.0,0,0,6,OPEN,31272.542999999998,"Sporting Goods - Sporting Goods / Outdoor Recreation - Bicycles, Scooters & More | Sporting Goods - Sporting Goods / Outdoor Recreation | Sporting Goods",Sea Star Children’s Bike,https://hibid.com/lot/323219011
1344,323219012,186297,0.0,0,0,10,OPEN,31282.537,"Sporting Goods - Sporting Goods / Outdoor Recreation - Bicycles, Scooters & More | Sporting Goods - Sporting Goods / Outdoor Recreation | Sporting Goods",Executive Woman’s 3 Speed Bike,https://hibid.com/lot/323219012
1345,323219013,186298,3.0,0,2,9,OPEN,31292.539999999997,"Sporting Goods - Sporting Goods / Outdoor Recreation - Bicycles, Scooters & More | Sporting Goods - Sporting Goods / Outdoor Recreation | Sporting Goods",Huffy Cranbrook Woman’s Bike,https://hibid.com/lot/323219013
1346,323219014,186299,2.0,0,1,9,OPEN,31302.533,"Sporting Goods - Sporting Goods / Outdoor Recreation - Bicycles, Scooters & More | Sporting Goods - Sporting Goods / Outdoor Recreation | Sporting Goods",Blue Woman’s bike,https://hibid.com/lot/323219014
1347,323219015,186300,0.0,0,0,10,OPEN,31312.53,"Sporting Goods - Sporting Goods / Outdoor Recreation - Bicycles, Scooters & More | Sporting Goods - Sporting Goods / Outdoor Recreation | Sporting Goods",All Pro 3 Speed Woman’s Bike,https://hibid.com/lot/323219015
1348,323219016,186301,0.0,0,0,9,OPEN,31322.53,"Sporting Goods - Sporting Goods / Outdoor Recreation - Bicycles, Scooters & More | Sporting Goods - Sporting Goods / Outdoor Recreation | Sporting Goods",Huffy All Pro 3 Speed with Child Carrier,https://hibid.com/lot/323219016
1349,323219017,186302,34.0,0,10,12,OPEN,31332.522999999997,Furniture - Deck / Patio | Furniture,Taupe Picnic Table w/ 6 chairs (new),https://hibid.com/lot/323219017
1350,323219019,186303,31.0,0,24,10,OPEN,31342.519999999997,Furniture - Deck / Patio | Furniture,Lifetime 8ft Plastic Picnic Table,https://hibid.com/lot/323219019
1350B,324224608,186451,2.0,0,1,4,OPEN,31352.519999999997,Lawn & Garden - Outdoors | Lawn & Garden,Lattice,https://hibid.com/lot/324224608
1351,323219020,186304,50.0,0,11,6,OPEN,31362.517,Lawn & Garden - Outdoors | Lawn & Garden,"Horse Weather vane,",https://hibid.com/lot/323219020
1352,323219021,186305,20.0,0,16,5,OPEN,31372.513,Antiques & Collectibles - Collectibles - Kitchen / Home | Antiques & Collectibles - Collectibles | Antiques & Collectibles,Black Milk Can with lid,https://hibid.com/lot/323219021
1353,323219022,186306,38.0,0,25,5,OPEN,31382.51,Antiques & Collectibles - Collectibles - Kitchen / Home | Antiques & Collectibles - Collectibles | Antiques & Collectibles,Blue Milk Can with lid,https://hibid.com/lot/323219022
1354,323219023,186307,3.0,0,2,5,OPEN,31392.506999999998,Sporting Goods - Hunting & Trapping | Sporting Goods,Large Live Trap,https://hibid.com/lot/323219023
1355,323219024,186308,2.0,0,1,9,OPEN,31402.502999999997,Home Goods & Decor - Home Goods - Kitchen / Housewares | Home Goods & Decor - Home Goods | Home Goods & Decor,Metal and Plastic Crates,https://hibid.com/lot/323219024
1356,323219025,186309,0.0,0,0,10,OPEN,31412.5,Lawn & Garden - Outdoors | Lawn & Garden,Rubbermaid and Metal Mailbox,https://hibid.com/lot/323219025
1357,323219026,186310,0.0,0,0,10,OPEN,31422.497,Business & Industrial - Business / Retail - Carts / Baskets | Business & Industrial - Business / Retail | Business & Industrial,Metal Carts,https://hibid.com/lot/323219026
1358,323219027,186311,0.0,0,0,9,OPEN,31432.493,Home Goods & Decor - Home Goods - Kitchen / Housewares | Home Goods & Decor - Home Goods | Home Goods & Decor,"Plastic 23 Gallon bucket, (2) white buckets w/",https://hibid.com/lot/323219027
1359,323219028,186312,7.0,0,3,12,OPEN,31442.489999999998,Business & Industrial - Business / Retail - Racks / Shelving | Business & Industrial - Business / Retail | Business & Industrial,"Black Metal Rack, (2) Plant Stands",https://hibid.com/lot/323219028
1360,323219029,186313,10.0,0,6,7,OPEN,31452.486999999997,Business & Industrial - Business / Retail - Carts / Baskets | Business & Industrial - Business / Retail | Business & Industrial,Metal Beverage Cart,https://hibid.com/lot/323219029
1361,323219030,186314,2.0,0,1,10,OPEN,31462.483,Home Goods & Decor - Home Goods - Kitchen / Housewares | Home Goods & Decor - Home Goods | Home Goods & Decor,"Metal Stars (2) Blue, Red",https://hibid.com/lot/323219030
1362,323219031,186315,0.0,0,0,15,OPEN,31472.48,Furniture - Deck / Patio | Furniture,"Lawn Chairs (3),Lawn Lounge Chair, Lawn Rocker",https://hibid.com/lot/323219031
1363,323219032,186316,3.0,0,2,7,OPEN,31482.477,Furniture - Deck / Patio | Furniture,Beach Chairs (2),https://hibid.com/lot/323219032
1364,323219033,186317,0.0,0,0,11,OPEN,31492.472999999998,Furniture - Deck / Patio | Furniture,Green Plastic Chairs (3),https://hibid.com/lot/323219033
1365,323219034,186318,0.0,0,0,8,OPEN,31502.469999999998,Furniture - Chairs / Stools | Furniture,Metal Stools (2),https://hibid.com/lot/323219034
1366,323219035,186319,2.0,0,1,11,OPEN,31512.466999999997,Furniture - Chairs / Stools | Furniture,"Step Stool/Seat, Wood Stool",https://hibid.com/lot/323219035
1367,323219036,186320,15.0,0,16,7,OPEN,31522.463,Furniture - Deck / Patio | Furniture,Decorative Metal Patio Chair,https://hibid.com/lot/323219036
1368,323219037,186321,12.0,0,6,4,OPEN,31532.46,Lawn & Garden - Outdoors | Lawn & Garden,"Garden Red, White, Blue Windmill",https://hibid.com/lot/323219037
1369,323219038,186322,11.0,0,5,6,OPEN,31542.457,Antiques & Collectibles - Collectibles - Figurines | Antiques & Collectibles - Collectibles | Antiques & Collectibles,Ceramic Deer,https://hibid.com/lot/323219038
1370,323219039,186323,10.0,0,5,5,OPEN,31552.457,Lawn & Garden - Outdoors | Lawn & Garden,"Garden Windmill, Sm bean pot and Eagle Bell",https://hibid.com/lot/323219039
1371,323219040,186330,3.0,0,2,6,OPEN,31562.452999999998,Lawn & Garden - Outdoors | Lawn & Garden,Metal Horse Weather Vane,https://hibid.com/lot/323219040
1372,323219041,186332,2.0,0,1,5,OPEN,31572.449999999997,Lawn & Garden - Outdoors | Lawn & Garden,Scrap Pile,https://hibid.com/lot/323219041
1373,323219042,186333,0.0,0,0,11,OPEN,31582.447,Lawn & Garden - Outdoors | Lawn & Garden,Metal Outdoor Tractor Decor,https://hibid.com/lot/323219042
2000,323219043,186334,0.0,0,0,1,OPEN,31592.443,Antiques & Collectibles - Collectibles - Advertising | Antiques & Collectibles - Collectibles | Antiques & Collectibles,All-In,https://hibid.com/lot/323219043
