lot,hibid_lot_id,item_id,current_bid,price_realized,bid_count,photo_count,status,time_left_seconds,category,title,lot_url
1,323836202,177291,0.0,0,0,1,OPEN,176320.343,Antiques & Collectibles - Collectibles - Advertising | Antiques & Collectibles - Collectibles | Antiques & Collectibles,Important Auction Information,https://hibid.com/lot/323836202
2,323836203,178580,550.0,0,13,36,OPEN,176330.337,Cars & Vehicles - Light Duty Trucks - Vans - Passenger | Cars & Vehicles - Light Duty Trucks - Vans | Cars & Vehicles - Light Duty Trucks | Cars & Vehicles,2013 Ford Econoline Van w/ Rack,https://hibid.com/lot/323836203
3,324386545,187329,500.0,0,19,29,OPEN,176340.33299999998,Cars & Vehicles - Light Duty Trucks - Box Trucks - Dry Cargo-Delivery | Cars & Vehicles - Light Duty Trucks - Box Trucks | Cars & Vehicles - Light Duty Trucks | Cars & Vehicles,2006 GMC 2500 Savana w/ Rack,https://hibid.com/lot/324386545
4,323836205,178584,225.0,0,4,7,OPEN,176350.327,Construction & Farm - Air Compressors | Construction & Farm,Magna Force 6-1/2 HP Air Compressor,https://hibid.com/lot/323836205
5,323836206,178583,110.0,0,25,3,OPEN,176360.327,Lawn & Garden - Tools/Hand held items - Hand Tools | Lawn & Garden - Tools/Hand held items | Lawn & Garden,10ft Aluminum Breaker,https://hibid.com/lot/323836206
6,323836207,178582,110.0,0,16,13,OPEN,176370.323,Construction & Farm - Power Systems - Generators - Portable | Construction & Farm - Power Systems - Generators | Construction & Farm - Power Systems | Construction & Farm,Rigid 8000 Zero Gravity Generator,https://hibid.com/lot/323836207
7,323836208,178585,11.0,0,6,10,OPEN,176380.31999999998,Construction & Farm - Shop / Warehouse - Saws / Drills | Construction & Farm - Shop / Warehouse | Construction & Farm,"Hitachi 15"" Miter Saw w/ Stand",https://hibid.com/lot/323836208
8,323836209,178586,100.0,0,12,16,OPEN,176390.31699999998,Construction & Farm - Shop / Warehouse - Saws / Drills | Construction & Farm - Shop / Warehouse | Construction & Farm,Rigid TS3660 Table Saw,https://hibid.com/lot/323836209
9,323836210,178587,51.0,0,10,12,OPEN,176400.313,Construction & Farm - Shop / Warehouse - Saws / Drills | Construction & Farm - Shop / Warehouse | Construction & Farm,Sears Craftsman Drill Press,https://hibid.com/lot/323836210
10,323836211,178588,2.0,0,1,11,OPEN,176410.31,Construction & Farm - Shop / Warehouse - Industrial Machines | Construction & Farm - Shop / Warehouse | Construction & Farm,Portacool Jet Stream,https://hibid.com/lot/323836211
11,323836212,178589,57.0,0,23,10,OPEN,176420.307,Home Goods & Decor - Home Goods - Small Appliances | Home Goods & Decor - Home Goods | Home Goods & Decor,"40"" 2 Speed Flow Pro Industrial Fan",https://hibid.com/lot/323836212
12,323836213,178590,17.0,0,12,9,OPEN,176430.30299999999,Home Goods & Decor - Home Goods - Small Appliances | Home Goods & Decor - Home Goods | Home Goods & Decor,Hampton Bay Industrial Fan,https://hibid.com/lot/323836213
13,323836214,178591,0.0,0,0,10,OPEN,176440.3,Business & Industrial - Business / Retail - Janitorial - Cleaning Equipment | Business & Industrial - Business / Retail - Janitorial | Business & Industrial - Business / Retail | Business & Industrial,Pillow-Vac System,https://hibid.com/lot/323836214
14,323836215,178592,22.0,0,6,9,OPEN,176450.297,Home Goods & Decor - Home Goods - Appliances - Heating / Air Conditioning | Home Goods & Decor - Home Goods - Appliances | Home Goods & Decor - Home Goods | Home Goods & Decor,Propane Mr. Heater,https://hibid.com/lot/323836215
15,323836216,178593,16.0,0,3,5,OPEN,176460.293,Lawn & Garden - Tools/Hand held items - Hand Tools | Lawn & Garden - Tools/Hand held items | Lawn & Garden,BOSCH Self Lining Cross Line Leveler,https://hibid.com/lot/323836216
16,323836217,178594,2.0,0,1,7,OPEN,176470.28999999998,Lawn & Garden - Tools/Hand held items - Power Tools | Lawn & Garden - Tools/Hand held items | Lawn & Garden,"Craftsman 9"" Sander/ Grinder",https://hibid.com/lot/323836217
17,323836218,178595,0.0,0,0,10,OPEN,176480.283,Lawn & Garden - Tools/Hand held items - Power Tools | Lawn & Garden - Tools/Hand held items | Lawn & Garden,"Master Mechanic Grip Sander, B&D Jig Saw",https://hibid.com/lot/323836218
18,323836219,178596,0.0,0,0,6,OPEN,176490.283,Lawn & Garden - Tools/Hand held items - Power Tools | Lawn & Garden - Tools/Hand held items | Lawn & Garden,"Craftsman 1/2"" Corded Drill",https://hibid.com/lot/323836219
19,323836220,178597,8.0,0,5,7,OPEN,176500.28,Construction & Farm - Shop / Warehouse - Saws / Drills | Construction & Farm - Shop / Warehouse | Construction & Farm,Bosch Jig Saw,https://hibid.com/lot/323836220
20,323836221,178598,0.0,0,0,6,OPEN,176510.277,Lawn & Garden - Tools/Hand held items - Power Tools | Lawn & Garden - Tools/Hand held items | Lawn & Garden,"Black & Decker 1/2"" Corded Drill",https://hibid.com/lot/323836221
21,323836222,178599,4.0,0,3,11,OPEN,176520.273,Lawn & Garden - Tools/Hand held items - Power Tools | Lawn & Garden - Tools/Hand held items | Lawn & Garden,Ridgid Belt Sander w/ Sanding Belt,https://hibid.com/lot/323836222
22,323836223,178600,11.0,0,6,7,OPEN,176530.27,Lawn & Garden - Tools/Hand held items - Power Tools | Lawn & Garden - Tools/Hand held items | Lawn & Garden,"Craftsman 4 1/8"" Jointer/ Planer",https://hibid.com/lot/323836223
23,323836224,178601,2.0,0,1,9,OPEN,176540.267,Construction & Farm - Shop / Warehouse - Saws / Drills | Construction & Farm - Shop / Warehouse | Construction & Farm,Dyna Drill 620 in Case,https://hibid.com/lot/323836224
24,323836225,178602,2.0,0,1,12,OPEN,176550.263,Toys - Trains / Railroad | Toys,Ramsey 4160 Mark 2 Loadmaster,https://hibid.com/lot/323836225
25,323836226,178603,0.0,0,0,14,OPEN,176560.25999999998,Lawn & Garden - Tools/Hand held items - Power Tools | Lawn & Garden - Tools/Hand held items | Lawn & Garden,"Milwaukee Metal Case, Rotary Tool (2)",https://hibid.com/lot/323836226
26,323836227,178604,2.0,0,1,11,OPEN,176570.25699999998,Lawn & Garden - Tools/Hand held items - Power Tools | Lawn & Garden - Tools/Hand held items | Lawn & Garden,Pneumatic Air Staple Gun in Plastic Case,https://hibid.com/lot/323836227
27,323836228,178605,3.0,0,2,8,OPEN,176580.25,Lawn & Garden - Tools/Hand held items - Power Tools | Lawn & Garden - Tools/Hand held items | Lawn & Garden,Dremel Corded in Plastic Case,https://hibid.com/lot/323836228
28,323836229,178606,11.0,0,7,8,OPEN,176590.247,Construction & Farm - Air Compressors | Construction & Farm,Portable Air Compressor 2.5 Gal,https://hibid.com/lot/323836229
29,323836230,178607,2.0,0,2,7,OPEN,176600.243,Construction & Farm - Shop / Warehouse - Saws / Drills | Construction & Farm - Shop / Warehouse | Construction & Farm,Sommer & Mac Wet Tile Saw,https://hibid.com/lot/323836230
30,323836231,178608,5.0,0,4,8,OPEN,176610.24,Lawn & Garden - Tools/Hand held items - Power Tools | Lawn & Garden - Tools/Hand held items | Lawn & Garden,"Dayton 6"" Bench Grinder",https://hibid.com/lot/323836231
31,323836232,178609,7.0,0,3,7,OPEN,176620.22999999998,Construction & Farm - Shop / Warehouse - Saws / Drills | Construction & Farm - Shop / Warehouse | Construction & Farm,Ryobi Chop/ Miter Saw,https://hibid.com/lot/323836232
32,323836233,178610,2.0,0,1,10,OPEN,176630.223,Construction & Farm - Shop / Warehouse - Saws / Drills | Construction & Farm - Shop / Warehouse | Construction & Farm,Kett Saw in Metal Box,https://hibid.com/lot/323836233
33,323836234,178611,22.0,0,12,9,OPEN,176640.223,Sporting Goods - Firearms / Weapons - Pistols | Sporting Goods - Firearms / Weapons | Sporting Goods,Woods Power Grip in Case,https://hibid.com/lot/323836234
34,323836235,178612,2.0,0,1,9,OPEN,176650.22,Lawn & Garden - Tools/Hand held items - Hand Tools | Lawn & Garden - Tools/Hand held items | Lawn & Garden,Tool Shop Multi-Tool w/ Extra Blades,https://hibid.com/lot/323836235
35,323836236,178613,3.0,0,2,9,OPEN,176660.213,Construction & Farm - Shop / Warehouse - Saws / Drills | Construction & Farm - Shop / Warehouse | Construction & Farm,DualSaw Everyday CS 450 in Plastic Case,https://hibid.com/lot/323836236
36,323836237,178614,22.0,0,5,8,OPEN,176670.21,Sporting Goods - Firearms / Weapons - Pistols | Sporting Goods - Firearms / Weapons | Sporting Goods,Woods Power Grip in Plastic Case,https://hibid.com/lot/323836237
37,323836238,178615,2.0,0,1,8,OPEN,176680.207,Construction & Farm - Building Supplies - Doors | Construction & Farm - Building Supplies | Construction & Farm,Wood Door Lockset Prep Kit,https://hibid.com/lot/323836238
38,323836239,178616,2.0,0,1,5,OPEN,176690.20299999998,Lawn & Garden - Tools/Hand held items - Hand Tools | Lawn & Garden - Tools/Hand held items | Lawn & Garden,Pipe Clamp,https://hibid.com/lot/323836239
39,323836240,178617,3.0,0,2,4,OPEN,176700.19999999998,Construction & Farm - Shop / Warehouse - Pipe Bending / Threading | Construction & Farm - Shop / Warehouse | Construction & Farm,Pipe Clamps (2),https://hibid.com/lot/323836240
40,323836241,178618,7.0,0,2,5,OPEN,176710.19999999998,Construction & Farm - Shop / Warehouse - Pipe Bending / Threading | Construction & Farm - Shop / Warehouse | Construction & Farm,Pipe Clamps (3),https://hibid.com/lot/323836241
41,323836242,178619,2.0,0,1,3,OPEN,176720.197,Construction & Farm - Shop / Warehouse - Pipe Bending / Threading | Construction & Farm - Shop / Warehouse | Construction & Farm,Pipe Clamps(2),https://hibid.com/lot/323836242
42,323836243,178620,4.0,0,2,6,OPEN,176730.193,Lawn & Garden - Tools/Hand held items - Hand Tools | Lawn & Garden - Tools/Hand held items | Lawn & Garden,Johnson 6ft Red Level,https://hibid.com/lot/323836243
43,323836244,178621,2.0,0,1,8,OPEN,176740.19,Lawn & Garden - Tools/Hand held items - Hand Tools | Lawn & Garden - Tools/Hand held items | Lawn & Garden,Master Level and Empire Level,https://hibid.com/lot/323836244
44,323836245,178622,4.0,0,3,3,OPEN,176750.187,Lawn & Garden - Tools/Hand held items - Hand Tools | Lawn & Garden - Tools/Hand held items | Lawn & Garden,2’ Phenolic Square,https://hibid.com/lot/323836245
45,323836246,178623,3.0,0,2,3,OPEN,176760.183,Lawn & Garden - Tools/Hand held items - Hand Tools | Lawn & Garden - Tools/Hand held items | Lawn & Garden,3’ Phenolic Square,https://hibid.com/lot/323836246
46,323836247,178624,3.0,0,2,4,OPEN,176770.18,Lawn & Garden - Tools/Hand held items - Hand Tools | Lawn & Garden - Tools/Hand held items | Lawn & Garden,Phenolic Square,https://hibid.com/lot/323836247
47,323836248,178625,17.0,0,10,7,OPEN,176780.177,Lawn & Garden - Tools/Hand held items - Toolboxes | Lawn & Garden - Tools/Hand held items | Lawn & Garden,Craftsman Metal Tool Box,https://hibid.com/lot/323836248
48,323836249,178626,0.0,0,0,6,OPEN,176790.16999999998,Construction & Farm - Shop / Warehouse - Automotive | Construction & Farm - Shop / Warehouse | Construction & Farm,Mechanic Creeper,https://hibid.com/lot/323836249
49,323836250,178627,10.0,0,9,6,OPEN,176800.167,Lawn & Garden - Tools/Hand held items - Hand Tools | Lawn & Garden - Tools/Hand held items | Lawn & Garden,"4"" Vise & Stand",https://hibid.com/lot/323836250
50,323836251,178628,2.0,0,1,7,OPEN,176810.163,Lawn & Garden - Tools/Hand held items - Hand Tools | Lawn & Garden - Tools/Hand held items | Lawn & Garden,"4"" Vise",https://hibid.com/lot/323836251
51,323836252,178629,0.0,0,0,6,OPEN,176820.16,Lawn & Garden - Tools/Hand held items - Hand Tools | Lawn & Garden - Tools/Hand held items | Lawn & Garden,Spanner Bits 1/4 + 5/16 Drive,https://hibid.com/lot/323836252
52,323836253,178630,2.0,0,2,6,OPEN,176830.157,Lawn & Garden - Outdoors | Lawn & Garden,Vinyl Window Jamb Spreader’s (2),https://hibid.com/lot/323836253
53,323836254,178631,4.0,0,3,3,OPEN,176840.15,Lawn & Garden - Tools/Hand held items - Hand Tools | Lawn & Garden - Tools/Hand held items | Lawn & Garden,Fletcher Plex Cutters W/Blades,https://hibid.com/lot/323836254
54,323836255,178632,2.0,0,1,4,OPEN,176850.15,Lawn & Garden - Tools/Hand held items - Hand Tools | Lawn & Garden - Tools/Hand held items | Lawn & Garden,Fletchers Plex Cutters W/Blades,https://hibid.com/lot/323836255
55,323836256,178633,12.0,0,8,5,OPEN,176860.147,Lawn & Garden - Tools/Hand held items - Hand Tools | Lawn & Garden - Tools/Hand held items | Lawn & Garden,"Calipers, Retractable Blade Knife",https://hibid.com/lot/323836256
56,323836257,178634,3.0,0,2,4,OPEN,176870.14299999998,Lawn & Garden - Tools/Hand held items - Hand Tools | Lawn & Garden - Tools/Hand held items | Lawn & Garden,"StudSensor, Retractable Blade Knife",https://hibid.com/lot/323836257
57,323836258,178635,3.0,0,2,4,OPEN,176880.13999999998,Lawn & Garden - Tools/Hand held items - Hand Tools | Lawn & Garden - Tools/Hand held items | Lawn & Garden,"Arrow Stapler, Stapler, Staples",https://hibid.com/lot/323836258
58,323836259,178636,3.0,0,2,3,OPEN,176890.137,Lawn & Garden - Tools/Hand held items - Power Tools | Lawn & Garden - Tools/Hand held items | Lawn & Garden,"Electric Stapler, Staples",https://hibid.com/lot/323836259
59,323836260,178637,2.0,0,1,8,OPEN,176900.133,Lawn & Garden - Tools/Hand held items - Toolboxes | Lawn & Garden - Tools/Hand held items | Lawn & Garden,"Glass Hole Drills, Plastic Tool Box",https://hibid.com/lot/323836260
60,323836261,178638,13.0,0,7,3,OPEN,176910.12699999998,Sporting Goods - Firearms / Weapons - Pistols | Sporting Goods - Firearms / Weapons | Sporting Goods,Point Gun,https://hibid.com/lot/323836261
61,323836262,178639,6.0,0,5,3,OPEN,176920.12699999998,Sporting Goods - Firearms / Weapons - Pistols | Sporting Goods - Firearms / Weapons | Sporting Goods,Point Gun,https://hibid.com/lot/323836262
62,323836263,178640,12.0,0,10,3,OPEN,176930.123,Sporting Goods - Firearms / Weapons - Pistols | Sporting Goods - Firearms / Weapons | Sporting Goods,Point Gun,https://hibid.com/lot/323836263
63,323836264,178641,3.0,0,2,3,OPEN,176940.12,Lawn & Garden - Tools/Hand held items - Hand Tools | Lawn & Garden - Tools/Hand held items | Lawn & Garden,Stanley Bailey Bench Plane,https://hibid.com/lot/323836264
64,323836265,178642,21.0,0,10,3,OPEN,176950.117,Business & Industrial - Business / Retail - Janitorial - Cleaning Equipment | Business & Industrial - Business / Retail - Janitorial | Business & Industrial - Business / Retail | Business & Industrial,8In Vacuum Cups 125Lb Capacity,https://hibid.com/lot/323836265
65,323836266,178643,12.0,0,7,2,OPEN,176960.11299999998,Business & Industrial - Business / Retail - Janitorial - Cleaning Equipment | Business & Industrial - Business / Retail - Janitorial | Business & Industrial - Business / Retail | Business & Industrial,8In Vacuum Cups 125lb Capacity,https://hibid.com/lot/323836266
66,323836267,178644,0.0,0,0,4,OPEN,176970.11,Construction & Farm - Shop / Warehouse - Ladders / Scaffolding | Construction & Farm - Shop / Warehouse | Construction & Farm,Ladder Stablizer,https://hibid.com/lot/323836267
67,323836268,178645,0.0,0,0,3,OPEN,176980.107,Construction & Farm - Shop / Warehouse - Ladders / Scaffolding | Construction & Farm - Shop / Warehouse | Construction & Farm,Ladder Jacks,https://hibid.com/lot/323836268
68,323836269,178646,0.0,0,0,4,OPEN,176990.103,Lawn & Garden - Tools/Hand held items - Hand Tools | Lawn & Garden - Tools/Hand held items | Lawn & Garden,Clamps (2),https://hibid.com/lot/323836269
69,323836270,178647,12.0,0,7,4,OPEN,177000.1,Lawn & Garden - Tools/Hand held items - Hand Tools | Lawn & Garden - Tools/Hand held items | Lawn & Garden,Folding Army Shovel 1945,https://hibid.com/lot/323836270
70,323836271,178648,3.0,0,2,3,OPEN,177010.09699999998,Construction & Farm - Shop / Warehouse - Painting | Construction & Farm - Shop / Warehouse | Construction & Farm,Wagner Power Painter In The Box,https://hibid.com/lot/323836271
71,323836272,178649,3.0,0,2,6,OPEN,177020.09699999998,Construction & Farm - Shop / Warehouse - Automotive | Construction & Farm - Shop / Warehouse | Construction & Farm,Battery Charger 6/12 AMP,https://hibid.com/lot/323836272
72,323836273,178650,6.0,0,4,3,OPEN,177030.093,Construction & Farm - Shop / Warehouse - Electrical | Construction & Farm - Shop / Warehouse | Construction & Farm,Extension Cord Reel W/Cord,https://hibid.com/lot/323836273
73,323836274,178651,3.0,0,2,6,OPEN,177040.09,Home Goods & Decor - Home Goods - Kitchen / Housewares | Home Goods & Decor - Home Goods | Home Goods & Decor,Keter Plastic Organization Box,https://hibid.com/lot/323836274
74,323836275,178652,3.0,0,2,6,OPEN,177050.087,Construction & Farm - Shop / Warehouse - Electrical | Construction & Farm - Shop / Warehouse | Construction & Farm,"Yellow Extension Cord, Tan Extension Cord H.D.",https://hibid.com/lot/323836275
75,323836276,178653,2.0,0,1,4,OPEN,177060.08299999998,Lawn & Garden - Tools/Hand held items - Hand Tools | Lawn & Garden - Tools/Hand held items | Lawn & Garden,"Steel Mallet,Sockets, Screwdrivers, Prying Tool",https://hibid.com/lot/323836276
76,323836277,178654,2.0,0,1,4,OPEN,177070.077,Lawn & Garden - Tools/Hand held items - Toolboxes | Lawn & Garden - Tools/Hand held items | Lawn & Garden,Red Plastic Tool Box,https://hibid.com/lot/323836277
77,323836278,178655,2.0,0,1,5,OPEN,177080.077,Lawn & Garden - Tools/Hand held items - Toolboxes | Lawn & Garden - Tools/Hand held items | Lawn & Garden,"Plastic Crate W/Lid, Plastic Tool Box",https://hibid.com/lot/323836278
78,323836279,178656,0.0,0,0,3,OPEN,177090.073,Lawn & Garden - Tools/Hand held items - Hand Tools | Lawn & Garden - Tools/Hand held items | Lawn & Garden,"Bottle Jack, Lug Wrenches(2)",https://hibid.com/lot/323836279
79,323836280,178657,0.0,0,0,5,OPEN,177100.06999999998,Construction & Farm - Shop / Warehouse - Parts / Accessories | Construction & Farm - Shop / Warehouse | Construction & Farm,Cast Iron Line Shaft Tensioner,https://hibid.com/lot/323836280
80,323836281,178658,0.0,0,0,4,OPEN,177110.06999999998,Construction & Farm - Shop / Warehouse - Automotive | Construction & Farm - Shop / Warehouse | Construction & Farm,Manual Tire Bead Breaker,https://hibid.com/lot/323836281
81,323836282,178659,7.0,0,6,5,OPEN,177120.06699999998,Construction & Farm - Shop / Warehouse - Saws / Drills | Construction & Farm - Shop / Warehouse | Construction & Farm,Saw Blade Assortment,https://hibid.com/lot/323836282
82,323836283,178660,2.0,0,1,6,OPEN,177130.063,Construction & Farm - Shop / Warehouse - Parts / Accessories | Construction & Farm - Shop / Warehouse | Construction & Farm,"Cutting Wheels, Grinding Discs",https://hibid.com/lot/323836283
83,323836284,178661,3.0,0,2,5,OPEN,177140.06,Construction & Farm - Building Supplies - Other Building Materials | Construction & Farm - Building Supplies | Construction & Farm,DAP Dynaflex Elastomeric Sealant Dark Bronze (6),https://hibid.com/lot/323836284
84,323836285,178662,3.0,0,2,5,OPEN,177150.057,Home Goods & Decor - Home Goods - Kitchen / Housewares | Home Goods & Decor - Home Goods | Home Goods & Decor,Vulkem 116 Polyurethane Sealant 20 Tubes,https://hibid.com/lot/323836285
85,323836286,178663,0.0,0,0,5,OPEN,177160.05299999999,Construction & Farm - Shop / Warehouse - Parts / Accessories | Construction & Farm - Shop / Warehouse | Construction & Farm,HD Black Rubber Hose Assembly W/Brass Fittings,https://hibid.com/lot/323836286
86,323836287,178664,2.0,0,1,6,OPEN,177170.05,Construction & Farm - Shop / Warehouse - Parts / Accessories | Construction & Farm - Shop / Warehouse | Construction & Farm,Casters Various Sizes & Styles,https://hibid.com/lot/323836287
87,323836288,178665,0.0,0,0,3,OPEN,177180.047,Business & Industrial - Business / Retail - Racks / Shelving | Business & Industrial - Business / Retail | Business & Industrial,Steel Shelf Brackets/ Mounting Hardware,https://hibid.com/lot/323836288
88,323836289,178666,0.0,0,0,4,OPEN,177190.043,Business & Industrial - Business / Retail - Racks / Shelving | Business & Industrial - Business / Retail | Business & Industrial,Steel Shelf Brackets/ Mounting Hardware,https://hibid.com/lot/323836289
89,323836290,178667,0.0,0,0,3,OPEN,177200.03999999998,Construction & Farm - Shop / Warehouse - Automotive | Construction & Farm - Shop / Warehouse | Construction & Farm,Anti-Vibration Shock Mount Plates,https://hibid.com/lot/323836290
90,323836291,178668,10.0,0,7,5,OPEN,177210.03699999998,Lawn & Garden - Tools/Hand held items - Hand Tools | Lawn & Garden - Tools/Hand held items | Lawn & Garden,Caulk Gun For Sausage Tubes & Nozzles,https://hibid.com/lot/323836291
91,323836292,178669,4.0,0,3,5,OPEN,177220.033,Construction & Farm - Shop / Warehouse - Parts / Accessories | Construction & Farm - Shop / Warehouse | Construction & Farm,Trailer Hooks,https://hibid.com/lot/323836292
92,323836293,178670,12.0,0,5,3,OPEN,177230.03,Sporting Goods - Fishing | Sporting Goods,Fishing Rod Holders (2),https://hibid.com/lot/323836293
93,323836294,178671,0.0,0,0,8,OPEN,177240.027,Construction & Farm - Shop / Warehouse - Parts / Accessories | Construction & Farm - Shop / Warehouse | Construction & Farm,"Hex Washers, Hex Nuts, Screw Assortment",https://hibid.com/lot/323836294
94,323836295,178672,0.0,0,0,7,OPEN,177250.027,Construction & Farm - Shop / Warehouse - Parts / Accessories | Construction & Farm - Shop / Warehouse | Construction & Farm,"Steel Fasteners, Self Drilling Screws Size",https://hibid.com/lot/323836295
95,323836296,178673,0.0,0,0,7,OPEN,177260.023,Construction & Farm - Shop / Warehouse - Parts / Accessories | Construction & Farm - Shop / Warehouse | Construction & Farm,Metal Fasteners And Screws,https://hibid.com/lot/323836296
96,323836297,178674,0.0,0,0,14,OPEN,177270.02,Construction & Farm - Shop / Warehouse - Parts / Accessories | Construction & Farm - Shop / Warehouse | Construction & Farm,Zinc Plated Steel Screws Size Assortment,https://hibid.com/lot/323836297
97,323836298,178675,2.0,0,1,9,OPEN,177280.017,Construction & Farm - Shop / Warehouse - Parts / Accessories | Construction & Farm - Shop / Warehouse | Construction & Farm,"Threaded Rods, Screws, Metal Connectors, Screw",https://hibid.com/lot/323836298
98,323836299,178676,2.0,0,1,14,OPEN,177290.00999999998,Construction & Farm - Shop / Warehouse - Parts / Accessories | Construction & Farm - Shop / Warehouse | Construction & Farm,Machine Screws & Fasteners Assorted Sizes,https://hibid.com/lot/323836299
99,323836300,178677,0.0,0,0,10,OPEN,177300.00999999998,Construction & Farm - Shop / Warehouse - Parts / Accessories | Construction & Farm - Shop / Warehouse | Construction & Farm,"Fasteners,Metal Sleeves, Brass Tone Screws, Deck",https://hibid.com/lot/323836300
100,323836301,178678,2.0,0,1,6,OPEN,177310.00699999998,Construction & Farm - Shop / Warehouse - Parts / Accessories | Construction & Farm - Shop / Warehouse | Construction & Farm,"Concrete Anchors,Blue Coated Concrete Screws",https://hibid.com/lot/323836301
101,323836303,178679,0.0,0,0,3,OPEN,177318.753,Construction & Farm - Shop / Warehouse - Parts / Accessories | Construction & Farm - Shop / Warehouse | Construction & Farm,Black Oxide And Steel Fasteners,https://hibid.com/lot/323836303
102,323836305,178680,3.0,0,2,2,OPEN,177328.75,Construction & Farm - Shop / Warehouse - Parts / Accessories | Construction & Farm - Shop / Warehouse | Construction & Farm,"Flat Head Phillips Wood Screws 2 1/2, Wood Shims",https://hibid.com/lot/323836305
103,323836307,178681,4.0,0,3,3,OPEN,177338.747,Construction & Farm - Shop / Warehouse - Parts / Accessories | Construction & Farm - Shop / Warehouse | Construction & Farm,"Double Cup Lifter, Storm Door Closures Almond(2)",https://hibid.com/lot/323836307
104,323836309,178682,2.0,0,1,8,OPEN,177348.743,Construction & Farm - Shop / Warehouse - Parts / Accessories | Construction & Farm - Shop / Warehouse | Construction & Farm,"5lbs 3in Roofing Nails, Paslode Fuel Cells,",https://hibid.com/lot/323836309
105,323836311,178683,7.0,0,6,3,OPEN,177358.74,Construction & Farm - Building Supplies - Building Hardware | Construction & Farm - Building Supplies | Construction & Farm,Electronic Push Button Lever Lock,https://hibid.com/lot/323836311
106,323836312,178684,4.0,0,3,3,OPEN,177368.737,Construction & Farm - Building Supplies - Building Hardware | Construction & Farm - Building Supplies | Construction & Farm,Electronic Push Button Lever Lock,https://hibid.com/lot/323836312
107,323836314,178685,3.0,0,2,3,OPEN,177378.73299999998,Construction & Farm - Building Supplies - Doors | Construction & Farm - Building Supplies | Construction & Farm,Dead Bolt Latch For Narrow Style Commercial,https://hibid.com/lot/323836314
108,323836316,178686,4.0,0,3,3,OPEN,177388.72999999998,Construction & Farm - Building Supplies - Building Hardware | Construction & Farm - Building Supplies | Construction & Farm,Mechanical Push Button Door Lock,https://hibid.com/lot/323836316
109,323836317,178687,3.0,0,2,3,OPEN,177398.72999999998,Construction & Farm - Building Supplies - Building Hardware | Construction & Farm - Building Supplies | Construction & Farm,Mechanical Push Button Door Lock,https://hibid.com/lot/323836317
110,323836318,178688,4.0,0,3,4,OPEN,177408.72699999998,Construction & Farm - Building Supplies - Building Hardware | Construction & Farm - Building Supplies | Construction & Farm,Mechanical Push Button Door Lock,https://hibid.com/lot/323836318
111,323836320,178689,2.0,0,1,3,OPEN,177418.72,Antiques & Collectibles - Antiques - Antique Tools | Antiques & Collectibles - Antiques | Antiques & Collectibles,Key In Knob Lock Sets (2) Antique Brass,https://hibid.com/lot/323836320
112,323836321,178690,2.0,0,1,5,OPEN,177428.72,Business & Industrial - Medical Supplies / Lab Equipment | Business & Industrial,Vestibule Handicap Push Buttons (2),https://hibid.com/lot/323836321
113,323836323,178691,0.0,0,0,3,OPEN,177438.713,Business & Industrial - Medical Supplies / Lab Equipment | Business & Industrial,Handicap Push Button,https://hibid.com/lot/323836323
114,323836324,178692,26.0,0,12,4,OPEN,177448.71,Construction & Farm - Building Supplies - Building Hardware | Construction & Farm - Building Supplies | Construction & Farm,Electronic Push Button Lever Lockset,https://hibid.com/lot/323836324
115,323836326,178693,3.0,0,2,3,OPEN,177458.71,Construction & Farm - Building Supplies - Building Hardware | Construction & Farm - Building Supplies | Construction & Farm,Cylindrical Lever Lockset Grade 2,https://hibid.com/lot/323836326
116,323836328,178694,3.0,0,2,3,OPEN,177468.707,Construction & Farm - Building Supplies - Building Hardware | Construction & Farm - Building Supplies | Construction & Farm,Cylindrical Lockset Dark Bronze,https://hibid.com/lot/323836328
117,323836330,178695,3.0,0,2,3,OPEN,177478.69999999998,Construction & Farm - Building Supplies - Building Hardware | Construction & Farm - Building Supplies | Construction & Farm,HD Cylindrical Lever Lockset,https://hibid.com/lot/323836330
118,323836331,178696,0.0,0,0,6,OPEN,177488.69999999998,Home Goods & Decor - Home Goods - Kitchen / Housewares | Home Goods & Decor - Home Goods | Home Goods & Decor,"Mail Slots (2), Door Viewer",https://hibid.com/lot/323836331
119,323836332,178697,2.0,0,1,3,OPEN,177498.697,Construction & Farm - Building Supplies - Building Hardware | Construction & Farm - Building Supplies | Construction & Farm,Dead Bolt Lock Bright Brass,https://hibid.com/lot/323836332
120,323836333,178698,2.0,0,1,3,OPEN,177508.69,Construction & Farm - Building Supplies - Building Hardware | Construction & Farm - Building Supplies | Construction & Farm,Dead Bolt Lock Bright Brass,https://hibid.com/lot/323836333
121,323836334,178699,0.0,0,0,3,OPEN,177518.687,Construction & Farm - Building Supplies - Building Hardware | Construction & Farm - Building Supplies | Construction & Farm,Dead Bolt Lock Bright Brass,https://hibid.com/lot/323836334
122,323836335,178700,5.0,0,4,9,OPEN,177528.683,Construction & Farm - Shop / Warehouse - Parts / Accessories | Construction & Farm - Shop / Warehouse | Construction & Farm,Pin Kit For Rekeying Locks In A Plastic Case,https://hibid.com/lot/323836335
123,323836336,178701,2.0,0,1,3,OPEN,177538.68,Lawn & Garden - Tools/Hand held items - Hand Tools | Lawn & Garden - Tools/Hand held items | Lawn & Garden,"Prismatic Carbide Glass Drills, Brass Glass",https://hibid.com/lot/323836336
124,323836337,178702,0.0,0,0,4,OPEN,177548.677,Construction & Farm - Building Supplies - Doors | Construction & Farm - Building Supplies | Construction & Farm,Commercial Storm Door Chains,https://hibid.com/lot/323836337
125,323836338,178703,0.0,0,0,5,OPEN,177558.67299999998,Construction & Farm - Building Supplies - Building Hardware | Construction & Farm - Building Supplies | Construction & Farm,Dead Latches Many Styles and Sizes,https://hibid.com/lot/323836338
126,323836339,178704,0.0,0,0,7,OPEN,177568.66999999998,Construction & Farm - Shop / Warehouse - Parts / Accessories | Construction & Farm - Shop / Warehouse | Construction & Farm,4 Way and 3 Way Brackets,https://hibid.com/lot/323836339
127,323836340,178705,2.0,0,1,4,OPEN,177578.667,Construction & Farm - Shop / Warehouse - Parts / Accessories | Construction & Farm - Shop / Warehouse | Construction & Farm,Various Lock Mechanisms,https://hibid.com/lot/323836340
128,323836341,178706,0.0,0,0,5,OPEN,177588.66,Home Goods & Decor - Home Goods - Other Items - Other,"Wedgit Glass Centering Springs, Heavy Glass Top",https://hibid.com/lot/323836341
129,323836342,178707,2.0,0,1,4,OPEN,177598.65699999998,Construction & Farm - Shop / Warehouse - Safety | Construction & Farm - Shop / Warehouse | Construction & Farm,Trine Motion Alert Annunciator(2),https://hibid.com/lot/323836342
130,323836343,178708,2.0,0,1,7,OPEN,177608.653,Construction & Farm - Shop / Warehouse - Electrical | Construction & Farm - Shop / Warehouse | Construction & Farm,"Low Voltage Transformer, Top Pivots",https://hibid.com/lot/323836343
131,323836344,178709,0.0,0,0,4,OPEN,177618.65,Construction & Farm - Shop / Warehouse - Parts / Accessories | Construction & Farm - Shop / Warehouse | Construction & Farm,Ramco Door Pivots,https://hibid.com/lot/323836344
132,323836345,178710,2.0,0,1,10,OPEN,177628.647,Home Goods & Decor - Home Goods - Bed / Bath Items | Home Goods & Decor - Home Goods | Home Goods & Decor,Shower Door Installation Kit,https://hibid.com/lot/323836345
133,323836346,178711,0.0,0,0,8,OPEN,177638.64299999998,Home Goods & Decor - Home Goods - Bed / Bath Items | Home Goods & Decor - Home Goods | Home Goods & Decor,"Cardinal Frameless Shower Door Handle(3), V",https://hibid.com/lot/323836346
135,323836348,178713,0.0,0,0,5,OPEN,177658.63999999998,Construction & Farm - Shop / Warehouse - Parts / Accessories | Construction & Farm - Shop / Warehouse | Construction & Farm,"Stereo Cabinet Hinges, Strike Plates, Magnetic",https://hibid.com/lot/323836348
136,323836349,178714,0.0,0,0,6,OPEN,177668.637,Business & Industrial - Business / Retail - Racks / Shelving | Business & Industrial - Business / Retail | Business & Industrial,"Shelf Support, Vinyl Tips, Clear Plastic Shelf",https://hibid.com/lot/323836349
137,323836350,178715,0.0,0,0,7,OPEN,177678.633,Construction & Farm - Shop / Warehouse - Parts / Accessories | Construction & Farm - Shop / Warehouse | Construction & Farm,Deadlock Lever with Cam Plug(3),https://hibid.com/lot/323836350
138,323836351,178716,2.0,0,1,4,OPEN,177688.63,Home Goods & Decor - Home Goods - Other Items - Other,Hasps,https://hibid.com/lot/323836351
139,323836352,178717,0.0,0,0,4,OPEN,177698.62699999998,Construction & Farm - Building Supplies - Other Building Materials | Construction & Farm - Building Supplies | Construction & Farm,Full Surface Mount Commercial Door Reinforcement,https://hibid.com/lot/323836352
140,323836353,178718,0.0,0,0,5,OPEN,177708.623,Furniture - Deck / Patio | Furniture,Patio Door Handles,https://hibid.com/lot/323836353
141,323836354,178719,0.0,0,0,4,OPEN,177718.62,Construction & Farm - Building Supplies - Building Hardware | Construction & Farm - Building Supplies | Construction & Farm,"Commercial Door Closer Hold Open, Plunger",https://hibid.com/lot/323836354
142,323836355,178720,3.0,0,2,8,OPEN,177728.617,Construction & Farm - Shop / Warehouse - Parts / Accessories | Construction & Farm - Shop / Warehouse | Construction & Farm,Various Commercial Aluminum Door Hinges,https://hibid.com/lot/323836355
143,323836356,178721,2.0,0,1,5,OPEN,177738.61299999998,Home Goods & Decor - Home Goods - Kitchen / Housewares | Home Goods & Decor - Home Goods | Home Goods & Decor,Stainless Steel Push Plates(8),https://hibid.com/lot/323836356
144,323836357,178722,2.0,0,1,5,OPEN,177748.607,Construction & Farm - Shop / Warehouse - Parts / Accessories | Construction & Farm - Shop / Warehouse | Construction & Farm,Various Aluminum and Steel Door Hinges,https://hibid.com/lot/323836357
145,323836358,178723,3.0,0,2,8,OPEN,177758.603,Construction & Farm - Building Supplies - Building Hardware | Construction & Farm - Building Supplies | Construction & Farm,Vista Electromagnetic Lock,https://hibid.com/lot/323836358
146,323836359,178724,0.0,0,0,7,OPEN,177768.6,Construction & Farm - Shop / Warehouse - Parts / Accessories | Construction & Farm - Shop / Warehouse | Construction & Farm,Commercial Door Flush Bolts,https://hibid.com/lot/323836359
147,323836360,178725,0.0,0,0,7,OPEN,177778.6,Construction & Farm - Shop / Warehouse - Parts / Accessories | Construction & Farm - Shop / Warehouse | Construction & Farm,"Various Cylinders(Thumb, Dummy, Mortise, Rim)",https://hibid.com/lot/323836360
148,323836361,178726,2.0,0,1,5,OPEN,177788.593,Construction & Farm - Building Supplies - Windows | Construction & Farm - Building Supplies | Construction & Farm,"Window Operators, Dual Arm Casements",https://hibid.com/lot/323836361
149,323836362,178727,2.0,0,1,6,OPEN,177798.59,Construction & Farm - Building Supplies - Other Building Materials | Construction & Farm - Building Supplies | Construction & Farm,New In Box-Door Rail System(2),https://hibid.com/lot/323836362
150,323836363,178728,3.0,0,2,5,OPEN,177808.587,Home Goods & Decor - Home Goods - Other Items - Other,"Roto Gear Awning Operator, Window Mechanisms",https://hibid.com/lot/323836363
151,323836364,178729,0.0,0,0,6,OPEN,177818.58299999998,Construction & Farm - Building Supplies - Building Hardware | Construction & Farm - Building Supplies | Construction & Farm,Steel Door Pulls,https://hibid.com/lot/323836364
152,323836365,178730,0.0,0,0,4,OPEN,177828.58,Construction & Farm - Building Supplies - Windows | Construction & Farm - Building Supplies | Construction & Farm,Casement Window Folding Handles,https://hibid.com/lot/323836365
153,323836366,178731,0.0,0,0,5,OPEN,177838.58,Home Goods & Decor - Home Goods - Kitchen / Housewares | Home Goods & Decor - Home Goods | Home Goods & Decor,Latch Gaurds(3),https://hibid.com/lot/323836366
154,323836367,178732,0.0,0,0,6,OPEN,177848.573,Construction & Farm - Building Supplies - Doors | Construction & Farm - Building Supplies | Construction & Farm,Wrap Around Door Reinforcement(7),https://hibid.com/lot/323836367
155,323836368,178733,0.0,0,0,4,OPEN,177858.56999999998,Construction & Farm - Shop / Warehouse - Parts / Accessories | Construction & Farm - Shop / Warehouse | Construction & Farm,Polished Glass Mortise Designer Hardware,https://hibid.com/lot/323836368
156,323836369,178734,2.0,0,1,4,OPEN,177868.56699999998,Construction & Farm - Building Supplies - Doors | Construction & Farm - Building Supplies | Construction & Farm,Commercial Door Electric Strikes,https://hibid.com/lot/323836369
157,323836370,178735,0.0,0,0,5,OPEN,177878.563,Furniture - Mirrors | Furniture,Mirror Handles,https://hibid.com/lot/323836370
158,323836371,178736,2.0,0,1,10,OPEN,177888.56,Furniture - Mirrors | Furniture,Mirror Mounting Cups,https://hibid.com/lot/323836371
159,323836372,178737,0.0,0,0,5,OPEN,177898.557,Home Goods & Decor - Home Goods - Kitchen / Housewares | Home Goods & Decor - Home Goods | Home Goods & Decor,Adjustable Concealed Door Stops & Holders,https://hibid.com/lot/323836372
160,323836373,178738,0.0,0,0,5,OPEN,177908.55299999999,Lawn & Garden - Tools/Hand held items - Hand Tools | Lawn & Garden - Tools/Hand held items | Lawn & Garden,"No draft. Speak Thru, 3/8 Grommet Tool Kit,",https://hibid.com/lot/323836373
161,323836374,178739,0.0,0,0,7,OPEN,177918.55,Construction & Farm - Shop / Warehouse - Parts / Accessories | Construction & Farm - Shop / Warehouse | Construction & Farm,"Door Foot Bolt Lock, Surface Mount Commercials",https://hibid.com/lot/323836374
162,323836375,178740,3.0,0,2,5,OPEN,177928.547,Construction & Farm - Building Supplies - Building Hardware | Construction & Farm - Building Supplies | Construction & Farm,Detex Magnetic Commercial Door Lock,https://hibid.com/lot/323836375
163,323836376,178741,0.0,0,0,4,OPEN,177938.543,Construction & Farm - Building Supplies - Building Hardware | Construction & Farm - Building Supplies | Construction & Farm,Dorma Commercial Concealed Door Closure,https://hibid.com/lot/323836376
164,323836377,178742,0.0,0,0,5,OPEN,177948.53999999998,Construction & Farm - Shop / Warehouse - Parts / Accessories | Construction & Farm - Shop / Warehouse | Construction & Farm,LCN 4111 Commercial Door Closer,https://hibid.com/lot/323836377
165,323836378,178743,3.0,0,2,6,OPEN,177958.53699999998,Construction & Farm - Shop / Warehouse - Parts / Accessories | Construction & Farm - Shop / Warehouse | Construction & Farm,Falcon SC71 Commercial Door Closer Dark Bronze,https://hibid.com/lot/323836378
166,323836379,178744,3.0,0,2,4,OPEN,177968.533,Construction & Farm - Building Supplies - Doors | Construction & Farm - Building Supplies | Construction & Farm,Yale Door Closer,https://hibid.com/lot/323836379
167,323836380,178745,0.0,0,0,7,OPEN,177978.53,Construction & Farm - Building Supplies - Building Hardware | Construction & Farm - Building Supplies | Construction & Farm,"Lock Sets, Faceplates, Commercial Aluminum Door",https://hibid.com/lot/323836380
168,323836381,178746,0.0,0,0,4,OPEN,177988.527,Construction & Farm - Shop / Warehouse - Parts / Accessories | Construction & Farm - Shop / Warehouse | Construction & Farm,Commercial Door Closure Arms,https://hibid.com/lot/323836381
169,323836382,178747,0.0,0,0,3,OPEN,177998.523,Sporting Goods - Sporting Goods / Outdoor Recreation - Outdoor Games & Sports Equipment | Sporting Goods - Sporting Goods / Outdoor Recreation | Sporting Goods,Swimming Pool Joint Sealant,https://hibid.com/lot/323836382
170,323836383,178748,0.0,0,0,3,OPEN,178008.52,Sporting Goods - Sporting Goods / Outdoor Recreation - Outdoor Games & Sports Equipment | Sporting Goods - Sporting Goods / Outdoor Recreation | Sporting Goods,Swimming Pool Joint Sealant,https://hibid.com/lot/323836383
171,323836384,178749,2.0,0,1,3,OPEN,178018.517,Construction & Farm - Building Supplies - Other Building Materials | Construction & Farm - Building Supplies | Construction & Farm,Grout Sealer 1 Gallon,https://hibid.com/lot/323836384
172,323836385,178750,2.0,0,1,4,OPEN,178028.513,Construction & Farm - Shop / Warehouse - Parts / Accessories | Construction & Farm - Shop / Warehouse | Construction & Farm,"Tool Bucket W/Seat, Nails, Plastic Organizer",https://hibid.com/lot/323836385
173,323836386,178751,11.0,0,5,3,OPEN,178038.50999999998,Construction & Farm - Shop / Warehouse - Painting | Construction & Farm - Shop / Warehouse | Construction & Farm,Moorwood Deck Stain-Sequoia Redwood 4 Gallons,https://hibid.com/lot/323836386
174,323836387,178752,15.0,0,10,4,OPEN,178048.50699999998,Construction & Farm - Shop / Warehouse - Painting | Construction & Farm - Shop / Warehouse | Construction & Farm,Moorwood Deck Stain -Sequoia Redwood 4 Gallons,https://hibid.com/lot/323836387
175,323836388,178753,15.0,0,10,3,OPEN,178058.503,Construction & Farm - Shop / Warehouse - Painting | Construction & Farm - Shop / Warehouse | Construction & Farm,Moorwood Deck Stain-Sequoia Redwood 4 Gallons,https://hibid.com/lot/323836388
176,323836389,178754,5.0,0,4,3,OPEN,178068.5,Construction & Farm - Shop / Warehouse - Painting | Construction & Farm - Shop / Warehouse | Construction & Farm,Paint/ Drywall Mud Mixers (2),https://hibid.com/lot/323836389
177,323836390,178755,9.0,0,8,3,OPEN,178078.5,Construction & Farm - Shop / Warehouse - Painting | Construction & Farm - Shop / Warehouse | Construction & Farm,"Flex Seal Cans (4) Gray, White & Clear",https://hibid.com/lot/323836390
178,323836391,178756,3.0,0,2,3,OPEN,178088.497,Construction & Farm - Shop / Warehouse - Parts / Accessories | Construction & Farm - Shop / Warehouse | Construction & Farm,One Inch Backer Rod,https://hibid.com/lot/323836391
179,323836392,178757,2.0,0,1,4,OPEN,178098.493,Construction & Farm - Shop / Warehouse - Safety | Construction & Farm - Shop / Warehouse | Construction & Farm,Safety Helmets Bright Green (3),https://hibid.com/lot/323836392
180,323836393,178758,3.0,0,2,5,OPEN,178108.49,Construction & Farm - Shop / Warehouse - Safety | Construction & Farm - Shop / Warehouse | Construction & Farm,Standard Safety Vests (3),https://hibid.com/lot/323836393
181,323836394,178759,4.0,0,3,5,OPEN,178118.487,Construction & Farm - Attachments - Hitch | Construction & Farm - Attachments | Construction & Farm,Hitch Riser,https://hibid.com/lot/323836394
182,323836395,178760,3.0,0,2,4,OPEN,178128.47999999998,Lawn & Garden - Outdoors | Lawn & Garden,Gray Fiberglass Screen 36’x100’,https://hibid.com/lot/323836395
183,323836396,178761,0.0,0,0,4,OPEN,178138.47999999998,Construction & Farm - Shop / Warehouse - Automotive | Construction & Farm - Shop / Warehouse | Construction & Farm,Automotive Funnels With Spouts (3),https://hibid.com/lot/323836396
184,323836397,178762,2.0,0,1,7,OPEN,178148.473,Lawn & Garden - Tools/Hand held items - Hand Tools | Lawn & Garden - Tools/Hand held items | Lawn & Garden,Faced Tape Various Thickness,https://hibid.com/lot/323836397
185,323836398,178763,2.0,0,1,5,OPEN,178158.47,Business & Industrial - Business / Retail - Janitorial - Cleaners / Cleaning Supplies | Business & Industrial - Business / Retail - Janitorial | Business & Industrial - Business / Retail | Business & Industrial,"Motion Activated Sensor, Window Film Application",https://hibid.com/lot/323836398
186,323836399,178764,0.0,0,0,2,OPEN,178168.47,Lawn & Garden - Tools/Hand held items - Hand Tools | Lawn & Garden - Tools/Hand held items | Lawn & Garden,Drain Snake,https://hibid.com/lot/323836399
187,323836400,178765,3.0,0,2,4,OPEN,178178.467,Construction & Farm - Shop / Warehouse - Parts / Accessories | Construction & Farm - Shop / Warehouse | Construction & Farm,"12"" Galvanized Spikes in a Bucket",https://hibid.com/lot/323836400
188,323836401,178766,4.0,0,3,10,OPEN,178188.46,Sporting Goods - Camping | Sporting Goods,Coleman Lantern w/ Fuel Filter,https://hibid.com/lot/323836401
189,323836402,178767,0.0,0,0,4,OPEN,178198.46,Construction & Farm - Shop / Warehouse - Jacks | Construction & Farm - Shop / Warehouse | Construction & Farm,Roof Jacks (4),https://hibid.com/lot/323836402
190,323836403,178768,2.0,0,1,7,OPEN,178208.457,Construction & Farm - Shop / Warehouse - Safety | Construction & Farm - Shop / Warehouse | Construction & Farm,Safety Glasses and Construction Note Case,https://hibid.com/lot/323836403
191,323836404,178769,0.0,0,0,8,OPEN,178218.44999999998,Furniture - Mirrors | Furniture,Picture Frame and Small Pieces of Transparent,https://hibid.com/lot/323836404
192,323836405,178770,0.0,0,0,6,OPEN,178228.447,Home Goods & Decor - Home Goods - Kitchen / Housewares | Home Goods & Decor - Home Goods | Home Goods & Decor,"Circle Patterns, Crown Staples, Wire Cup Brush",https://hibid.com/lot/323836405
193,323836406,178771,2.0,0,1,9,OPEN,178238.443,Antiques & Collectibles - Collectibles - Gas / Oil | Antiques & Collectibles - Collectibles | Antiques & Collectibles,"Torch, Oil Can and Battery Termac Cleaner",https://hibid.com/lot/323836406
194,323836407,178772,0.0,0,0,5,OPEN,178248.44,Construction & Farm - Shop / Warehouse - Electrical | Construction & Farm - Shop / Warehouse | Construction & Farm,"Power Strip, Rubber Aprons, Lock De-Icer",https://hibid.com/lot/323836407
195,323836408,178773,0.0,0,0,4,OPEN,178258.437,Computers & Electronics - Computers - Networking | Computers & Electronics - Computers | Computers & Electronics,Tp-Link Ac 2600 WiFi Router,https://hibid.com/lot/323836408
196,323836409,178774,2.0,0,1,5,OPEN,178268.433,Construction & Farm - Shop / Warehouse - Tiedowns / Binders | Construction & Farm - Shop / Warehouse | Construction & Farm,Nylon Rope 100Ft,https://hibid.com/lot/323836409
197,323836410,178775,3.0,0,2,7,OPEN,178278.43,Home Goods & Decor - Home Goods - Kitchen / Housewares | Home Goods & Decor - Home Goods | Home Goods & Decor,Frabill Min-O-Life 8qt Galvanized Steel Bucket,https://hibid.com/lot/323836410
198,323836411,178776,2.0,0,1,5,OPEN,178288.427,Home Goods & Decor - Home Goods - Appliances - Heating / Air Conditioning | Home Goods & Decor - Home Goods - Appliances | Home Goods & Decor - Home Goods | Home Goods & Decor,Fireplace insert logs,https://hibid.com/lot/323836411
199,323836412,178777,0.0,0,0,8,OPEN,178298.41999999998,Home Goods & Decor - Home Goods - Appliances - Heating / Air Conditioning | Home Goods & Decor - Home Goods - Appliances | Home Goods & Decor - Home Goods | Home Goods & Decor,Natural Gas Fireplace,https://hibid.com/lot/323836412
200,323836413,178779,0.0,0,0,3,OPEN,178308.41999999998,Home Goods & Decor - Home Goods - Linens / Curtains | Home Goods & Decor - Home Goods | Home Goods & Decor,Curtain Valences,https://hibid.com/lot/323836413
201,323836414,178780,0.0,0,0,12,OPEN,178318.413,Home Goods & Decor - Fabric / Yarn / Sewing / Needlepoint | Home Goods & Decor,Fabric,https://hibid.com/lot/323836414
201B,323836415,186445,71.0,0,27,13,OPEN,178327.21,Sporting Goods - Firearms / Weapons - Shotguns | Sporting Goods - Firearms / Weapons | Sporting Goods,Mossberg 12 Ga Pump Shotgun Camo Paint,https://hibid.com/lot/323836415
202,323836416,178781,2.0,0,1,7,OPEN,178337.21,Fashion - Men's Clothing - Coats / Jackets | Fashion - Men's Clothing | Fashion,Men’s Flannel Medium Jacket and Levi size 42 J,https://hibid.com/lot/323836416
203,323836417,178782,28.0,0,10,4,OPEN,178347.20299999998,Fashion - Men's Clothing - Coats / Jackets | Fashion - Men's Clothing | Fashion,King of the Mountain Jacket,https://hibid.com/lot/323836417
204,323836418,178783,11.0,0,7,3,OPEN,178357.20299999998,Sporting Goods - Sporting Goods / Outdoor Recreation - Outdoor Games & Sports Equipment | Sporting Goods - Sporting Goods / Outdoor Recreation | Sporting Goods,King of the Mountain Sports Camo Leg Warmers,https://hibid.com/lot/323836418
205,323836419,178784,12.0,0,9,5,OPEN,178367.19999999998,Fashion - Men's Accessories | Fashion,King of the Mountain Hat,https://hibid.com/lot/323836419
206,323836420,178785,7.0,0,5,9,OPEN,178377.193,Sporting Goods - Camping | Sporting Goods,Camo Wool Backpack and Hat,https://hibid.com/lot/323836420
207,323836421,178786,27.0,0,9,4,OPEN,178387.193,Fashion - Men's Clothing - Bottoms | Fashion - Men's Clothing | Fashion,King of the Mountain Wool Pants Size 30,https://hibid.com/lot/323836421
208,323836422,178787,31.0,0,9,4,OPEN,178397.19,Fashion - Men's Clothing - Coats / Jackets | Fashion - Men's Clothing | Fashion,King of the Mountain Sports Camo Wool Jacket,https://hibid.com/lot/323836422
209,323836423,178788,2.0,0,1,7,OPEN,178407.187,Sporting Goods - Fishing | Sporting Goods,Columbia Fly Fishing Vest and ArctiCreel,https://hibid.com/lot/323836423
210,323836424,178789,0.0,0,0,7,OPEN,178417.183,Sporting Goods - Hunting & Trapping | Sporting Goods,"Antler Hunting Vest, Waterproof Pants",https://hibid.com/lot/323836424
211,323836425,178790,2.0,0,1,4,OPEN,178427.18,Fashion - Men's Clothing - Coats / Jackets | Fashion - Men's Clothing | Fashion,Eddie Bauer Men’s Medium Insulated Vest,https://hibid.com/lot/323836425
212,323836426,178791,0.0,0,0,4,OPEN,178437.177,Fashion - Men's Clothing - Coats / Jackets | Fashion - Men's Clothing | Fashion,Try-Mountain Size Large Jacket,https://hibid.com/lot/323836426
213,323836427,178792,9.0,0,4,4,OPEN,178447.17299999998,Fashion - Men's Clothing - Coats / Jackets | Fashion - Men's Clothing | Fashion,Carhartt Jacket w/Hood Size Large,https://hibid.com/lot/323836427
214,323836428,178793,4.0,0,3,4,OPEN,178457.16999999998,Fashion - Men's Clothing - Bottoms | Fashion - Men's Clothing | Fashion,Carhartt Bibs,https://hibid.com/lot/323836428
215,323836429,178794,3.0,0,2,4,OPEN,178467.16999999998,Fashion - Men's Clothing - Coats / Jackets | Fashion - Men's Clothing | Fashion,Matching Jacket and Pants,https://hibid.com/lot/323836429
216,323836430,178795,2.0,0,1,6,OPEN,178477.163,Fashion - Men's Clothing - Coats / Jackets | Fashion - Men's Clothing | Fashion,Cabelas Camo Pants and Vest,https://hibid.com/lot/323836430
217,323836431,178796,3.0,0,2,5,OPEN,178487.16,Sporting Goods - Camping | Sporting Goods,Cabela’s Camo Backpack,https://hibid.com/lot/323836431
218,323836432,178797,10.0,0,6,4,OPEN,178497.15699999998,Home Goods & Decor - Home Goods - Carpet / Rugs | Home Goods & Decor - Home Goods | Home Goods & Decor,Boat Carpet Gray 6’ x 14’,https://hibid.com/lot/323836432
219,323836433,178798,0.0,0,0,5,OPEN,178507.15699999998,Sporting Goods - Camping | Sporting Goods,Beach Chairs Green W/Backpack Straps(2),https://hibid.com/lot/323836433
220,323836434,178799,21.0,0,14,5,OPEN,178517.153,Sporting Goods - Sporting Goods / Outdoor Recreation - Outdoor Games & Sports Equipment | Sporting Goods - Sporting Goods / Outdoor Recreation | Sporting Goods,Gray and White Folding Boat Seat W/Adjustable,https://hibid.com/lot/323836434
221,323836435,178800,21.0,0,14,4,OPEN,178527.15,Sporting Goods - Sporting Goods / Outdoor Recreation - Outdoor Games & Sports Equipment | Sporting Goods - Sporting Goods / Outdoor Recreation | Sporting Goods,Gray and White Low Back Folding Boat Seat,https://hibid.com/lot/323836435
222,323836436,178801,0.0,0,0,8,OPEN,178537.147,Construction & Farm - Shop / Warehouse - Automotive | Construction & Farm - Shop / Warehouse | Construction & Farm,"Auto Glass Patterns W/#’s From Books, Auto Glass",https://hibid.com/lot/323836436
223,323836437,178802,0.0,0,0,6,OPEN,178547.14299999998,Home Goods & Decor - Home Goods - Appliances - Heating / Air Conditioning | Home Goods & Decor - Home Goods - Appliances | Home Goods & Decor - Home Goods | Home Goods & Decor,Pelonis & Westpointe Space Heaters,https://hibid.com/lot/323836437
224,323836438,178803,0.0,0,0,7,OPEN,178557.13999999998,Home Goods & Decor - Home Goods - Appliances - Heating / Air Conditioning | Home Goods & Decor - Home Goods - Appliances | Home Goods & Decor - Home Goods | Home Goods & Decor,White Westinghouse Space Heater,https://hibid.com/lot/323836438
225,323836439,178804,4.0,0,3,6,OPEN,178567.137,Home Goods & Decor - Home Goods - Appliances - Heating / Air Conditioning | Home Goods & Decor - Home Goods - Appliances | Home Goods & Decor - Home Goods | Home Goods & Decor,Eden Pure Infrared Portable Heater,https://hibid.com/lot/323836439
226,323836440,178805,21.0,0,6,8,OPEN,178577.133,Home Goods & Decor - Home Goods - Appliances - Refrigerators / Freezers | Home Goods & Decor - Home Goods - Appliances | Home Goods & Decor - Home Goods | Home Goods & Decor,Avanti Apartment Size Refrigerator,https://hibid.com/lot/323836440
227,323836441,178806,0.0,0,0,9,OPEN,178587.13,Business & Industrial - Business / Retail - Carts / Baskets | Business & Industrial - Business / Retail | Business & Industrial,"Wooden Base Cart With Metal Rod, Wire, Basket",https://hibid.com/lot/323836441
228,323836442,178807,2.0,0,1,6,OPEN,178597.123,Construction & Farm - Shop / Warehouse - Parts / Accessories | Construction & Farm - Shop / Warehouse | Construction & Farm,Aluminum 40# Cylinder-Empty,https://hibid.com/lot/323836442
229,323836443,178808,29.0,0,9,4,OPEN,178607.123,Construction & Farm - Shop / Warehouse - Parts / Accessories | Construction & Farm - Shop / Warehouse | Construction & Farm,Aluminum 40# Cylinder- Full,https://hibid.com/lot/323836443
230,323836444,178809,3.0,0,2,6,OPEN,178617.12,Construction & Farm - Shop / Warehouse - Fuel | Construction & Farm - Shop / Warehouse | Construction & Farm,Standard 20# White Propane Tank,https://hibid.com/lot/323836444
231,323836445,178810,4.0,0,3,6,OPEN,178627.12,Construction & Farm - Shop / Warehouse - Parts / Accessories | Construction & Farm - Shop / Warehouse | Construction & Farm,Adjustable Supports (2),https://hibid.com/lot/323836445
232,323836446,178811,0.0,0,0,4,OPEN,178637.117,Home Goods & Decor - Lighting | Home Goods & Decor,Rolling Work Light,https://hibid.com/lot/323836446
233,323836447,178812,0.0,0,0,5,OPEN,178647.11299999998,Construction & Farm - Shop / Warehouse - Workbenches / Tables | Construction & Farm - Shop / Warehouse | Construction & Farm,Metal Folding Sawhorses W/Wooden Beams(2),https://hibid.com/lot/323836447
234,323836448,178813,2.0,0,1,5,OPEN,178657.11,Construction & Farm - Shop / Warehouse - Workbenches / Tables | Construction & Farm - Shop / Warehouse | Construction & Farm,Metal Folding Sawhorses (2),https://hibid.com/lot/323836448
235,323836449,178814,7.0,0,4,3,OPEN,178667.11,Construction & Farm - Shop / Warehouse - Safety | Construction & Farm - Shop / Warehouse | Construction & Farm,27in Orange Safety Cones (4),https://hibid.com/lot/323836449
236,323836450,178815,2.0,0,1,4,OPEN,178677.107,Sporting Goods - Sporting Goods / Outdoor Recreation - Fitness & Exercise Equipment | Sporting Goods - Sporting Goods / Outdoor Recreation | Sporting Goods,Black Gym Mat 4 FT x 6 FT,https://hibid.com/lot/323836450
237,323836451,178816,5.0,0,4,4,OPEN,178687.107,Construction & Farm - Building Supplies - Other Building Materials | Construction & Farm - Building Supplies | Construction & Farm,Partial Roll Coil Stock Tan/White,https://hibid.com/lot/323836451
238,323836452,178817,8.0,0,7,4,OPEN,178697.103,Construction & Farm - Building Supplies - Other Building Materials | Construction & Farm - Building Supplies | Construction & Farm,Partial Roll Woodgrain Coil Stock White,https://hibid.com/lot/323836452
239,323836453,178818,0.0,0,0,5,OPEN,178707.1,Construction & Farm - Shop / Warehouse - Painting | Construction & Farm - Shop / Warehouse | Construction & Farm,"Curling and Sealing Compound, Extra White Paint",https://hibid.com/lot/323836453
240,323836454,178819,5.0,0,4,3,OPEN,178717.09699999998,Construction & Farm - Building Supplies - Other Building Materials | Construction & Farm - Building Supplies | Construction & Farm,Partial Roll Coil Stock Brown & White,https://hibid.com/lot/323836454
241,323836455,178820,0.0,0,0,4,OPEN,178727.09699999998,Construction & Farm - Shop / Warehouse - Parts / Accessories | Construction & Farm - Shop / Warehouse | Construction & Farm,Forage 404A Refrigerant Tank,https://hibid.com/lot/323836455
242,323836456,178821,0.0,0,0,5,OPEN,178737.093,Construction & Farm - Shop / Warehouse - Fuel | Construction & Farm - Shop / Warehouse | Construction & Farm,Red Plastic 1 Gallon Gas Cans- 1 Has Gas,https://hibid.com/lot/323836456
243,323836457,178822,0.0,0,0,5,OPEN,178747.087,Antiques & Collectibles - Collectibles - Gas / Oil | Antiques & Collectibles - Collectibles | Antiques & Collectibles,2 Gallon Red Plastic Gas Cans (2),https://hibid.com/lot/323836457
244,323836458,178823,0.0,0,0,4,OPEN,178757.087,Antiques & Collectibles - Collectibles - Gas / Oil | Antiques & Collectibles - Collectibles | Antiques & Collectibles,2 1/2 Gallon Metal Kerosene Can,https://hibid.com/lot/323836458
245,323836459,178824,26.0,0,9,6,OPEN,178767.08299999998,Lawn & Garden - Outdoors | Lawn & Garden,300 Ft Of Solid Bronze Sash Chain,https://hibid.com/lot/323836459
246,323836460,178825,0.0,0,0,4,OPEN,178777.08,Furniture - Chairs / Stools | Furniture,Metal Shop Stool,https://hibid.com/lot/323836460
247,323836461,178826,0.0,0,0,6,OPEN,178787.077,Home Goods & Decor - Home Goods - Kitchen / Housewares | Home Goods & Decor - Home Goods | Home Goods & Decor,"Plastic Tub, Dish Pan, Cleaning Caddy",https://hibid.com/lot/323836461
248,323836462,178827,0.0,0,0,5,OPEN,178797.073,Home Goods & Decor - Home Goods - Kitchen / Housewares | Home Goods & Decor - Home Goods | Home Goods & Decor,"Turkey Frying Basket, Metal Basket, Blue Tub",https://hibid.com/lot/323836462
249,323836463,178828,3.0,0,2,6,OPEN,178807.06999999998,Construction & Farm - Shop / Warehouse - Ladders / Scaffolding | Construction & Farm - Shop / Warehouse | Construction & Farm,Rolling Scaffolding 42X20X48,https://hibid.com/lot/323836463
250,323836464,178829,31.0,0,4,7,OPEN,178817.06699999998,Construction & Farm - Shop / Warehouse - Workbenches / Tables | Construction & Farm - Shop / Warehouse | Construction & Farm,Equiprite Tool Bench on Wheels,https://hibid.com/lot/323836464
251,323836465,178830,5.0,0,3,6,OPEN,178827.063,Business & Industrial - Business / Retail - Carts / Baskets | Business & Industrial - Business / Retail | Business & Industrial,Rubbermaid Cart 16X30,https://hibid.com/lot/323836465
252,323836466,178831,0.0,0,0,5,OPEN,178837.06,Sporting Goods - Sporting Goods / Outdoor Recreation - Fitness & Exercise Equipment | Sporting Goods - Sporting Goods / Outdoor Recreation | Sporting Goods,Power Block Quick Change Dumbbell System,https://hibid.com/lot/323836466
253,323836467,178832,0.0,0,0,5,OPEN,178847.057,Business & Industrial - Business / Retail - Displays / Display Cases | Business & Industrial - Business / Retail | Business & Industrial,Single Rail Display Stands (2),https://hibid.com/lot/323836467
254,323836468,178833,0.0,0,0,6,OPEN,178857.05299999999,Lawn & Garden - Outdoors | Lawn & Garden,"Rolling Garden Hose Reel Cart, Oscillating",https://hibid.com/lot/323836468
255,323836469,178834,0.0,0,0,5,OPEN,178867.05,Business & Industrial - Business / Retail - Racks / Shelving | Business & Industrial - Business / Retail | Business & Industrial,White 3 Shelf Metal Stand,https://hibid.com/lot/323836469
256,323836470,178835,0.0,0,0,5,OPEN,178877.047,Furniture - Tables | Furniture,Utility Table W/Laminate Top Metal Legs,https://hibid.com/lot/323836470
257,323836471,178836,0.0,0,0,4,OPEN,178887.047,Business & Industrial - Business / Retail - Carts / Baskets | Business & Industrial - Business / Retail | Business & Industrial,Heavy Glass Cart,https://hibid.com/lot/323836471
258,323836472,178837,0.0,0,0,5,OPEN,178897.043,Furniture - Tables | Furniture,Wooden Utility Table 48X66,https://hibid.com/lot/323836472
259,323836473,178838,4.0,0,3,7,OPEN,178907.03999999998,Furniture - Cabinets | Furniture,Metal Cabinet W/18 Drawers,https://hibid.com/lot/323836473
260,323836474,178839,2.0,0,1,6,OPEN,178917.03699999998,Construction & Farm - Shop / Warehouse - Parts / Accessories | Construction & Farm - Shop / Warehouse | Construction & Farm,Metal Bolt Organizer,https://hibid.com/lot/323836474
261,323836475,178840,3.0,0,2,5,OPEN,178927.03,Construction & Farm - Trailers - Storage Trailers | Construction & Farm - Trailers | Construction & Farm,Van Rack With Storage Bins,https://hibid.com/lot/323836475
262,323836476,178841,0.0,0,0,6,OPEN,178937.027,Home Goods & Decor - Home Goods - Carpet / Rugs | Home Goods & Decor - Home Goods | Home Goods & Decor,Wood & Carpet Utility Bench,https://hibid.com/lot/323836476
263,323836477,178842,0.0,0,0,6,OPEN,178947.027,Home Goods & Decor - Home Goods - Kitchen / Housewares | Home Goods & Decor - Home Goods | Home Goods & Decor,Wooden Frame W/Metal Compartment Bins,https://hibid.com/lot/323836477
264,323836478,178843,0.0,0,0,6,OPEN,178957.023,Business & Industrial - Business / Retail - Carts / Baskets | Business & Industrial - Business / Retail | Business & Industrial,HD WoodRack On 6 Wheels,https://hibid.com/lot/323836478
265,323836479,178844,0.0,0,0,1,OPEN,178967.02,Toys - Vintage / Antique Toys | Toys,DW 1465 2002-2010 Chrysler PT Cruiser,https://hibid.com/lot/323836479
266,323836480,178845,0.0,0,0,1,OPEN,178977.017,Cars & Vehicles - Cars - Sedans | Cars & Vehicles - Cars | Cars & Vehicles,DW 2227 2016-2025 Chevy Malibu,https://hibid.com/lot/323836480
267,323836481,178846,0.0,0,0,1,OPEN,178987.017,Cars & Vehicles - Light Duty Trucks - SUV | Cars & Vehicles - Light Duty Trucks | Cars & Vehicles,DW1840 2011-2013 Jeep Grand Cherokee,https://hibid.com/lot/323836481
268,323836482,178847,0.0,0,0,1,OPEN,178997.00999999998,Construction & Farm - Shop / Warehouse - Automotive | Construction & Farm - Shop / Warehouse | Construction & Farm,DW1643 2007-2012 Dodge Caliber Windshield,https://hibid.com/lot/323836482
269,323836483,178848,2.0,0,1,1,OPEN,179007.00999999998,Construction & Farm - Shop / Warehouse - Automotive | Construction & Farm - Shop / Warehouse | Construction & Farm,DW1656 2006-2024 Kenworth Right Side Windshield,https://hibid.com/lot/323836483
270,323836484,178849,3.0,0,2,1,OPEN,179017.00699999998,Construction & Farm - Shop / Warehouse - Automotive | Construction & Farm - Shop / Warehouse | Construction & Farm,DW2497 20119-2023 Chevy Silverado Windshield,https://hibid.com/lot/323836484
271,323836485,178850,0.0,0,0,1,OPEN,179027,Construction & Farm - Shop / Warehouse - Automotive | Construction & Farm - Shop / Warehouse | Construction & Farm,FW2849 2008-2015 Scion XB Windshield,https://hibid.com/lot/323836485
272,323836486,178851,0.0,0,0,1,OPEN,179036.997,Construction & Farm - Shop / Warehouse - Automotive | Construction & Farm - Shop / Warehouse | Construction & Farm,DW1375 2000 Buick Lasabre Windshield,https://hibid.com/lot/323836486
273,323836487,178852,2.0,0,1,1,OPEN,179046.993,Construction & Farm - Shop / Warehouse - Automotive | Construction & Farm - Shop / Warehouse | Construction & Farm,DW1665 2013-2019 Nova Star Windshield,https://hibid.com/lot/323836487
274,323836488,178853,2.0,0,1,1,OPEN,179056.99,Construction & Farm - Shop / Warehouse - Automotive | Construction & Farm - Shop / Warehouse | Construction & Farm,DW1302 1996-2018 Feigh Centry Class Windshield,https://hibid.com/lot/323836488
275,323836489,178854,4.0,0,4,1,OPEN,179066.987,Construction & Farm - Shop / Warehouse - Automotive | Construction & Farm - Shop / Warehouse | Construction & Farm,DW1657 2008-2010 Ford F-Series Windshield,https://hibid.com/lot/323836489
276,323836490,178855,2.0,0,1,1,OPEN,179076.98299999998,Construction & Farm - Shop / Warehouse - Automotive | Construction & Farm - Shop / Warehouse | Construction & Farm,DW1880 2011-2017 Dodge Journey Windshield,https://hibid.com/lot/323836490
277,323836491,178856,0.0,0,0,1,OPEN,179086.97999999998,Construction & Farm - Shop / Warehouse - Automotive | Construction & Farm - Shop / Warehouse | Construction & Farm,DW1257 1995-2003 Ford Windstar Windshield,https://hibid.com/lot/323836491
278,323836492,178857,2.0,0,1,1,OPEN,179096.97699999998,Construction & Farm - Shop / Warehouse - Automotive | Construction & Farm - Shop / Warehouse | Construction & Farm,DW2080 2013-2019 Ford Flex Rain Sensor Window,https://hibid.com/lot/323836492
279,323836493,178858,0.0,0,0,1,OPEN,179106.97,Construction & Farm - Shop / Warehouse - Automotive | Construction & Farm - Shop / Warehouse | Construction & Farm,DW1550 2003-2006 Chevy Impala Windshield,https://hibid.com/lot/323836493
280,323836494,178859,2.0,0,1,1,OPEN,179116.97,Construction & Farm - Shop / Warehouse - Automotive | Construction & Farm - Shop / Warehouse | Construction & Farm,DW1767 2009-2025 Ford Ecoline Windshield,https://hibid.com/lot/323836494
281,323836495,178860,2.0,0,1,1,OPEN,179126.963,Construction & Farm - Shop / Warehouse - Automotive | Construction & Farm - Shop / Warehouse | Construction & Farm,DQ11215 YP 2007-2010 Jeep Wrangler Windshield,https://hibid.com/lot/323836495
282,323836496,178861,4.0,0,3,1,OPEN,179136.96,Construction & Farm - Shop / Warehouse - Automotive | Construction & Farm - Shop / Warehouse | Construction & Farm,DW1099 1990-1996 Ford Truck Windshield,https://hibid.com/lot/323836496
283,323836497,178862,2.0,0,1,1,OPEN,179146.95299999998,Construction & Farm - Shop / Warehouse - Automotive | Construction & Farm - Shop / Warehouse | Construction & Farm,FW2220 2001-2009 Volvo Windshield,https://hibid.com/lot/323836497
284,323836498,178863,2.0,0,1,1,OPEN,179156.94999999998,Construction & Farm - Shop / Warehouse - Automotive | Construction & Farm - Shop / Warehouse | Construction & Farm,DW1037 2000-2020 Peterbuilt left Windshield,https://hibid.com/lot/323836498
285,323836499,178864,2.0,0,1,1,OPEN,179166.94999999998,Construction & Farm - Shop / Warehouse - Automotive | Construction & Farm - Shop / Warehouse | Construction & Farm,DB12506YP 2015-2023 Jeep Renagade Windshield,https://hibid.com/lot/323836499
287,323836500,178866,0.0,0,0,1,OPEN,179176.947,Construction & Farm - Shop / Warehouse - Automotive | Construction & Farm - Shop / Warehouse | Construction & Farm,DB10848YP 2008-2010 Ford Explorer windshield,https://hibid.com/lot/323836500
288,323836501,178867,0.0,0,0,1,OPEN,179186.943,Construction & Farm - Shop / Warehouse - Automotive | Construction & Farm - Shop / Warehouse | Construction & Farm,FW2526 2005-2010 Volkswagen Jetta,https://hibid.com/lot/323836501
289,323836502,178868,2.0,0,1,1,OPEN,179196.94,Construction & Farm - Shop / Warehouse - Parts / Accessories | Construction & Farm - Shop / Warehouse | Construction & Farm,DW2075 2014-2018 Ram Truck,https://hibid.com/lot/323836502
290,323836503,178869,0.0,0,0,1,OPEN,179206.937,Construction & Farm - Shop / Warehouse - Automotive | Construction & Farm - Shop / Warehouse | Construction & Farm,DW1906 2011-15 Chevy Camaro,https://hibid.com/lot/323836503
291,323836504,178870,2.0,0,1,1,OPEN,179216.933,Cars & Vehicles - Heavy Duty Trucks - Conventional Trucks w/ Sleeper | Cars & Vehicles - Heavy Duty Trucks | Cars & Vehicles,DW1731 2007-2022 Freight Cascadia,https://hibid.com/lot/323836504
292,323836505,178871,2.0,0,1,1,OPEN,179226.93,Construction & Farm - Shop / Warehouse - Automotive | Construction & Farm - Shop / Warehouse | Construction & Farm,DW2415 2020-2023 Jeep Gladiator Windshield,https://hibid.com/lot/323836505
293,323836506,178872,2.0,0,1,1,OPEN,179236.927,Construction & Farm - Shop / Warehouse - Automotive | Construction & Farm - Shop / Warehouse | Construction & Farm,DW1725 2009-2019 Ford Flex Windshield,https://hibid.com/lot/323836506
294,323836507,178873,2.0,0,1,1,OPEN,179246.91999999998,Cars & Vehicles - Light Duty Trucks - SUV | Cars & Vehicles - Light Duty Trucks | Cars & Vehicles,DW1684 2008-2012 Ford Escape / Mercury Marina,https://hibid.com/lot/323836507
296,323836508,178875,0.0,0,0,1,OPEN,179256.91999999998,Cars & Vehicles - Cars - Sedans | Cars & Vehicles - Cars | Cars & Vehicles,DW2274 2016-2020 Cadillac DTS,https://hibid.com/lot/323836508
297,323836509,178876,2.0,0,1,1,OPEN,179266.913,Construction & Farm - Shop / Warehouse - Automotive | Construction & Farm - Shop / Warehouse | Construction & Farm,DW2274 2016-2020 Cadillac Escalade Windshield,https://hibid.com/lot/323836509
298,323836510,178877,2.0,0,1,1,OPEN,179276.913,Cars & Vehicles - Cars - Sedans | Cars & Vehicles - Cars | Cars & Vehicles,DW1949 Kenmore ?? 2013-2018 Ford Fusion,https://hibid.com/lot/323836510
299,323836511,178878,2.0,0,1,1,OPEN,179286.91,Construction & Farm - Shop / Warehouse - Automotive | Construction & Farm - Shop / Warehouse | Construction & Farm,DW2038 Peterbuilt One Piece Windshield,https://hibid.com/lot/323836511
300,323836512,178879,2.0,0,1,1,OPEN,179296.90699999998,Construction & Farm - Shop / Warehouse - Automotive | Construction & Farm - Shop / Warehouse | Construction & Farm,DW2038 2014-2024 Peterbuilt One piece Windshield,https://hibid.com/lot/323836512
301,323836513,178880,0.0,0,0,1,OPEN,179306.903,Construction & Farm - Shop / Warehouse - Automotive | Construction & Farm - Shop / Warehouse | Construction & Farm,"DD10587 2004-2008 Chrysler, Dodge Caravan",https://hibid.com/lot/323836513
302,323836514,178881,0.0,0,0,1,OPEN,179316.9,Construction & Farm - Shop / Warehouse - Automotive | Construction & Farm - Shop / Warehouse | Construction & Farm,DW1229 1992-1997 Cadillac Eldorado Seville Window,https://hibid.com/lot/323836514
303,323836515,178882,0.0,0,0,1,OPEN,179325.69,Construction & Farm - Shop / Warehouse - Automotive | Construction & Farm - Shop / Warehouse | Construction & Farm,DW1201 1995 Ford Taurus/Mercury Sable Windshield,https://hibid.com/lot/323836515
304,323836516,178883,2.0,0,1,1,OPEN,179335.687,Construction & Farm - Shop / Warehouse - Automotive | Construction & Farm - Shop / Warehouse | Construction & Farm,DW819 1978-1979 Ford Bronco Windshield,https://hibid.com/lot/323836516
305,323836517,178884,0.0,0,0,1,OPEN,179345.683,Construction & Farm - Shop / Warehouse - Automotive | Construction & Farm - Shop / Warehouse | Construction & Farm,DW1484 2002 Lincoln Continental Windshield,https://hibid.com/lot/323836517
306,323836518,178885,0.0,0,0,3,OPEN,179355.68,Construction & Farm - Building Supplies - Moulding | Construction & Farm - Building Supplies | Construction & Farm,Rubber Moldings,https://hibid.com/lot/323836518
307,323836519,178886,2.0,0,1,4,OPEN,179365.677,Business & Industrial - Business / Retail - Racks / Shelving | Business & Industrial - Business / Retail | Business & Industrial,Double Metal Rack 72X24X8- 6 Shelves,https://hibid.com/lot/323836519
308,323836520,178887,3.0,0,2,3,OPEN,179375.66999999998,Construction & Farm - Shop / Warehouse - Ladders / Scaffolding | Construction & Farm - Shop / Warehouse | Construction & Farm,Werner Non-Conductive Fiberglass Ladder 8Ft,https://hibid.com/lot/323836520
309,323836521,178888,56.0,0,21,2,OPEN,179385.66999999998,Construction & Farm - Shop / Warehouse - Ladders / Scaffolding | Construction & Farm - Shop / Warehouse | Construction & Farm,Werner 10Ft Fiberglass Ladder 300Lb Limit,https://hibid.com/lot/323836521
310,323836522,178889,6.0,0,5,3,OPEN,179395.663,Construction & Farm - Shop / Warehouse - Ladders / Scaffolding | Construction & Farm - Shop / Warehouse | Construction & Farm,Werner 6Ft Fiberglass Ladder 300Lb Limit,https://hibid.com/lot/323836522
311,323836523,178890,11.0,0,5,3,OPEN,179405.66,Construction & Farm - Shop / Warehouse - Ladders / Scaffolding | Construction & Farm - Shop / Warehouse | Construction & Farm,8Ft Aluminum Ladder,https://hibid.com/lot/323836523
312,323836524,178891,2.0,0,1,3,OPEN,179415.66,Construction & Farm - Shop / Warehouse - Ladders / Scaffolding | Construction & Farm - Shop / Warehouse | Construction & Farm,6Ft Aluminum Ladder,https://hibid.com/lot/323836524
313,323836525,178892,2.0,0,1,3,OPEN,179425.65699999998,Construction & Farm - Shop / Warehouse - Ladders / Scaffolding | Construction & Farm - Shop / Warehouse | Construction & Farm,Aluminum Extension Ladder 40FT,https://hibid.com/lot/323836525
314,323836526,178893,2.0,0,1,2,OPEN,179435.653,Construction & Farm - Shop / Warehouse - Ladders / Scaffolding | Construction & Farm - Shop / Warehouse | Construction & Farm,Aluminum Extension Ladder 30FT,https://hibid.com/lot/323836526
314B,324386561,187331,3.0,0,2,2,OPEN,179445.65,Construction & Farm - Shop / Warehouse - Ladders / Scaffolding | Construction & Farm - Shop / Warehouse | Construction & Farm,16ft Werner Fiberglass Ladder,https://hibid.com/lot/324386561
315,323836527,178894,0.0,0,0,5,OPEN,179455.647,Business & Industrial - Business / Retail - Racks / Shelving | Business & Industrial - Business / Retail | Business & Industrial,Metal Shelving Unit 7 Shelves,https://hibid.com/lot/323836527
316,323836528,178895,0.0,0,0,3,OPEN,179465.64299999998,Business & Industrial - Business / Retail - Racks / Shelving | Business & Industrial - Business / Retail | Business & Industrial,Metal Shelving Unit 12 Shelves,https://hibid.com/lot/323836528
317,323836529,178896,0.0,0,0,3,OPEN,179475.63999999998,Business & Industrial - Business / Retail - Racks / Shelving | Business & Industrial - Business / Retail | Business & Industrial,Metal Shelving Unit 8 Shelves,https://hibid.com/lot/323836529
318,323836530,178897,0.0,0,0,3,OPEN,179485.637,Business & Industrial - Business / Retail - Racks / Shelving | Business & Industrial - Business / Retail | Business & Industrial,Metal Shelving Unit 5 Shelves,https://hibid.com/lot/323836530
319,323836531,178898,3.0,0,2,3,OPEN,179495.633,Lawn & Garden - Tools/Hand held items - Hand Tools | Lawn & Garden - Tools/Hand held items | Lawn & Garden,Aluminum Scoop Shovel Wooden Handle,https://hibid.com/lot/323836531
320,323836532,178899,4.0,0,3,3,OPEN,179505.63,Lawn & Garden - Tools/Hand held items - Hand Tools | Lawn & Garden - Tools/Hand held items | Lawn & Garden,Fiberglass Scoop Shovel Yellow,https://hibid.com/lot/323836532
321,323836533,178900,0.0,0,0,5,OPEN,179515.62699999998,Business & Industrial - Business / Retail - Racks / Shelving | Business & Industrial - Business / Retail | Business & Industrial,Wooden Storage Shelving &Metal Vertical Dividers,https://hibid.com/lot/323836533
322,323836534,178901,0.0,0,0,6,OPEN,179525.623,Business & Industrial - Business / Retail - Racks / Shelving | Business & Industrial - Business / Retail | Business & Industrial,Custom Wood Storage Shelving Unit,https://hibid.com/lot/323836534
323,323836535,178902,0.0,0,0,5,OPEN,179535.62,Furniture - Cabinets | Furniture,3-Drawer Metal Filing Cabinet (2) Pink,https://hibid.com/lot/323836535
324,323836536,178903,0.0,0,0,4,OPEN,179545.61299999998,Home Goods & Decor - Home Goods - Kitchen / Housewares | Home Goods & Decor - Home Goods | Home Goods & Decor,Wooden Modular Storage Dividers,https://hibid.com/lot/323836536
325,323836537,178904,0.0,0,0,5,OPEN,179555.61,Furniture - Desks / Home Office | Furniture,"Industrial Steel Shop Desk, Steel Desk Organizer",https://hibid.com/lot/323836537
326,323836538,178905,0.0,0,0,4,OPEN,179565.61,Business & Industrial - Business / Retail - Racks / Shelving | Business & Industrial - Business / Retail | Business & Industrial,Metal Gondola Shelving Unit,https://hibid.com/lot/323836538
327,323836539,178906,0.0,0,0,4,OPEN,179575.607,Business & Industrial - Business / Retail - Racks / Shelving | Business & Industrial - Business / Retail | Business & Industrial,Metal Gondola Shelving Unit,https://hibid.com/lot/323836539
328,323836540,178907,0.0,0,0,5,OPEN,179585.6,Business & Industrial - Business / Retail - Racks / Shelving | Business & Industrial - Business / Retail | Business & Industrial,Double Sided Metal Gondola Shelving Unit,https://hibid.com/lot/323836540
329,323836541,178908,14.0,0,8,5,OPEN,179595.59699999998,Business & Industrial - Business / Retail - Racks / Shelving | Business & Industrial - Business / Retail | Business & Industrial,Metal Shelving Unit 6 Mesh Shelves (2) Units,https://hibid.com/lot/323836541
330,323836542,178909,2.0,0,1,7,OPEN,179605.593,Business & Industrial - Business / Retail - Racks / Shelving | Business & Industrial - Business / Retail | Business & Industrial,Metal Shelving Units 5 Shelves Per Unit Gray(2),https://hibid.com/lot/323836542
331,323836543,178910,3.0,0,2,5,OPEN,179615.59,Construction & Farm - Shop / Warehouse - Racks / Shelves | Construction & Farm - Shop / Warehouse | Construction & Farm,Metal Shelving Units 5 Shelves Per Unit (2),https://hibid.com/lot/323836543
332,323836544,178911,3.0,0,2,4,OPEN,179625.58,Business & Industrial - Business / Retail - Racks / Shelving | Business & Industrial - Business / Retail | Business & Industrial,Metal Shelving Units 5 Shelves Pet Unit(2),https://hibid.com/lot/323836544
333,323836545,178912,3.0,0,2,5,OPEN,179635.577,Business & Industrial - Business / Retail - Racks / Shelving | Business & Industrial - Business / Retail | Business & Industrial,Metal Shelving Unit 4 Shelves. Per Unit(2),https://hibid.com/lot/323836545
334,323836546,178913,2.0,0,1,8,OPEN,179645.573,Construction & Farm - Building Supplies - Other Building Materials | Construction & Farm - Building Supplies | Construction & Farm,Architectural Panels Assortment Of Sizes,https://hibid.com/lot/323836546
335,323836547,178914,0.0,0,0,5,OPEN,179655.56999999998,Home Goods & Decor - Home Goods - Kitchen / Housewares | Home Goods & Decor - Home Goods | Home Goods & Decor,Wooden Storage Divider Unit W/Pegboard,https://hibid.com/lot/323836547
336,323836548,178915,2.0,0,1,8,OPEN,179665.56699999998,Construction & Farm - Building Supplies - Other Building Materials | Construction & Farm - Building Supplies | Construction & Farm,Architectural Panels,https://hibid.com/lot/323836548
337,323836549,178916,0.0,0,0,5,OPEN,179675.56,Construction & Farm - Building Supplies - Doors | Construction & Farm - Building Supplies | Construction & Farm,Sliding Screen Door,https://hibid.com/lot/323836549
338,323836550,178917,0.0,0,0,4,OPEN,179685.56,Construction & Farm - Building Supplies - Windows | Construction & Farm - Building Supplies | Construction & Farm,Vinyl Window & Screen Lite Storm,https://hibid.com/lot/323836550
339,323836551,178918,0.0,0,0,4,OPEN,179695.557,Construction & Farm - Building Supplies - Doors | Construction & Farm - Building Supplies | Construction & Farm,Sliding Screen Door,https://hibid.com/lot/323836551
340,323836552,178919,3.0,0,2,4,OPEN,179705.55,Construction & Farm - Building Supplies - Doors | Construction & Farm - Building Supplies | Construction & Farm,Sliding Screen Door,https://hibid.com/lot/323836552
341,323836553,178920,0.0,0,0,4,OPEN,179715.55,Construction & Farm - Building Supplies - Doors | Construction & Farm - Building Supplies | Construction & Farm,Sliding Screen Door White No Handle,https://hibid.com/lot/323836553
342,323836554,178921,2.0,0,1,4,OPEN,179725.547,Construction & Farm - Shop / Warehouse - Ladders / Scaffolding | Construction & Farm - Shop / Warehouse | Construction & Farm,Metal Scaffolding,https://hibid.com/lot/323836554
343,323836555,178922,12.0,0,4,4,OPEN,179735.543,Construction & Farm - Shop / Warehouse - Ladders / Scaffolding | Construction & Farm - Shop / Warehouse | Construction & Farm,Aluminum Scaffolding Planks (2),https://hibid.com/lot/323836555
344,323836556,178923,55.0,0,6,6,OPEN,179745.53999999998,Construction & Farm - Shop / Warehouse - Ladders / Scaffolding | Construction & Farm - Shop / Warehouse | Construction & Farm,Scaffolding Frames And Cross Braces,https://hibid.com/lot/323836556
345,323836557,178924,0.0,0,0,5,OPEN,179755.53699999998,Construction & Farm - Shop / Warehouse - Ladders / Scaffolding | Construction & Farm - Shop / Warehouse | Construction & Farm,Scaffolding Pieces,https://hibid.com/lot/323836557
346,323836558,178925,0.0,0,0,4,OPEN,179765.533,Construction & Farm - Building Supplies - Doors | Construction & Farm - Building Supplies | Construction & Farm,Brown Aluminum Door Frame,https://hibid.com/lot/323836558
347,323836559,178926,4.0,0,3,4,OPEN,179775.53,Home Goods & Decor - Home Goods - Kitchen / Housewares | Home Goods & Decor - Home Goods | Home Goods & Decor,Poly Carbonate Pieces (2),https://hibid.com/lot/323836559
348,323836560,178927,2.0,0,1,5,OPEN,179785.527,Construction & Farm - Building Supplies - Doors | Construction & Farm - Building Supplies | Construction & Farm,Gray Welded Steel Door Frame. Fits 36X80 Door,https://hibid.com/lot/323836560
349,323836561,178928,2.0,0,1,4,OPEN,179795.52,Construction & Farm - Building Supplies - Other Building Materials | Construction & Farm - Building Supplies | Construction & Farm,Aluminum Tube &Channel Pieces,https://hibid.com/lot/323836561
350,323836562,178929,0.0,0,0,3,OPEN,179805.517,Construction & Farm - Building Supplies - Other Building Materials | Construction & Farm - Building Supplies | Construction & Farm,Pre Punched Aluminum Channel Pieces D. Bronze,https://hibid.com/lot/323836562
351,323836563,178931,2.0,0,1,3,OPEN,179815.513,Construction & Farm - Building Supplies - Doors | Construction & Farm - Building Supplies | Construction & Farm,Aluminum Door Frame Gray,https://hibid.com/lot/323836563
352,323836564,178932,3.0,0,2,4,OPEN,179825.50999999998,Construction & Farm - Building Supplies - Doors | Construction & Farm - Building Supplies | Construction & Farm,Full Lite Storm Door-No Hardware,https://hibid.com/lot/323836564
353,323836565,178933,0.0,0,0,3,OPEN,179835.503,Construction & Farm - Shop / Warehouse - Pipe Bending / Threading | Construction & Farm - Shop / Warehouse | Construction & Farm,Aluminum Tube 1 3/4X 4 1/2 X 7’,https://hibid.com/lot/323836565
354,323836566,178934,2.0,0,1,3,OPEN,179845.503,Construction & Farm - Shop / Warehouse - Metalworking | Construction & Farm - Shop / Warehouse | Construction & Farm,White Powder Coated Steel 33 1/4 X70 X 1/8,https://hibid.com/lot/323836566
355,323836567,178935,2.0,0,1,3,OPEN,179855.5,Home Goods & Decor - Home Goods - Other Items - Other,Aluminum Tube Gray 2x5x8’,https://hibid.com/lot/323836567
356,323836568,178936,0.0,0,0,3,OPEN,179865.49,Construction & Farm - Shop / Warehouse - Parts / Accessories | Construction & Farm - Shop / Warehouse | Construction & Farm,Aluminum Tube 4 X 4 X11FT 3IN D. Bronze,https://hibid.com/lot/323836568
357,323836569,178937,0.0,0,0,5,OPEN,179875.497,Business & Industrial - Buildings | Business & Industrial,Steel Drywall Frame Fits Door 36X80,https://hibid.com/lot/323836569
358,323836570,178938,0.0,0,0,5,OPEN,179885.493,Business & Industrial - Buildings | Business & Industrial,Steel Drywall Frame Fits 36X80 Door,https://hibid.com/lot/323836570
359,323836571,178939,0.0,0,0,5,OPEN,179895.487,Construction & Farm - Building Supplies - Doors | Construction & Farm - Building Supplies | Construction & Farm,Welded Steel Door Frame 36X 72 Door,https://hibid.com/lot/323836571
359B,323836572,186446,5.0,0,4,6,OPEN,179905.48299999998,Construction & Farm - Shop / Warehouse - Racks / Shelves | Construction & Farm - Shop / Warehouse | Construction & Farm,Racking for Windows,https://hibid.com/lot/323836572
359C,323836573,186447,2.0,0,1,7,OPEN,179915.47999999998,Construction & Farm - Building Supplies - Lumber | Construction & Farm - Building Supplies | Construction & Farm,Large Lot of Wood and Lumber,https://hibid.com/lot/323836573
360,323836574,178940,0.0,0,0,3,OPEN,179925.47999999998,Home Goods & Decor - Home Goods - Bed / Bath Items | Home Goods & Decor - Home Goods | Home Goods & Decor,3/8 Clear Shower Glass -31 3/4 X 73 1/8,https://hibid.com/lot/323836574
361,323836575,178941,0.0,0,0,3,OPEN,179935.473,Construction & Farm - Building Supplies - Other Building Materials | Construction & Farm - Building Supplies | Construction & Farm,Temped Pattern Glass W/Polished Edges,https://hibid.com/lot/323836575
362,323836576,178942,0.0,0,0,3,OPEN,179945.467,Home Goods & Decor - Home Goods - Kitchen / Housewares | Home Goods & Decor - Home Goods | Home Goods & Decor,Clear Tempered Glass 2 Pieces,https://hibid.com/lot/323836576
363,323836577,178943,2.0,0,1,5,OPEN,179955.467,Construction & Farm - Building Supplies - Doors | Construction & Farm - Building Supplies | Construction & Farm,36X84 Bronze Wide Stile Full Lite Aluminum Door,https://hibid.com/lot/323836577
364,323836578,178944,0.0,0,0,4,OPEN,179965.463,Construction & Farm - Building Supplies - Windows | Construction & Farm - Building Supplies | Construction & Farm,White Self Storing Storm Windows (2),https://hibid.com/lot/323836578
365,323836579,178945,0.0,0,0,4,OPEN,179975.46,Construction & Farm - Building Supplies - Windows | Construction & Farm - Building Supplies | Construction & Farm,31 X 60 Self Storing Storm Window Silver Tone,https://hibid.com/lot/323836579
366,323836580,178946,9.0,0,3,4,OPEN,179985.457,Construction & Farm - Building Supplies - Doors | Construction & Farm - Building Supplies | Construction & Farm,32 X 80 White Self Storing Storm Door,https://hibid.com/lot/323836580
367,323836581,178947,33.0,0,4,4,OPEN,179995.45299999998,Construction & Farm - Building Supplies - Doors | Construction & Farm - Building Supplies | Construction & Farm,36 X 80 White Full Lite Storm Door 36X80,https://hibid.com/lot/323836581
368,323836582,178948,0.0,0,0,4,OPEN,180005.44999999998,Home Goods & Decor - Home Goods - Kitchen / Housewares | Home Goods & Decor - Home Goods | Home Goods & Decor,Large Glass Pane,https://hibid.com/lot/323836582
369,323836583,178949,0.0,0,0,5,OPEN,180015.447,Construction & Farm - Building Supplies - Doors | Construction & Farm - Building Supplies | Construction & Farm,Tempered Frosted Glass 32 X 63 X 3/16,https://hibid.com/lot/323836583
370,323836584,178950,0.0,0,0,6,OPEN,180025.443,Furniture - Mirrors | Furniture,Glass & Mirror Pieces (6),https://hibid.com/lot/323836584
371,323836585,178951,0.0,0,0,3,OPEN,180035.44,Furniture - Tables | Furniture,Hexagon Glass Table Top Bronze 51 1/4 X 1/4,https://hibid.com/lot/323836585
372,323836586,178952,11.0,0,7,6,OPEN,180045.437,Construction & Farm - Building Supplies - Other Building Materials | Construction & Farm - Building Supplies | Construction & Farm,Plexiglass & Polycarbonate Pieces,https://hibid.com/lot/323836586
373,323836587,178953,16.0,0,10,5,OPEN,180055.433,Business & Industrial - Buildings | Business & Industrial,Plexiglass Pieces Various Sizes,https://hibid.com/lot/323836587
374,323836588,178954,0.0,0,0,3,OPEN,180065.43,Furniture - Mirrors | Furniture,Mirror 36 X 54 X 1/4- 3 Pieces,https://hibid.com/lot/323836588
375,323836589,178955,0.0,0,0,4,OPEN,180075.427,Furniture - Mirrors | Furniture,Mirror 40 X 40 X 1/4,https://hibid.com/lot/323836589
376,323836590,178956,8.0,0,5,5,OPEN,180085.42299999998,Construction & Farm - Building Supplies - Other Building Materials | Construction & Farm - Building Supplies | Construction & Farm,Plexiglass and Polycarbonate Pieces,https://hibid.com/lot/323836590
377,323836591,178957,0.0,0,0,3,OPEN,180095.41999999998,Construction & Farm - Building Supplies - Other Building Materials | Construction & Farm - Building Supplies | Construction & Farm,Clear Tempered Glass W/Polished Edges,https://hibid.com/lot/323836591
378,323836592,178958,0.0,0,0,2,OPEN,180105.41999999998,Furniture - Tables | Furniture,Round Glass Table Top Polished Edges 42X 3/8,https://hibid.com/lot/323836592
379,323836593,178959,0.0,0,0,3,OPEN,180115.417,Construction & Farm - Shop / Warehouse - Safety | Construction & Farm - Shop / Warehouse | Construction & Farm,16 X 20 UV Protective Glass 5 Pieces,https://hibid.com/lot/323836593
380,323836594,178960,0.0,0,0,3,OPEN,180125.413,Home Goods & Decor - Home Goods - Kitchen / Housewares | Home Goods & Decor - Home Goods | Home Goods & Decor,8X10 Non Glare Glass Aprox 25pc,https://hibid.com/lot/323836594
381,323836595,178961,0.0,0,0,3,OPEN,180135.41,Business & Industrial - Buildings | Business & Industrial,Bronze Laminated Specialty Glass 36 X 50 X 1/4,https://hibid.com/lot/323836595
382,323836596,178962,0.0,0,0,3,OPEN,180145.40699999998,Home Goods & Decor - Home Goods - Kitchen / Housewares | Home Goods & Decor - Home Goods | Home Goods & Decor,Bronze Plate Specialty Glass 48 X 54 x 1/4,https://hibid.com/lot/323836596
383,323836597,178963,0.0,0,0,3,OPEN,180155.403,Construction & Farm - Shop / Warehouse - Safety | Construction & Farm - Shop / Warehouse | Construction & Farm,Specialty Glass Fire Rated Wire Glass-Not Safety,https://hibid.com/lot/323836597
384,323836598,178964,0.0,0,0,2,OPEN,180165.4,Furniture - Mirrors | Furniture,Specialty Glass Transparent Mirror 16X 72 x1/4,https://hibid.com/lot/323836598
386,323836599,178966,0.0,0,0,4,OPEN,180175.397,Furniture - Mirrors | Furniture,Mirror W/Bevel 36 1/2 X 68 3/4 X1/4,https://hibid.com/lot/323836599
387,323836600,178967,3.0,0,2,3,OPEN,180185.39299999998,Construction & Farm - Shop / Warehouse - Metalworking | Construction & Farm - Shop / Warehouse | Construction & Farm,Aluminum Sheet 48 X 76 X .040 Painted Hunter Green,https://hibid.com/lot/323836600
388,323836601,178968,26.0,0,9,3,OPEN,180195.38999999998,Construction & Farm - Building Supplies - Windows | Construction & Farm - Building Supplies | Construction & Farm,Plexiglass 48 X 74 X 1/4,https://hibid.com/lot/323836601
389,323836602,178969,2.0,0,1,3,OPEN,180205.387,Business & Industrial - Business / Retail - Racks / Shelving | Business & Industrial - Business / Retail | Business & Industrial,Double Sided A Frame Wood Rack,https://hibid.com/lot/323836602
390,323836603,178970,0.0,0,0,3,OPEN,180215.383,Business & Industrial - Business / Retail - Racks / Shelving | Business & Industrial - Business / Retail | Business & Industrial,"Double Sided A Frame Wood Rack 10’ x 93""",https://hibid.com/lot/323836603
391,323836604,178971,0.0,0,0,4,OPEN,180225.38,Business & Industrial - Business / Retail - Racks / Shelving | Business & Industrial - Business / Retail | Business & Industrial,"Double Sided A Frame Rack 102""X 90”",https://hibid.com/lot/323836604
392,323836605,178972,0.0,0,0,4,OPEN,180235.38,Lawn & Garden - Outdoors | Lawn & Garden,Double Sided A Frame Mounted On A Steel Frame,https://hibid.com/lot/323836605
393,323836606,178973,0.0,0,0,4,OPEN,180245.37699999998,Business & Industrial - Business / Retail - Racks / Shelving | Business & Industrial - Business / Retail | Business & Industrial,"Oak Stand Up Rack 60X 48 X 90""",https://hibid.com/lot/323836606
394,323836607,178974,0.0,0,0,4,OPEN,180255.373,Business & Industrial - Business / Retail - Racks / Shelving | Business & Industrial - Business / Retail | Business & Industrial,wood A Frame With 24in Center Rack,https://hibid.com/lot/323836607
395,323836608,178975,0.0,0,0,6,OPEN,180265.37,Construction & Farm - Storage Bins - Liquid/Dry | Construction & Farm,55 Gallon Blue Plastic Drums (3),https://hibid.com/lot/323836608
396,323836609,178976,0.0,0,0,4,OPEN,180275.36299999998,Business & Industrial - Business / Retail - Racks / Shelving | Business & Industrial - Business / Retail | Business & Industrial,Metal Shelving Unit 6 Shelves 36 X 13 X90,https://hibid.com/lot/323836609
397,323836610,178977,0.0,0,0,5,OPEN,180285.36,Business & Industrial - Business / Retail - Racks / Shelving | Business & Industrial - Business / Retail | Business & Industrial,Rolling Rack,https://hibid.com/lot/323836610
398,323836611,178978,0.0,0,0,4,OPEN,180295.357,Construction & Farm - Shop / Warehouse - Safety | Construction & Farm - Shop / Warehouse | Construction & Farm,36In Roll Self Adhesive Safety Backer,https://hibid.com/lot/323836611
399,323836612,178979,3.0,0,2,5,OPEN,180305.353,Business & Industrial - Business / Retail - Racks / Shelving | Business & Industrial - Business / Retail | Business & Industrial,Metal Shelving Units 4 Wood Shelves (2),https://hibid.com/lot/323836612
400,323836613,178980,2.0,0,1,3,OPEN,180315.353,Construction & Farm - Building Supplies - Building Hardware | Construction & Farm - Building Supplies | Construction & Farm,"83"" Silver Aluminum Full Mortise Continuous Hinge",https://hibid.com/lot/323836613
401,323836614,178981,2.0,0,1,5,OPEN,180324.13999999998,Construction & Farm - Shop / Warehouse - Parts / Accessories | Construction & Farm - Shop / Warehouse | Construction & Farm,"96"" Silver Surface Mount Continuous Hinge Can Be",https://hibid.com/lot/323836614
402,323836615,178982,0.0,0,0,5,OPEN,180334.13999999998,Furniture - Sofas / Loveseats / Benches | Furniture,Wooden Bench W/A Shelf Mount Back,https://hibid.com/lot/323836615
403,323836616,178983,0.0,0,0,3,OPEN,180344.137,Construction & Farm - Shop / Warehouse - Parts / Accessories | Construction & Farm - Shop / Warehouse | Construction & Farm,Aluminum Tube 4 X 4 X 178,https://hibid.com/lot/323836616
404,323836617,178984,0.0,0,0,3,OPEN,180354.133,Construction & Farm - Building Supplies - Other Building Materials | Construction & Farm - Building Supplies | Construction & Farm,Pre punched Aluminum Channel (2),https://hibid.com/lot/323836617
405,323836618,178985,0.0,0,0,3,OPEN,180364.13,Lawn & Garden - Tools/Hand held items - Hand Tools | Lawn & Garden - Tools/Hand held items | Lawn & Garden,Aluminum Bar 1 1/2 X 1/2 X 17FT,https://hibid.com/lot/323836618
406,323836619,178986,0.0,0,0,3,OPEN,180374.12699999998,Business & Industrial - Restaurant / Food Industry - Pans / Sheets | Business & Industrial - Restaurant / Food Industry | Business & Industrial,Stainless Steel Pieces (15),https://hibid.com/lot/323836619
407,323836620,178987,0.0,0,0,3,OPEN,180384.12699999998,Construction & Farm - Building Supplies - Other Building Materials | Construction & Farm - Building Supplies | Construction & Farm,Aluminum Threshold 21 X 4,https://hibid.com/lot/323836620
408,323836621,178988,0.0,0,0,3,OPEN,180394.123,Art - Sculptures / Carvings / Statues | Art,Aluminum Door Stop 36 X 84,https://hibid.com/lot/323836621
409,323836622,178989,0.0,0,0,3,OPEN,180404.12,Construction & Farm - Building Supplies - Other Building Materials | Construction & Farm - Building Supplies | Construction & Farm,Aluminum Angle Dark Bronze 1X 1X 90,https://hibid.com/lot/323836622
410,323836623,178990,0.0,0,0,3,OPEN,180414.12,Construction & Farm - Building Supplies - Other Building Materials | Construction & Farm - Building Supplies | Construction & Farm,Aluminum Channel Dark Bronze 1/2 X 1/2 X 128,https://hibid.com/lot/323836623
411,323836624,178991,3.0,0,2,3,OPEN,180424.117,Construction & Farm - Building Supplies - Other Building Materials | Construction & Farm - Building Supplies | Construction & Farm,Phenolic Straight Edge Blue (2) 3X6,https://hibid.com/lot/323836624
412,323836625,178992,2.0,0,1,3,OPEN,180434.11299999998,Construction & Farm - Building Supplies - Other Building Materials | Construction & Farm - Building Supplies | Construction & Farm,Phenolic Straight Edge Red 3X 10,https://hibid.com/lot/323836625
413,323836626,178993,0.0,0,0,3,OPEN,180444.107,Construction & Farm - Building Supplies - Other Building Materials | Construction & Farm - Building Supplies | Construction & Farm,Phenolic Straight Edge Black 3X10,https://hibid.com/lot/323836626
414,323836627,178994,3.0,0,2,4,OPEN,180454.11,Construction & Farm - Building Supplies - Other Building Materials | Construction & Farm - Building Supplies | Construction & Farm,White Drip Edge 10FT (20),https://hibid.com/lot/323836627
415,323836628,178995,0.0,0,0,4,OPEN,180464.107,Construction & Farm - Building Supplies - Other Building Materials | Construction & Farm - Building Supplies | Construction & Farm,Tan Steel Flashing 10FT (5),https://hibid.com/lot/323836628
416,323836629,178996,0.0,0,0,3,OPEN,180474.103,Construction & Farm - Building Supplies - Moulding | Construction & Farm - Building Supplies | Construction & Farm,Colonial Casing Pre Finished Dark (4),https://hibid.com/lot/323836629
417,323836630,178997,0.0,0,0,4,OPEN,180484.1,Construction & Farm - Building Supplies - Moulding | Construction & Farm - Building Supplies | Construction & Farm,Jamb Extensions Pre Finished Dark (4),https://hibid.com/lot/323836630
418,323836631,178998,0.0,0,0,3,OPEN,180494.09699999998,Construction & Farm - Building Supplies - Moulding | Construction & Farm - Building Supplies | Construction & Farm,Jamb Extensions Pre Finished Dark (4),https://hibid.com/lot/323836631
419,323836632,178999,0.0,0,0,3,OPEN,180504.09699999998,Construction & Farm - Building Supplies - Moulding | Construction & Farm - Building Supplies | Construction & Farm,Jamb Extensions Pre Finished Dark (4),https://hibid.com/lot/323836632
420,323836633,179000,0.0,0,0,3,OPEN,180514.093,Construction & Farm - Building Supplies - Moulding | Construction & Farm - Building Supplies | Construction & Farm,13FT Colonial Casing Pre Finished Dark,https://hibid.com/lot/323836633
421,323836634,179001,2.0,0,1,3,OPEN,180524.09,Construction & Farm - Shop / Warehouse - Parts / Accessories | Construction & Farm - Shop / Warehouse | Construction & Farm,"Aluminum Tube 2 X 2 X 150""",https://hibid.com/lot/323836634
422,323836635,179002,0.0,0,0,3,OPEN,180534.087,Lawn & Garden - Tools/Hand held items - Hand Tools | Lawn & Garden - Tools/Hand held items | Lawn & Garden,Wooden Straight Edge Measuring Stick 3X96 Brass,https://hibid.com/lot/323836635
423,323836636,179003,0.0,0,0,4,OPEN,180544.08299999998,Lawn & Garden - Tools/Hand held items - Hand Tools | Lawn & Garden - Tools/Hand held items | Lawn & Garden,Wooden Straight Edge Measuring Stick With Brass,https://hibid.com/lot/323836636
424,323836637,179004,0.0,0,0,3,OPEN,180554.08,Construction & Farm - Building Supplies - Other Building Materials | Construction & Farm - Building Supplies | Construction & Farm,Stainless Steel Channel 5 Pieces,https://hibid.com/lot/323836637
425,323836638,179005,0.0,0,0,4,OPEN,180564.08,Construction & Farm - Building Supplies - Other Building Materials | Construction & Farm - Building Supplies | Construction & Farm,Outside Corner Or Angle Trim (14),https://hibid.com/lot/323836638
426,323836639,179006,0.0,0,0,4,OPEN,180574.077,Toys - Trains / Railroad | Toys,Metal Rail Or Track W/Holes,https://hibid.com/lot/323836639
427,323836640,179007,0.0,0,0,4,OPEN,180584.06999999998,Lawn & Garden - Tools/Hand held items - Hand Tools | Lawn & Garden - Tools/Hand held items | Lawn & Garden,Long Flat Metal Bar Assembly Adjustable Sliding,https://hibid.com/lot/323836640
428,323836641,179008,0.0,0,0,5,OPEN,180594.06999999998,Construction & Farm - Shop / Warehouse - Ladders / Scaffolding | Construction & Farm - Shop / Warehouse | Construction & Farm,10’ Jet Ladder StorageRack For A Van,https://hibid.com/lot/323836641
429,323836642,179009,0.0,0,0,4,OPEN,180604.06999999998,Construction & Farm - Shop / Warehouse - Automotive | Construction & Farm - Shop / Warehouse | Construction & Farm,Classic /Antique Car Door Weather Stripping PCS,https://hibid.com/lot/323836642
430,323836643,179010,3.0,0,2,3,OPEN,180614.06699999998,Furniture - Deck / Patio | Furniture,Patio Screen Kit White 36 1/2 X 80 1/2,https://hibid.com/lot/323836643
431,323836644,179011,0.0,0,0,6,OPEN,180624.063,Business & Industrial - Buildings | Business & Industrial,Vinyl Clad Brickmold,https://hibid.com/lot/323836644
432,323836645,179012,2.0,0,1,3,OPEN,180634.06,Construction & Farm - Shop / Warehouse - Pipe Bending / Threading | Construction & Farm - Shop / Warehouse | Construction & Farm,Threaded Rods (3),https://hibid.com/lot/323836645
433,323836646,179013,4.0,0,3,4,OPEN,180644.057,Lawn & Garden - Outdoors | Lawn & Garden,48In Fiberglass Driveway Markers (4),https://hibid.com/lot/323836646
434,323836647,179014,0.0,0,0,5,OPEN,180654.057,Home Goods & Decor - Home Goods - Bed / Bath Items | Home Goods & Decor - Home Goods | Home Goods & Decor,Push Pull For 36In Aluminum DoorDark Bronze,https://hibid.com/lot/323836647
435,323836648,179015,0.0,0,0,3,OPEN,180664.05299999999,Construction & Farm - Building Supplies - Doors | Construction & Farm - Building Supplies | Construction & Farm,Push Pull For 36In Aluminum Door,https://hibid.com/lot/323836648
436,323836649,179016,0.0,0,0,4,OPEN,180674.05,Construction & Farm - Building Supplies - Doors | Construction & Farm - Building Supplies | Construction & Farm,Push Pull For 48In Aluminum Door Dark Bronze,https://hibid.com/lot/323836649
437,323836650,179017,0.0,0,0,3,OPEN,180684.047,Construction & Farm - Building Supplies - Doors | Construction & Farm - Building Supplies | Construction & Farm,Push Pull For 36 Aluminum Door Silver,https://hibid.com/lot/323836650
438,323836651,179018,0.0,0,0,4,OPEN,180694.043,Construction & Farm - Building Supplies - Doors | Construction & Farm - Building Supplies | Construction & Farm,Push Pull For 36In Aluminum Door Champagne Bronze,https://hibid.com/lot/323836651
439,323836652,179019,0.0,0,0,4,OPEN,180704.043,Home Goods & Decor - Home Goods - Kitchen / Housewares | Home Goods & Decor - Home Goods | Home Goods & Decor,Pull Only Dark Bronze,https://hibid.com/lot/323836652
440,323836653,179020,0.0,0,0,3,OPEN,180714.03999999998,Lawn & Garden - Tools/Hand held items - Hand Tools | Lawn & Garden - Tools/Hand held items | Lawn & Garden,36 In Panic Bar,https://hibid.com/lot/323836653
441,323836654,179021,0.0,0,0,4,OPEN,180724.03699999998,Lawn & Garden - Tools/Hand held items - Hand Tools | Lawn & Garden - Tools/Hand held items | Lawn & Garden,36In Panic Bar,https://hibid.com/lot/323836654
442,323836655,179022,0.0,0,0,4,OPEN,180734.033,Construction & Farm - Building Supplies - Doors | Construction & Farm - Building Supplies | Construction & Farm,#992 Roll-EZY Ball Bearing Track Assembly 48In,https://hibid.com/lot/323836655
443,323836656,179023,0.0,0,0,4,OPEN,180744.03,Construction & Farm - Building Supplies - Doors | Construction & Farm - Building Supplies | Construction & Farm,#992 Roll-EZY Ball Bearing Track Assembly 36In,https://hibid.com/lot/323836656
444,323836657,179024,0.0,0,0,3,OPEN,180754.027,Construction & Farm - Shop / Warehouse - Automotive | Construction & Farm - Shop / Warehouse | Construction & Farm,#992 Roll-EZY Ball Bearing Track Assembly 48In,https://hibid.com/lot/323836657
445,323836658,179025,0.0,0,0,5,OPEN,180764.027,Home Goods & Decor - Home Goods - Bed / Bath Items | Home Goods & Decor - Home Goods | Home Goods & Decor,Shower Door Bottom Sweep For 3/8 Glass,https://hibid.com/lot/323836658
446,323836659,179026,0.0,0,0,4,OPEN,180774.023,Construction & Farm - Building Supplies - Doors | Construction & Farm - Building Supplies | Construction & Farm,Door Bottom Expanders For 1 3/8 X 36 Door,https://hibid.com/lot/323836659
447,323836660,179027,0.0,0,0,4,OPEN,180784.02,Construction & Farm - Building Supplies - Doors | Construction & Farm - Building Supplies | Construction & Farm,Automatic Door Bottom 36In (2),https://hibid.com/lot/323836660
448,323836661,179028,0.0,0,0,4,OPEN,180794.02,Home Goods & Decor - Home Goods - Lighting - Light Bulbs | Home Goods & Decor - Home Goods - Lighting | Home Goods & Decor - Home Goods | Home Goods & Decor,Straight T12 GE Fluorescent 48In Lightbulbs(18),https://hibid.com/lot/323836661
449,323836662,179029,0.0,0,0,3,OPEN,180804.017,Construction & Farm - Building Supplies - Other Building Materials | Construction & Farm - Building Supplies | Construction & Farm,Aluminum Threshold 36In X 4In (12),https://hibid.com/lot/323836662
450,323836663,179030,0.0,0,0,3,OPEN,180814.013,Construction & Farm - Building Supplies - Other Building Materials | Construction & Farm - Building Supplies | Construction & Farm,Low Profile Aluminum Threshold 44In X 4In,https://hibid.com/lot/323836663
451,323836664,179031,0.0,0,0,3,OPEN,180824.00999999998,Construction & Farm - Building Supplies - Other Building Materials | Construction & Farm - Building Supplies | Construction & Farm,Aluminum Threshold Dark Bronze 72In X 4In,https://hibid.com/lot/323836664
452,323836665,179032,0.0,0,0,3,OPEN,180834.00699999998,Construction & Farm - Building Supplies - Other Building Materials | Construction & Farm - Building Supplies | Construction & Farm,Low Profile Aluminum Threshold 36In X 5in,https://hibid.com/lot/323836665
453,323836666,179033,2.0,0,1,3,OPEN,180844.003,Construction & Farm - Building Supplies - Other Building Materials | Construction & Farm - Building Supplies | Construction & Farm,Thermally Broken Aluminum Threshold 36In X 7In,https://hibid.com/lot/323836666
454,323836667,179034,0.0,0,0,4,OPEN,180854.003,Construction & Farm - Building Supplies - Other Building Materials | Construction & Farm - Building Supplies | Construction & Farm,Door Sweeps/Rubber Bottom Silver 36In (8),https://hibid.com/lot/323836667
455,323836668,179035,0.0,0,0,3,OPEN,180864,Home Goods & Decor - Home Goods - Kitchen / Housewares | Home Goods & Decor - Home Goods | Home Goods & Decor,Door Sweeps Brush Bottom Silver 48In (2),https://hibid.com/lot/323836668
456,323836669,179036,0.0,0,0,4,OPEN,180873.997,Construction & Farm - Building Supplies - Other Building Materials | Construction & Farm - Building Supplies | Construction & Farm,48In Door Sweeps W/Rubber Bottom (4),https://hibid.com/lot/323836669
457,323836670,179037,0.0,0,0,4,OPEN,180883.993,Construction & Farm - Building Supplies - Doors | Construction & Farm - Building Supplies | Construction & Farm,36In Door Sweeps W/Brush Bottom (3),https://hibid.com/lot/323836670
458,323836671,179038,0.0,0,0,3,OPEN,180893.99,Construction & Farm - Building Supplies - Doors | Construction & Farm - Building Supplies | Construction & Farm,36In Door Sweeps W/Rubber Bottom Dark Bronze(4),https://hibid.com/lot/323836671
459,323836672,179039,0.0,0,0,3,OPEN,180903.99,Construction & Farm - Building Supplies - Doors | Construction & Farm - Building Supplies | Construction & Farm,Steel Door Weatherstripping 3 Sets 36X84,https://hibid.com/lot/323836672
460,323836673,179040,0.0,0,0,5,OPEN,180913.987,Construction & Farm - Shop / Warehouse - Workbenches / Tables | Construction & Farm - Shop / Warehouse | Construction & Farm,"10’ X 12’ Steel Framed Table 6"" Wheels Wired",https://hibid.com/lot/323836673
461,323836674,179041,0.0,0,0,4,OPEN,180923.98299999998,Construction & Farm - Shop / Warehouse - Workbenches / Tables | Construction & Farm - Shop / Warehouse | Construction & Farm,7’ X 8’ Rolling & Tilting Table,https://hibid.com/lot/323836674
462,323836675,179042,0.0,0,0,7,OPEN,180933.97999999998,Home Goods & Decor - Home Goods - Kitchen / Housewares | Home Goods & Decor - Home Goods | Home Goods & Decor,Specialty Glass Cap Pieces (8),https://hibid.com/lot/323836675
463,323836676,179043,0.0,0,0,4,OPEN,180943.97699999998,Antiques & Collectibles - Collectibles - Kitchen / Home | Antiques & Collectibles - Collectibles | Antiques & Collectibles,Specialty Glass Aquatex,https://hibid.com/lot/323836676
464,323836677,179044,0.0,0,0,6,OPEN,180953.973,Home Goods & Decor - Home Goods - Kitchen / Housewares | Home Goods & Decor - Home Goods | Home Goods & Decor,Specialty Glass Pattern #62,https://hibid.com/lot/323836677
465,323836678,179045,0.0,0,0,11,OPEN,180963.97,Home Goods & Decor - Home Goods - Kitchen / Housewares | Home Goods & Decor - Home Goods | Home Goods & Decor,Specialty Glass Seedy,https://hibid.com/lot/323836678
466,323836679,179046,0.0,0,0,6,OPEN,180973.97,Home Goods & Decor - Home Goods - Kitchen / Housewares | Home Goods & Decor - Home Goods | Home Goods & Decor,"Specialty Glass 3/8"" Clear Plate",https://hibid.com/lot/323836679
467,323836680,179047,0.0,0,0,4,OPEN,180983.967,Business & Industrial - Business / Retail - Racks / Shelving | Business & Industrial - Business / Retail | Business & Industrial,36x54 Carpeted Rack,https://hibid.com/lot/323836680
468,323836681,179048,0.0,0,0,5,OPEN,180993.963,Construction & Farm - Building Supplies - Other Building Materials | Construction & Farm - Building Supplies | Construction & Farm,"33.5"" x 21..5"" x 3 Glass Block Panel",https://hibid.com/lot/323836681
469,323836682,179049,0.0,0,0,6,OPEN,181003.96,Business & Industrial - Business / Retail - Racks / Shelving | Business & Industrial - Business / Retail | Business & Industrial,Wooden Rack 48In X 48In,https://hibid.com/lot/323836682
470,323836683,179050,2.0,0,1,5,OPEN,181013.957,Lawn & Garden - Tools/Hand held items - Hand Tools | Lawn & Garden - Tools/Hand held items | Lawn & Garden,Screen Table Jig Set W/12 Clips New In Box,https://hibid.com/lot/323836683
471,323836684,179051,0.0,0,0,4,OPEN,181023.95299999998,Home Goods & Decor - Home Goods - Kitchen / Housewares | Home Goods & Decor - Home Goods | Home Goods & Decor,Specialty Glass 1/8In Bronze,https://hibid.com/lot/323836684
472,323836685,179052,0.0,0,0,4,OPEN,181033.94999999998,Home Goods & Decor - Home Goods - Kitchen / Housewares | Home Goods & Decor - Home Goods | Home Goods & Decor,Specialty Glass 1/4 In Gray,https://hibid.com/lot/323836685
473,323836686,179053,2.0,0,1,4,OPEN,181043.947,Construction & Farm - Building Supplies - Other Building Materials | Construction & Farm - Building Supplies | Construction & Farm,Specialty Plexiglass 1/8In Dark Gray,https://hibid.com/lot/323836686
474,323836687,179054,0.0,0,0,5,OPEN,181053.943,Furniture - Tables | Furniture,"Wooden Table Carpeted Top 8’ X 4’ X 33""",https://hibid.com/lot/323836687
475,323836688,179055,24.0,0,6,5,OPEN,181063.94,Construction & Farm - Building Supplies - Windows | Construction & Farm - Building Supplies | Construction & Farm,Double Hung White Windows 34 1/8 X 60 1/2 (2),https://hibid.com/lot/323836688
476,323836689,179056,0.0,0,0,4,OPEN,181073.937,Construction & Farm - Building Supplies - Windows | Construction & Farm - Building Supplies | Construction & Farm,Casement White Window 32 5/8 X 42 1/4,https://hibid.com/lot/323836689
477,323836690,179057,0.0,0,0,4,OPEN,181083.92299999998,Construction & Farm - Building Supplies - Windows | Construction & Farm - Building Supplies | Construction & Farm,White Picture Window 51 1/2 X 58,https://hibid.com/lot/323836690
478,323836691,179058,0.0,0,0,3,OPEN,181093.92299999998,Construction & Farm - Building Supplies - Doors | Construction & Farm - Building Supplies | Construction & Farm,Tempered Door Lite W/Grids 22X64,https://hibid.com/lot/323836691
479,323836692,179059,0.0,0,0,3,OPEN,181103.91999999998,Construction & Farm - Building Supplies - Doors | Construction & Farm - Building Supplies | Construction & Farm,"Steel Door Lite Kit , No Glass Steel Frame 23X29",https://hibid.com/lot/323836692
480,323836693,179060,0.0,0,0,3,OPEN,181113.917,Construction & Farm - Building Supplies - Doors | Construction & Farm - Building Supplies | Construction & Farm,Tempered Door Glass 8 X 36 X 1/2 (2),https://hibid.com/lot/323836693
481,323836694,179061,0.0,0,0,3,OPEN,181123.91,Construction & Farm - Building Supplies - Doors | Construction & Farm - Building Supplies | Construction & Farm,White Door Lite Kits 20X64 (3) Tempered Glass,https://hibid.com/lot/323836694
482,323836695,179062,4.0,0,3,3,OPEN,181133.91,Construction & Farm - Building Supplies - Doors | Construction & Farm - Building Supplies | Construction & Farm,White Door Lite Kit 22 X 36 Internal Blinds,https://hibid.com/lot/323836695
483,323836696,179063,5.0,0,3,4,OPEN,181143.90699999998,Construction & Farm - Building Supplies - Windows | Construction & Farm - Building Supplies | Construction & Farm,White Double Hung Window 27 3/4 X 46 1/2,https://hibid.com/lot/323836696
484,323836697,179064,2.0,0,1,4,OPEN,181153.9,Construction & Farm - Building Supplies - Windows | Construction & Farm - Building Supplies | Construction & Farm,White Double Hung Window 24 X 58 3/4,https://hibid.com/lot/323836697
485,323836698,179065,3.0,0,2,5,OPEN,181163.9,Construction & Farm - Building Supplies - Windows | Construction & Farm - Building Supplies | Construction & Farm,White Double Hung Windows 23 3/4 X 46 (2),https://hibid.com/lot/323836698
486,323836699,179066,4.0,0,2,5,OPEN,181173.9,Construction & Farm - Building Supplies - Windows | Construction & Farm - Building Supplies | Construction & Farm,White Double Hung Windows 27X52 (2),https://hibid.com/lot/323836699
487,323836700,179067,2.0,0,1,4,OPEN,181183.897,Construction & Farm - Building Supplies - Windows | Construction & Farm - Building Supplies | Construction & Farm,Tan Out Woodgrain In Double Slide 30X36 Window,https://hibid.com/lot/323836700
488,323836701,179068,2.0,0,1,3,OPEN,181193.89299999998,Construction & Farm - Building Supplies - Windows | Construction & Farm - Building Supplies | Construction & Farm,Picture Window W/14In Tall Half Round Top,https://hibid.com/lot/323836701
489,323836702,179069,16.0,0,7,3,OPEN,181203.88999999998,Construction & Farm - Building Supplies - Windows | Construction & Farm - Building Supplies | Construction & Farm,White Double Hung Windows 38X65 W/Grids,https://hibid.com/lot/323836702
490,323836703,179070,0.0,0,0,3,OPEN,181213.88999999998,Construction & Farm - Building Supplies - Windows | Construction & Farm - Building Supplies | Construction & Farm,Tan Single Hung Windows 28 1/2 X84 (3),https://hibid.com/lot/323836703
491,323836704,179071,0.0,0,0,3,OPEN,181223.887,Construction & Farm - Building Supplies - Windows | Construction & Farm - Building Supplies | Construction & Farm,Aluminum Single Hung Window 40X58 Dark Bronze,https://hibid.com/lot/323836704
492,323836705,179072,2.0,0,1,4,OPEN,181233.883,Construction & Farm - Building Supplies - Windows | Construction & Farm - Building Supplies | Construction & Farm,White Double Hung Window 41 3/4 X 52,https://hibid.com/lot/323836705
493,323836706,179073,2.0,0,1,4,OPEN,181243.88,Construction & Farm - Building Supplies - Windows | Construction & Farm - Building Supplies | Construction & Farm,White Picture Window 46 1/4 X 46 1/4,https://hibid.com/lot/323836706
494,323836707,179074,2.0,0,1,3,OPEN,181253.87699999998,Construction & Farm - Building Supplies - Windows | Construction & Farm - Building Supplies | Construction & Farm,White Double Hung Window 36 X 42 1/4,https://hibid.com/lot/323836707
495,323836708,179075,2.0,0,1,3,OPEN,181263.87699999998,Construction & Farm - Building Supplies - Windows | Construction & Farm - Building Supplies | Construction & Farm,White Double Hung Window 40X 50 1/4,https://hibid.com/lot/323836708
496,323836709,179076,0.0,0,0,3,OPEN,181273.873,Construction & Farm - Building Supplies - Windows | Construction & Farm - Building Supplies | Construction & Farm,White Awning Window 36X36 Lowe/Argon,https://hibid.com/lot/323836709
497,323836710,179077,2.0,0,1,3,OPEN,181283.87,Construction & Farm - Building Supplies - Windows | Construction & Farm - Building Supplies | Construction & Farm,Double Hung Windows 45 7/8 X 57 1/2 (2),https://hibid.com/lot/323836710
498,323836711,179078,4.0,0,2,4,OPEN,181293.87,Construction & Farm - Building Supplies - Windows | Construction & Farm - Building Supplies | Construction & Farm,Double Hung Windows 45 X 45 1/4 (3),https://hibid.com/lot/323836711
499,323836712,179079,2.0,0,1,4,OPEN,181303.867,Construction & Farm - Building Supplies - Windows | Construction & Farm - Building Supplies | Construction & Farm,Double Hung Windows 37 1/2 X 57 (2),https://hibid.com/lot/323836712
500,323836713,179080,0.0,0,0,3,OPEN,181313.86299999998,Construction & Farm - Building Supplies - Windows | Construction & Farm - Building Supplies | Construction & Farm,Double Slider Window 36 X 39,https://hibid.com/lot/323836713
501,323836714,186360,2.0,0,1,3,OPEN,181322.65699999998,Construction & Farm - Building Supplies - Windows | Construction & Farm - Building Supplies | Construction & Farm,White Double Hung Window 35 7/8 X 57 1/2,https://hibid.com/lot/323836714
502,323836715,186361,0.0,0,0,3,OPEN,181332.653,Construction & Farm - Building Supplies - Windows | Construction & Farm - Building Supplies | Construction & Farm,White Picture Window Casement 48 X 48,https://hibid.com/lot/323836715
503,323836716,186362,0.0,0,0,3,OPEN,181342.653,Construction & Farm - Building Supplies - Windows | Construction & Farm - Building Supplies | Construction & Farm,Tan 2 Lite Window Casement 45X36,https://hibid.com/lot/323836716
504,323836717,186363,0.0,0,0,4,OPEN,181352.65,Construction & Farm - Building Supplies - Windows | Construction & Farm - Building Supplies | Construction & Farm,White Single Slide Window 61X 35 3/4,https://hibid.com/lot/323836717
505,323836718,186364,0.0,0,0,4,OPEN,181362.647,Construction & Farm - Building Supplies - Windows | Construction & Farm - Building Supplies | Construction & Farm,White Picture Windows 38 1/2 X 62 1/2 (2),https://hibid.com/lot/323836718
506,323836719,186365,5.0,0,3,4,OPEN,181372.64299999998,Construction & Farm - Building Supplies - Windows | Construction & Farm - Building Supplies | Construction & Farm,White Double Hung Windows White Grid Tops,https://hibid.com/lot/323836719
507,323836720,186366,2.0,0,1,5,OPEN,181382.63999999998,Construction & Farm - Building Supplies - Windows | Construction & Farm - Building Supplies | Construction & Farm,White Tempered Glass Casement 30 X 74 3/4,https://hibid.com/lot/323836720
508,323836721,186367,2.0,0,1,4,OPEN,181392.637,Construction & Farm - Building Supplies - Windows | Construction & Farm - Building Supplies | Construction & Farm,Double Hung Window 27 3/8 X 39 1/2,https://hibid.com/lot/323836721
509,323836722,186368,0.0,0,0,3,OPEN,181402.633,Home Goods & Decor - Home Goods - Other Items - Other,Silver Aluminum Single Slide 24 X 36,https://hibid.com/lot/323836722
510,323836723,186369,0.0,0,0,4,OPEN,181412.63,Construction & Farm - Building Supplies - Windows | Construction & Farm - Building Supplies | Construction & Farm,White Double Hung Window 19X28,https://hibid.com/lot/323836723
511,323836724,186370,0.0,0,0,3,OPEN,181422.62699999998,Construction & Farm - Building Supplies - Windows | Construction & Farm - Building Supplies | Construction & Farm,21 X 31 Casement Window Prairie Grids,https://hibid.com/lot/323836724
512,323836725,186371,0.0,0,0,3,OPEN,181432.62699999998,Art - Prints / Lithographs | Art,"25 X 23 1/2 Hopper Yellow Out, White Inside",https://hibid.com/lot/323836725
513,323836726,186372,2.0,0,1,4,OPEN,181442.623,Construction & Farm - Building Supplies - Windows | Construction & Farm - Building Supplies | Construction & Farm,White Single Slide Window 34 X 20,https://hibid.com/lot/323836726
514,323836727,186373,2.0,0,1,5,OPEN,181452.62,Construction & Farm - Building Supplies - Windows | Construction & Farm - Building Supplies | Construction & Farm,"Double Slide Window 50 X 25 Tan Outside, White",https://hibid.com/lot/323836727
515,323836728,186374,2.0,0,1,4,OPEN,181462.62,Construction & Farm - Building Supplies - Windows | Construction & Farm - Building Supplies | Construction & Farm,"Double Slide Window 48X 20 3/8 Tan Outside, White",https://hibid.com/lot/323836728
516,323836729,186375,0.0,0,0,4,OPEN,181472.617,Construction & Farm - Building Supplies - Windows | Construction & Farm - Building Supplies | Construction & Farm,"Awning 25 X 23 Window Cocoa Outside, White Inside",https://hibid.com/lot/323836729
517,323836730,186376,0.0,0,0,4,OPEN,181482.61,Construction & Farm - Building Supplies - Windows | Construction & Farm - Building Supplies | Construction & Farm,White Picture Windows 32X23 (2),https://hibid.com/lot/323836730
518,323836731,186377,2.0,0,1,3,OPEN,181492.61,Home Goods & Decor - Home Goods - Kitchen / Housewares | Home Goods & Decor - Home Goods | Home Goods & Decor,"Glass Blocks(14), Vertical Spacers",https://hibid.com/lot/323836731
519,323836732,186378,0.0,0,0,3,OPEN,181502.607,Construction & Farm - Building Supplies - Windows | Construction & Farm - Building Supplies | Construction & Farm,Tan Single Slide Window 43 1/2 X 23 1/2 W/Nail Fin,https://hibid.com/lot/323836732
520,323836733,186379,2.0,0,1,3,OPEN,181512.607,Construction & Farm - Building Supplies - Windows | Construction & Farm - Building Supplies | Construction & Farm,White Double Hung Window 27 1/2 X 35 1/2 Grid Top,https://hibid.com/lot/323836733
521,323836734,186380,2.0,0,1,4,OPEN,181522.603,Construction & Farm - Building Supplies - Windows | Construction & Farm - Building Supplies | Construction & Farm,Window Casement 27 1/2 X 35 1/2 Grids,https://hibid.com/lot/323836734
522,323836735,186381,4.0,0,3,4,OPEN,181532.59699999998,Construction & Farm - Building Supplies - Windows | Construction & Farm - Building Supplies | Construction & Farm,White Single Slide Windows 32 X 19 1/4 (4),https://hibid.com/lot/323836735
523,323836736,186382,0.0,0,0,3,OPEN,181542.59699999998,Construction & Farm - Building Supplies - Windows | Construction & Farm - Building Supplies | Construction & Farm,White Picture Window 58 1/2 X 39,https://hibid.com/lot/323836736
524,323836737,186383,0.0,0,0,3,OPEN,181552.593,Construction & Farm - Building Supplies - Windows | Construction & Farm - Building Supplies | Construction & Farm,White Picture Window 48 X 40,https://hibid.com/lot/323836737
525,323836738,186384,2.0,0,1,5,OPEN,181562.59,Construction & Farm - Building Supplies - Windows | Construction & Farm - Building Supplies | Construction & Farm,White Double Slide Windows 30 X 25 3/4 (2),https://hibid.com/lot/323836738
526,323836739,186385,2.0,0,1,4,OPEN,181572.58299999998,Construction & Farm - Building Supplies - Windows | Construction & Farm - Building Supplies | Construction & Farm,"Double Hung Window 24 X 48 White Outside,",https://hibid.com/lot/323836739
527,323836740,186386,0.0,0,0,3,OPEN,181582.577,Construction & Farm - Building Supplies - Windows | Construction & Farm - Building Supplies | Construction & Farm,White Casements 19 X 33 W/Grids (2),https://hibid.com/lot/323836740
528,323836741,186387,0.0,0,0,3,OPEN,181592.58,Construction & Farm - Building Supplies - Windows | Construction & Farm - Building Supplies | Construction & Farm,Black Single Hung Window 20 X 30,https://hibid.com/lot/323836741
529,323836742,186388,2.0,0,1,4,OPEN,181602.577,Construction & Farm - Building Supplies - Windows | Construction & Farm - Building Supplies | Construction & Farm,White Acrylic Block Windows 34 X 18 (2) Nail Fin,https://hibid.com/lot/323836742
530,323836743,186389,2.0,0,1,5,OPEN,181612.573,Construction & Farm - Building Supplies - Doors | Construction & Farm - Building Supplies | Construction & Farm,"Patio Door 71 1/4 X 79 Woodgrain Inside, White",https://hibid.com/lot/323836743
531,323836744,186390,3.0,0,2,6,OPEN,181622.56999999998,Construction & Farm - Building Supplies - Windows | Construction & Farm - Building Supplies | Construction & Farm,4 Lite Bow Window 74 1/2 X 49 1/2 Woodgrain,https://hibid.com/lot/323836744
532,323836745,186391,5.0,0,5,4,OPEN,181632.563,Construction & Farm - Building Supplies - Windows | Construction & Farm - Building Supplies | Construction & Farm,"Bay Window 71 1/2 X 47 1/2 White Outside,",https://hibid.com/lot/323836745
533,323836746,186392,0.0,0,0,8,OPEN,181642.56699999998,Business & Industrial - Business / Retail - Point-of-Sale Equipment | Business & Industrial - Business / Retail | Business & Industrial,Service Counter W/Cash Drawer 116 X 26 X43,https://hibid.com/lot/323836746
534,323836747,186393,2.0,0,1,6,OPEN,181652.56,Business & Industrial - Business / Retail - Displays / Display Cases | Business & Industrial - Business / Retail | Business & Industrial,3 Tier Display Table,https://hibid.com/lot/323836747
535,323836748,186394,3.0,0,2,4,OPEN,181662.56,Furniture - Chairs / Stools | Furniture,Tan Folding Chairs(2) with Table,https://hibid.com/lot/323836748
536,323836749,186395,7.0,0,5,5,OPEN,181672.557,Furniture - Chairs / Stools | Furniture,Black Folding Chairs(3) with Folding Table,https://hibid.com/lot/323836749
537,323836750,186396,2.0,0,1,9,OPEN,181682.55299999999,Home Goods & Decor - Home Goods - Carpet / Rugs | Home Goods & Decor - Home Goods | Home Goods & Decor,Area Rugs,https://hibid.com/lot/323836750
538,323836751,186397,3.0,0,2,3,OPEN,181692.55,Home Goods & Decor - Home Goods - Carpet / Rugs | Home Goods & Decor - Home Goods | Home Goods & Decor,Anti-Fatigue Mat 72x24,https://hibid.com/lot/323836751
539,323836752,186398,3.0,0,2,5,OPEN,181702.55,Sporting Goods - Sporting Goods / Outdoor Recreation - Outdoor Games & Sports Equipment | Sporting Goods - Sporting Goods / Outdoor Recreation | Sporting Goods,"Indoor Putting Green, Collapsible Practice Net,",https://hibid.com/lot/323836752
539B,324926313,187335,12.0,0,5,2,OPEN,181712.547,Construction & Farm - Building Supplies - Lumber | Construction & Farm - Building Supplies | Construction & Farm,1-1/4 in Particle Board,https://hibid.com/lot/324926313
540,323836753,186399,0.0,0,0,7,OPEN,181722.53999999998,Furniture - Tables | Furniture,Drafting/Drawing Table,https://hibid.com/lot/323836753
541,323836754,186400,4.0,0,3,10,OPEN,181732.53999999998,Furniture - Trunks / Chests | Furniture,Wooden Chest with No Lock,https://hibid.com/lot/323836754
542,323836755,186401,0.0,0,0,7,OPEN,181742.53699999998,Business & Industrial - Business / Retail - Displays / Display Cases | Business & Industrial - Business / Retail | Business & Industrial,Rotating Door Display,https://hibid.com/lot/323836755
543,323836756,186402,0.0,0,0,7,OPEN,181752.53699999998,Business & Industrial - Business / Retail - Displays / Display Cases | Business & Industrial - Business / Retail | Business & Industrial,Rotating Door Display,https://hibid.com/lot/323836756
544,323836757,186403,16.0,0,9,8,OPEN,181762.53,Antiques & Collectibles - Collectibles - Decorative - Ornaments | Antiques & Collectibles - Collectibles - Decorative | Antiques & Collectibles - Collectibles | Antiques & Collectibles,"Light Up Snowman, Small Christmas Tree",https://hibid.com/lot/323836757
545,323836758,186404,2.0,0,1,9,OPEN,181772.53,Furniture - Cabinets | Furniture,Wesco 3 Drawer Filing Cabinet,https://hibid.com/lot/323836758
546,323836759,186405,2.0,0,1,6,OPEN,181782.523,Furniture - Cabinets | Furniture,Anderson Mickey 4 Drawer Filing Cabinet,https://hibid.com/lot/323836759
547,323836760,186406,2.0,0,1,9,OPEN,181792.523,Furniture - Cabinets | Furniture,Anderson Mickey Co. 4-Drawer Filing Cabinet,https://hibid.com/lot/323836760
548,323836761,186407,5.0,0,3,5,OPEN,181802.52,Business & Industrial - Business / Retail - Racks / Shelving | Business & Industrial - Business / Retail | Business & Industrial,Metal Rack 7 Shelves,https://hibid.com/lot/323836761
549,323836762,186408,2.0,0,1,6,OPEN,181812.52,Furniture - Desks / Home Office | Furniture,"Office Supplies: Staplers, 3 Hole Punch, Staples",https://hibid.com/lot/323836762
550,323836763,186409,2.0,0,1,6,OPEN,181822.513,Furniture - Desks / Home Office | Furniture,Office Paper,https://hibid.com/lot/323836763
551,323836764,186410,0.0,0,0,6,OPEN,181832.513,Furniture - Desks / Home Office | Furniture,File Organizers(3),https://hibid.com/lot/323836764
552,323836765,186411,2.0,0,1,5,OPEN,181842.50999999998,Furniture - Desks / Home Office | Furniture,File Organizers(3),https://hibid.com/lot/323836765
553,323836766,186412,0.0,0,0,3,OPEN,181852.50699999998,Antiques & Collectibles - Collectibles - Decorative - Vases / Jars | Antiques & Collectibles - Collectibles - Decorative | Antiques & Collectibles - Collectibles | Antiques & Collectibles,Clear Glass Apothecary Jar Glass Lid (36),https://hibid.com/lot/323836766
554,323836767,186413,0.0,0,0,3,OPEN,181862.50699999998,Antiques & Collectibles - Collectibles - Decorative - Vases / Jars | Antiques & Collectibles - Collectibles - Decorative | Antiques & Collectibles - Collectibles | Antiques & Collectibles,Clear Glass Apothecary Jar Glass Lid (36),https://hibid.com/lot/323836767
555,323836768,186414,0.0,0,0,3,OPEN,181872.503,Antiques & Collectibles - Collectibles - Decorative - Vases / Jars | Antiques & Collectibles - Collectibles - Decorative | Antiques & Collectibles - Collectibles | Antiques & Collectibles,"Clear Glass Apothecary Jar Glass Lid (19), C",https://hibid.com/lot/323836768
556,323836769,186415,0.0,0,0,5,OPEN,181882.503,Furniture - Desks / Home Office | Furniture,Desk W/Side Extension 42 X 19- 3 Drawers,https://hibid.com/lot/323836769
557,323836770,186416,2.0,0,1,7,OPEN,181892.497,Furniture - Cabinets | Furniture,Cabinet 68 X 14 X 37,https://hibid.com/lot/323836770
558,323836771,186417,2.0,0,1,4,OPEN,181902.497,Computers & Electronics - Computers - Peripherals - Printers / Scanners | Computers & Electronics - Computers - Peripherals | Computers & Electronics - Computers | Computers & Electronics,Brother Fax Machine W/Manual,https://hibid.com/lot/323836771
559,323836772,186418,3.0,0,2,4,OPEN,181912.49,Computers & Electronics - Computers - Peripherals - Printers / Scanners | Computers & Electronics - Computers - Peripherals | Computers & Electronics - Computers | Computers & Electronics,Brother Printer DCP-7040,https://hibid.com/lot/323836772
560,323836773,186419,0.0,0,0,5,OPEN,181922.49,Computers & Electronics - Computers - Peripherals - Printers / Scanners | Computers & Electronics - Computers - Peripherals | Computers & Electronics - Computers | Computers & Electronics,HP Ink Cartridges (3),https://hibid.com/lot/323836773
561,323836774,186420,2.0,0,1,3,OPEN,181932.49,Home Goods & Decor - Home Goods - Clocks | Home Goods & Decor - Home Goods | Home Goods & Decor,Wall Clock,https://hibid.com/lot/323836774
562,323836775,186421,2.0,0,1,8,OPEN,181942.487,Furniture - Cabinets | Furniture,28x16x72 2 Door Cabinet w/ lock,https://hibid.com/lot/323836775
563,323836776,186422,0.0,0,0,7,OPEN,181952.47999999998,Furniture - Cabinets | Furniture,36x18x27 Knoll 2 Drawer Filing Cabinet,https://hibid.com/lot/323836776
564,323836777,186423,2.0,0,1,6,OPEN,181962.47999999998,Furniture - Tables | Furniture,60x24x28 Table,https://hibid.com/lot/323836777
565,323836778,186424,2.0,0,1,4,OPEN,181972.47999999998,Lawn & Garden - Outdoors | Lawn & Garden,4x4 Elk Antlers,https://hibid.com/lot/323836778
566,323836779,186425,0.0,0,0,4,OPEN,181982.47699999998,Furniture - Mirrors | Furniture,"40""x26” Octagon Wall Mirror",https://hibid.com/lot/323836779
567,323836780,186426,0.0,0,0,6,OPEN,181992.473,Furniture - Tables | Furniture,Wooden Folding Table 68x24x31,https://hibid.com/lot/323836780
568,323836781,186427,2.0,0,1,7,OPEN,182002.467,Furniture - Cabinets | Furniture,15x16x69 Press Board Cabinet,https://hibid.com/lot/323836781
569,323836782,186428,0.0,0,0,7,OPEN,182012.467,Furniture - Cabinets | Furniture,15x25x29 Hon 2Drawer Filing Cabinet,https://hibid.com/lot/323836782
570,323836783,186429,2.0,0,1,5,OPEN,182022.46,Furniture - Cabinets | Furniture,30x16x60 Press Board 2 Door Cabinet,https://hibid.com/lot/323836783
571,323836784,186430,2.0,0,1,5,OPEN,182032.46,Furniture - Cabinets | Furniture,30x16x60 2 Door Cabinet,https://hibid.com/lot/323836784
572,323836785,186431,0.0,0,0,7,OPEN,182042.44999999998,Furniture - Desks / Home Office | Furniture,(2) 4 Drawer File Cabinets w/ Desk Top & Chair,https://hibid.com/lot/323836785
573,323836786,186432,2.0,0,1,6,OPEN,182052.457,Furniture - Desks / Home Office | Furniture,14x30 Metal Wall Filers,https://hibid.com/lot/323836786
574,323836787,186433,0.0,0,0,3,OPEN,182062.45299999998,Construction & Farm - Building Supplies - Doors | Construction & Farm - Building Supplies | Construction & Farm,60x118 Steel Door and Window Frame,https://hibid.com/lot/323836787
575,323836788,186434,0.0,0,0,3,OPEN,182072.44999999998,Construction & Farm - Building Supplies - Doors | Construction & Farm - Building Supplies | Construction & Farm,84x118 Steel Door and Window Frame,https://hibid.com/lot/323836788
576,323836789,186435,0.0,0,0,3,OPEN,182082.44999999998,Construction & Farm - Building Supplies - Doors | Construction & Farm - Building Supplies | Construction & Farm,60x118 Steel Door and Window Frame,https://hibid.com/lot/323836789
577,323836790,186437,0.0,0,0,3,OPEN,182092.447,Construction & Farm - Building Supplies - Doors | Construction & Farm - Building Supplies | Construction & Farm,60x118 Steel Door and Window Frame,https://hibid.com/lot/323836790
578,323836791,186438,0.0,0,0,3,OPEN,182102.443,Construction & Farm - Building Supplies - Doors | Construction & Farm - Building Supplies | Construction & Farm,60x118 Steel Door and Window Frame,https://hibid.com/lot/323836791
1000,323836792,186449,0.0,0,0,1,OPEN,182112.44,Home Goods & Decor - Home Goods - Kitchen / Housewares | Home Goods & Decor - Home Goods | Home Goods & Decor,ALL IN,https://hibid.com/lot/323836792
