auction_id,auction_name,auctioneer,checked_at,lot_number,hibid_lot_id,title,high_bid,next_bid,bid_count,status,price_realized,currency,lot_url
779190,Living Estate of Patricia Freed,Pioneer Auction Service,2026-09-30T03:23:23Z,1,322873413,Important Auction Information,0,2,0,OPEN,0,USD,https://hibid.com/lot/322873413
779190,Living Estate of Patricia Freed,Pioneer Auction Service,2026-09-30T03:23:23Z,1A,322873415,Kessler Arms Model 300 12Ga. Bolt Action,41,42,19,OPEN,0,USD,https://hibid.com/lot/322873415
779190,Living Estate of Patricia Freed,Pioneer Auction Service,2026-09-30T03:23:23Z,1B,322873418,JC Higgins Model 58314 16GA Bolt Action,51,52,16,OPEN,0,USD,https://hibid.com/lot/322873418
779190,Living Estate of Patricia Freed,Pioneer Auction Service,2026-09-30T03:23:23Z,1C,322873421,Iver Johnson 12Ga Single Barrel,36,37,22,OPEN,0,USD,https://hibid.com/lot/322873421
779190,Living Estate of Patricia Freed,Pioneer Auction Service,2026-09-30T03:23:23Z,1D,322873424,Thompson Center 45 Cal. Black Powder,37,38,16,OPEN,0,USD,https://hibid.com/lot/322873424
779190,Living Estate of Patricia Freed,Pioneer Auction Service,2026-09-30T03:23:23Z,1E,322873427,Industry Brand carabiner Air Rifle,35,36,12,OPEN,0,USD,https://hibid.com/lot/322873427
779190,Living Estate of Patricia Freed,Pioneer Auction Service,2026-09-30T03:23:23Z,2,322873431,Brister’s Trail Wagon 340cc,1700,1750,37,OPEN,0,USD,https://hibid.com/lot/322873431
779190,Living Estate of Patricia Freed,Pioneer Auction Service,2026-09-30T03:23:23Z,3,322873433,8ft Utility Trailer,425,450,24,OPEN,0,USD,https://hibid.com/lot/322873433
779190,Living Estate of Patricia Freed,Pioneer Auction Service,2026-09-30T03:23:23Z,4,322873434,Leather Pocket Pool Table,275,300,30,OPEN,0,USD,https://hibid.com/lot/322873434
779190,Living Estate of Patricia Freed,Pioneer Auction Service,2026-09-30T03:23:23Z,5,322873435,Curved Glass Etched Light-Up China Cabinet,51,52,11,OPEN,0,USD,https://hibid.com/lot/322873435
779190,Living Estate of Patricia Freed,Pioneer Auction Service,2026-09-30T03:23:23Z,6,322873436,Dry Wash Stand,11,12,6,OPEN,0,USD,https://hibid.com/lot/322873436
779190,Living Estate of Patricia Freed,Pioneer Auction Service,2026-09-30T03:23:23Z,7,322873437,Display Cabinet,3,4,2,OPEN,0,USD,https://hibid.com/lot/322873437
779190,Living Estate of Patricia Freed,Pioneer Auction Service,2026-09-30T03:23:23Z,8,322873438,The Quality Line China Hutch,30,31,20,OPEN,0,USD,https://hibid.com/lot/322873438
779190,Living Estate of Patricia Freed,Pioneer Auction Service,2026-09-30T03:23:23Z,9,322873439,1930’s Emerson Tube Radio,2,3,1,OPEN,0,USD,https://hibid.com/lot/322873439
779190,Living Estate of Patricia Freed,Pioneer Auction Service,2026-09-30T03:23:23Z,10,322873440,Mid Century Ringer Box Phone,51,52,15,OPEN,0,USD,https://hibid.com/lot/322873440
779190,Living Estate of Patricia Freed,Pioneer Auction Service,2026-09-30T03:23:23Z,11,322873441,Curved Glass Curio Cabinet w/ Wheat Design,29,30,11,OPEN,0,USD,https://hibid.com/lot/322873441
779190,Living Estate of Patricia Freed,Pioneer Auction Service,2026-09-30T03:23:23Z,12,322873442,Pine Entertainment Cabinet,46,47,5,OPEN,0,USD,https://hibid.com/lot/322873442
779190,Living Estate of Patricia Freed,Pioneer Auction Service,2026-09-30T03:23:23Z,13,322873443,Green Bakers Rack,10,11,10,OPEN,0,USD,https://hibid.com/lot/322873443
779190,Living Estate of Patricia Freed,Pioneer Auction Service,2026-09-30T03:23:23Z,14,322873444,Sauder Cabinet w/ Table Top Extension,3,4,2,OPEN,0,USD,https://hibid.com/lot/322873444
779190,Living Estate of Patricia Freed,Pioneer Auction Service,2026-09-30T03:23:23Z,15,322873445,Oak Book Cabinet,31,32,16,OPEN,0,USD,https://hibid.com/lot/322873445
779190,Living Estate of Patricia Freed,Pioneer Auction Service,2026-09-30T03:23:23Z,16,322873446,Light up Curio Cabinet,11,12,4,OPEN,0,USD,https://hibid.com/lot/322873446
779190,Living Estate of Patricia Freed,Pioneer Auction Service,2026-09-30T03:23:23Z,17,322873447,Black Three Bulb Light,2,3,1,OPEN,0,USD,https://hibid.com/lot/322873447
779190,Living Estate of Patricia Freed,Pioneer Auction Service,2026-09-30T03:23:23Z,18,322873448,"Walking Canes, Anderson Federal Saving Yard Stick",0,2,0,OPEN,0,USD,https://hibid.com/lot/322873448
779190,Living Estate of Patricia Freed,Pioneer Auction Service,2026-09-30T03:23:23Z,19,322873449,Kenmore Progressive 360 Vacuum,2,3,1,OPEN,0,USD,https://hibid.com/lot/322873449
779190,Living Estate of Patricia Freed,Pioneer Auction Service,2026-09-30T03:23:23Z,20,322873450,Cross Cut Buck Saw,4,5,2,OPEN,0,USD,https://hibid.com/lot/322873450
779190,Living Estate of Patricia Freed,Pioneer Auction Service,2026-09-30T03:23:23Z,21,322873451,Children’s Yolk,8,9,7,OPEN,0,USD,https://hibid.com/lot/322873451
779190,Living Estate of Patricia Freed,Pioneer Auction Service,2026-09-30T03:23:23Z,22,322873452,Q.H. Lighting Marble Base Floor Chandelier Lamp,3,4,2,OPEN,0,USD,https://hibid.com/lot/322873452
779190,Living Estate of Patricia Freed,Pioneer Auction Service,2026-09-30T03:23:23Z,23,322873453,Roll Top Desk,3,4,2,OPEN,0,USD,https://hibid.com/lot/322873453
779190,Living Estate of Patricia Freed,Pioneer Auction Service,2026-09-30T03:23:23Z,24,322873454,Black Side Table,3,4,2,OPEN,0,USD,https://hibid.com/lot/322873454
779190,Living Estate of Patricia Freed,Pioneer Auction Service,2026-09-30T03:23:23Z,25,322873455,Corner Television Stand,0,2,0,OPEN,0,USD,https://hibid.com/lot/322873455
779190,Living Estate of Patricia Freed,Pioneer Auction Service,2026-09-30T03:23:23Z,26,322873456,Solid Oak Writing Desk,3,4,3,OPEN,0,USD,https://hibid.com/lot/322873456
779190,Living Estate of Patricia Freed,Pioneer Auction Service,2026-09-30T03:23:23Z,27,322873457,Broyhill China Hutch,0,2,0,OPEN,0,USD,https://hibid.com/lot/322873457
779190,Living Estate of Patricia Freed,Pioneer Auction Service,2026-09-30T03:23:23Z,28,322873458,Bassett Shirt Boy Dresser w/ Mirror,0,2,0,OPEN,0,USD,https://hibid.com/lot/322873458
779190,Living Estate of Patricia Freed,Pioneer Auction Service,2026-09-30T03:23:23Z,29,322873459,Bassett Tall Boy Dresser,2,3,1,OPEN,0,USD,https://hibid.com/lot/322873459
779190,Living Estate of Patricia Freed,Pioneer Auction Service,2026-09-30T03:23:23Z,30,322873460,6 Drawer Dresser,2,3,1,OPEN,0,USD,https://hibid.com/lot/322873460
779190,Living Estate of Patricia Freed,Pioneer Auction Service,2026-09-30T03:23:23Z,31,322873461,Wardrobe,6,7,4,OPEN,0,USD,https://hibid.com/lot/322873461
779190,Living Estate of Patricia Freed,Pioneer Auction Service,2026-09-30T03:23:23Z,32,322873462,Dresser w/ Mirror,7,8,6,OPEN,0,USD,https://hibid.com/lot/322873462
779190,Living Estate of Patricia Freed,Pioneer Auction Service,2026-09-30T03:23:23Z,33,322873463,Telephone Stand,3,4,2,OPEN,0,USD,https://hibid.com/lot/322873463
779190,Living Estate of Patricia Freed,Pioneer Auction Service,2026-09-30T03:23:23Z,34,322873464,Oak Swivel Desk Chair,7,8,6,OPEN,0,USD,https://hibid.com/lot/322873464
779190,Living Estate of Patricia Freed,Pioneer Auction Service,2026-09-30T03:23:23Z,35,322873465,Boat Shelf,26,27,18,OPEN,0,USD,https://hibid.com/lot/322873465
779190,Living Estate of Patricia Freed,Pioneer Auction Service,2026-09-30T03:23:23Z,36,322873466,Antique Dresser with Mirror,4,5,4,OPEN,0,USD,https://hibid.com/lot/322873466
779190,Living Estate of Patricia Freed,Pioneer Auction Service,2026-09-30T03:23:23Z,37,322873467,Cabinet,0,2,0,OPEN,0,USD,https://hibid.com/lot/322873467
779190,Living Estate of Patricia Freed,Pioneer Auction Service,2026-09-30T03:23:23Z,38,322873468,Electric Heat Fireplace,14,15,12,OPEN,0,USD,https://hibid.com/lot/322873468
779190,Living Estate of Patricia Freed,Pioneer Auction Service,2026-09-30T03:23:23Z,39,322873469,Mid-century coffee table w/ glass Glass inlay,0,2,0,OPEN,0,USD,https://hibid.com/lot/322873469
779190,Living Estate of Patricia Freed,Pioneer Auction Service,2026-09-30T03:23:23Z,40,322873470,Side Table with Magazine Racks,5,6,4,OPEN,0,USD,https://hibid.com/lot/322873470
779190,Living Estate of Patricia Freed,Pioneer Auction Service,2026-09-30T03:23:23Z,41,322873471,Drop Leaf Table w/ Chairs,2,3,1,OPEN,0,USD,https://hibid.com/lot/322873471
779190,Living Estate of Patricia Freed,Pioneer Auction Service,2026-09-30T03:23:23Z,42,322873472,19th Century Victorian Triangle Corner Table,8,9,6,OPEN,0,USD,https://hibid.com/lot/322873472
779190,Living Estate of Patricia Freed,Pioneer Auction Service,2026-09-30T03:23:23Z,43,322873473,"Barometer, corner Wall Shelf, wall Hanger Decor",3,4,2,OPEN,0,USD,https://hibid.com/lot/322873473
779190,Living Estate of Patricia Freed,Pioneer Auction Service,2026-09-30T03:23:23Z,43B,322873474,Mount Shasta By Robert Wood Print,13,14,3,OPEN,0,USD,https://hibid.com/lot/322873474
779190,Living Estate of Patricia Freed,Pioneer Auction Service,2026-09-30T03:23:23Z,44,322873475,"Golden Oval Victorian Style Mirror, Winter Print",7,8,6,OPEN,0,USD,https://hibid.com/lot/322873475
779190,Living Estate of Patricia Freed,Pioneer Auction Service,2026-09-30T03:23:23Z,45,322873476,"Motorcycle & Car Prints, Collages Frame.",0,2,0,OPEN,0,USD,https://hibid.com/lot/322873476
779190,Living Estate of Patricia Freed,Pioneer Auction Service,2026-09-30T03:23:23Z,46,322873477,Chunky Antique Frames,4,5,3,OPEN,0,USD,https://hibid.com/lot/322873477
779190,Living Estate of Patricia Freed,Pioneer Auction Service,2026-09-30T03:23:23Z,47,322873478,"McCall’s ""Anna"" Magazine Poster",2,3,1,OPEN,0,USD,https://hibid.com/lot/322873478
779190,Living Estate of Patricia Freed,Pioneer Auction Service,2026-09-30T03:23:23Z,48,322873479,"Panda Print, Floral Print by Juan, Etched Mirror",0,2,0,OPEN,0,USD,https://hibid.com/lot/322873479
779190,Living Estate of Patricia Freed,Pioneer Auction Service,2026-09-30T03:23:23Z,49,322873480,"Jesus the Good Shepherd Print , Lord Prayer Plaque",2,3,1,OPEN,0,USD,https://hibid.com/lot/322873480
779190,Living Estate of Patricia Freed,Pioneer Auction Service,2026-09-30T03:23:23Z,50,322873481,Felt Paintings from Mexico,2,3,1,OPEN,0,USD,https://hibid.com/lot/322873481
779190,Living Estate of Patricia Freed,Pioneer Auction Service,2026-09-30T03:23:23Z,51,322873482,48 x 24 Landscaping Prints,6,7,4,OPEN,0,USD,https://hibid.com/lot/322873482
779190,Living Estate of Patricia Freed,Pioneer Auction Service,2026-09-30T03:23:23Z,52,322873483,"Golden & Wood Framed Girl Prints,",4,5,2,OPEN,0,USD,https://hibid.com/lot/322873483
779190,Living Estate of Patricia Freed,Pioneer Auction Service,2026-09-30T03:23:23Z,53,322873484,"Broken Fences Farm ,Fireman ,Mountain Prints",2,3,1,OPEN,0,USD,https://hibid.com/lot/322873484
779190,Living Estate of Patricia Freed,Pioneer Auction Service,2026-09-30T03:23:23Z,54,322873485,"Brandy Wine Farm Print, First Snow Print,",2,3,1,OPEN,0,USD,https://hibid.com/lot/322873485
779190,Living Estate of Patricia Freed,Pioneer Auction Service,2026-09-30T03:23:23Z,55,322873486,"Angel, Jesus Shepherd prints, Penn Color Book",2,3,1,OPEN,0,USD,https://hibid.com/lot/322873486
779190,Living Estate of Patricia Freed,Pioneer Auction Service,2026-09-30T03:23:23Z,55B,322873487,Hurricane Lamp,25,26,9,OPEN,0,USD,https://hibid.com/lot/322873487
779190,Living Estate of Patricia Freed,Pioneer Auction Service,2026-09-30T03:23:23Z,56,322873488,Desk Lamps,0,2,0,OPEN,0,USD,https://hibid.com/lot/322873488
779190,Living Estate of Patricia Freed,Pioneer Auction Service,2026-09-30T03:23:23Z,57,322873489,John Wayne Touch Lamp,3,4,2,OPEN,0,USD,https://hibid.com/lot/322873489
779190,Living Estate of Patricia Freed,Pioneer Auction Service,2026-09-30T03:23:23Z,58,322873490,(2) Falkenstein Glass Bronze Flower Lamps,3,4,2,OPEN,0,USD,https://hibid.com/lot/322873490
779190,Living Estate of Patricia Freed,Pioneer Auction Service,2026-09-30T03:23:23Z,59,322873491,Gone with the Wind Hurricane Lamp,32,33,12,OPEN,0,USD,https://hibid.com/lot/322873491
779190,Living Estate of Patricia Freed,Pioneer Auction Service,2026-09-30T03:23:23Z,60,322873492,"Elgin National Watch Works Sterling Spoon, Oxford",15,16,4,OPEN,0,USD,https://hibid.com/lot/322873492
779190,Living Estate of Patricia Freed,Pioneer Auction Service,2026-09-30T03:23:23Z,61,322873493,Assortment of Stainless Steel Cutlery,2,3,1,OPEN,0,USD,https://hibid.com/lot/322873493
779190,Living Estate of Patricia Freed,Pioneer Auction Service,2026-09-30T03:23:23Z,62,322873494,"Plated Bud Vase, Teapot Clock, Silver Tone Dish",2,3,1,OPEN,0,USD,https://hibid.com/lot/322873494
779190,Living Estate of Patricia Freed,Pioneer Auction Service,2026-09-30T03:23:23Z,63,322873495,Farberware Silverware Gold Tone Silverware In A,21,22,8,OPEN,0,USD,https://hibid.com/lot/322873495
779190,Living Estate of Patricia Freed,Pioneer Auction Service,2026-09-30T03:23:23Z,64,322873496,"Ceramic Serving Bowl,,White Soup Tureen",2,3,1,OPEN,0,USD,https://hibid.com/lot/322873496
779190,Living Estate of Patricia Freed,Pioneer Auction Service,2026-09-30T03:23:23Z,65,322873497,"Assorted Silverware, Silver Lighting Cleaning Plat",2,3,1,OPEN,0,USD,https://hibid.com/lot/322873497
779190,Living Estate of Patricia Freed,Pioneer Auction Service,2026-09-30T03:23:23Z,66,322873498,National Double Tested Silverplate Silverware,6,7,5,OPEN,0,USD,https://hibid.com/lot/322873498
779190,Living Estate of Patricia Freed,Pioneer Auction Service,2026-09-30T03:23:23Z,67,322873499,"Japanese Ceramic Kokeshi Dolls{2}, Wooden Duck",0,2,0,OPEN,0,USD,https://hibid.com/lot/322873499
779190,Living Estate of Patricia Freed,Pioneer Auction Service,2026-09-30T03:23:23Z,68,322873500,Glass Jar Hand Crank Nut & Spice Grinders {2},3,4,2,OPEN,0,USD,https://hibid.com/lot/322873500
779190,Living Estate of Patricia Freed,Pioneer Auction Service,2026-09-30T03:23:23Z,68B,322873501,Ceramic Reindeer Cookie Jar,4,5,3,OPEN,0,USD,https://hibid.com/lot/322873501
779190,Living Estate of Patricia Freed,Pioneer Auction Service,2026-09-30T03:23:23Z,69,322873502,"McDonald's Collectable Glasses & Mugs, Kids Cups",3,4,2,OPEN,0,USD,https://hibid.com/lot/322873502
779190,Living Estate of Patricia Freed,Pioneer Auction Service,2026-09-30T03:23:23Z,70,322873503,"Amber Textured Glass Beer Mugs, Ceramic Mugs",2,3,1,OPEN,0,USD,https://hibid.com/lot/322873503
779190,Living Estate of Patricia Freed,Pioneer Auction Service,2026-09-30T03:23:23Z,71,322873504,"Milk Glass Lidded Jar, Clear Round Glass Storage",0,2,0,OPEN,0,USD,https://hibid.com/lot/322873504
779190,Living Estate of Patricia Freed,Pioneer Auction Service,2026-09-30T03:23:23Z,72,322873505,"Blue Glass Tumblers, Juice & Rocks Glasses",2,3,1,OPEN,0,USD,https://hibid.com/lot/322873505
779190,Living Estate of Patricia Freed,Pioneer Auction Service,2026-09-30T03:23:23Z,73,322873506,"Holiday Lanterns, Holiday Mugs, Wire-Bail Jar.",6,7,5,OPEN,0,USD,https://hibid.com/lot/322873506
779190,Living Estate of Patricia Freed,Pioneer Auction Service,2026-09-30T03:23:23Z,74,322873507,"Ceramic\Glass Mugs, Plastic Cups",2,3,1,OPEN,0,USD,https://hibid.com/lot/322873507
779190,Living Estate of Patricia Freed,Pioneer Auction Service,2026-09-30T03:23:23Z,75,322873508,"Peach Motif Salt/Pepper & Napkin Holder, Serving",3,4,2,OPEN,0,USD,https://hibid.com/lot/322873508
779190,Living Estate of Patricia Freed,Pioneer Auction Service,2026-09-30T03:23:23Z,76,322873509,"Johnson Bros Ceramic Platter, Colonial Co Platter",2,3,1,OPEN,0,USD,https://hibid.com/lot/322873509
779190,Living Estate of Patricia Freed,Pioneer Auction Service,2026-09-30T03:23:23Z,77,322873510,Clear Glass Baking Dishes (3),2,3,1,OPEN,0,USD,https://hibid.com/lot/322873510
779190,Living Estate of Patricia Freed,Pioneer Auction Service,2026-09-30T03:23:23Z,78,322873511,"Espresso, Coffee & Soup Mugs",0,2,0,OPEN,0,USD,https://hibid.com/lot/322873511
779190,Living Estate of Patricia Freed,Pioneer Auction Service,2026-09-30T03:23:23Z,79,322873512,"Glass Drinkware, Souvenir Mug, Shot Glasses",2,3,1,OPEN,0,USD,https://hibid.com/lot/322873512
779190,Living Estate of Patricia Freed,Pioneer Auction Service,2026-09-30T03:23:23Z,80,322873513,Stoneware Canister Jar Home & Garden Party,2,3,1,OPEN,0,USD,https://hibid.com/lot/322873513
779190,Living Estate of Patricia Freed,Pioneer Auction Service,2026-09-30T03:23:23Z,81,322873514,"Flordia Ashtrays, Cut Glass Decanter W/Marbles",11,12,10,OPEN,0,USD,https://hibid.com/lot/322873514
779190,Living Estate of Patricia Freed,Pioneer Auction Service,2026-09-30T03:23:23Z,82,322873515,Napco Cookies All Over Ceramic Cookie Jar,21,22,7,OPEN,0,USD,https://hibid.com/lot/322873515
779190,Living Estate of Patricia Freed,Pioneer Auction Service,2026-09-30T03:23:23Z,83,322873516,Ceramic Mushroom Storage Canister/Cookie Jar,9,10,5,OPEN,0,USD,https://hibid.com/lot/322873516
779190,Living Estate of Patricia Freed,Pioneer Auction Service,2026-09-30T03:23:23Z,84,322873517,"Clear Glass Pedestal Cake Stand, Rose/Fish Bowl",0,2,0,OPEN,0,USD,https://hibid.com/lot/322873517
779190,Living Estate of Patricia Freed,Pioneer Auction Service,2026-09-30T03:23:23Z,85,322873518,"White Ceramic Chef-Themed Jar, Salt & Pepper Shake",3,4,2,OPEN,0,USD,https://hibid.com/lot/322873518
779190,Living Estate of Patricia Freed,Pioneer Auction Service,2026-09-30T03:23:23Z,86,322873519,Ceramic Rooster Cookie Jar,5,6,3,OPEN,0,USD,https://hibid.com/lot/322873519
779190,Living Estate of Patricia Freed,Pioneer Auction Service,2026-09-30T03:23:23Z,87,322873520,"Floral Serving Platters(2), White Serving Bowl",0,2,0,OPEN,0,USD,https://hibid.com/lot/322873520
779190,Living Estate of Patricia Freed,Pioneer Auction Service,2026-09-30T03:23:23Z,88,322873521,"Non-stick Copper Colored Frying Pans, Red Copper",0,2,0,OPEN,0,USD,https://hibid.com/lot/322873521
779190,Living Estate of Patricia Freed,Pioneer Auction Service,2026-09-30T03:23:23Z,89,322873522,"Bullet Style Blender Cups, Chopper XL Manual",0,2,0,OPEN,0,USD,https://hibid.com/lot/322873522
779190,Living Estate of Patricia Freed,Pioneer Auction Service,2026-09-30T03:23:23Z,90,322873523,"Milk Glass Serving Bowl, Iridescent Snack Plates,",0,2,0,OPEN,0,USD,https://hibid.com/lot/322873523
779190,Living Estate of Patricia Freed,Pioneer Auction Service,2026-09-30T03:23:23Z,91,322873524,Pyrex Spring Blossom Casserole Dish,21,22,9,OPEN,0,USD,https://hibid.com/lot/322873524
779190,Living Estate of Patricia Freed,Pioneer Auction Service,2026-09-30T03:23:23Z,92,322873525,"Riverdale Plate, Aluminum Lazy Susan, Cheese Tray",2,3,1,OPEN,0,USD,https://hibid.com/lot/322873525
779190,Living Estate of Patricia Freed,Pioneer Auction Service,2026-09-30T03:23:23Z,93,322873526,Corelle Spring Blossom Green Assorted Dishes,5,6,4,OPEN,0,USD,https://hibid.com/lot/322873526
779190,Living Estate of Patricia Freed,Pioneer Auction Service,2026-09-30T03:23:23Z,94,322873527,"Porcelain Covered Serving Dish, Ceramic Serving",2,3,1,OPEN,0,USD,https://hibid.com/lot/322873527
779190,Living Estate of Patricia Freed,Pioneer Auction Service,2026-09-30T03:23:23Z,95,322873528,"Corning Ware Casserole Dishes, Pyrex Dish",2,3,1,OPEN,0,USD,https://hibid.com/lot/322873528
779190,Living Estate of Patricia Freed,Pioneer Auction Service,2026-09-30T03:23:23Z,96,322873529,"Baking Pans, Muffin Tins, Bread Pans & More",2,3,1,OPEN,0,USD,https://hibid.com/lot/322873529
779190,Living Estate of Patricia Freed,Pioneer Auction Service,2026-09-30T03:23:23Z,97,322873530,"Bundt Pan, Pie Pans, Ceramic Pie Weights, 9x13 Pan",0,2,0,OPEN,0,USD,https://hibid.com/lot/322873530
779190,Living Estate of Patricia Freed,Pioneer Auction Service,2026-09-30T03:23:23Z,98,322873531,"Pink Pyrex Bowl, Anchor Hocking Casserole Dish",11,12,3,OPEN,0,USD,https://hibid.com/lot/322873531
779190,Living Estate of Patricia Freed,Pioneer Auction Service,2026-09-30T03:23:23Z,99,322873532,Brown Glazed Stoneware Divided Dish & Crock,3,4,2,OPEN,0,USD,https://hibid.com/lot/322873532
779190,Living Estate of Patricia Freed,Pioneer Auction Service,2026-09-30T03:23:23Z,100,322873533,"Avocado Footed Ice Tea Tumbler, Small Bowl, Candle",0,2,0,OPEN,0,USD,https://hibid.com/lot/322873533
779190,Living Estate of Patricia Freed,Pioneer Auction Service,2026-09-30T03:23:23Z,101,322873534,"Blue Speckled Enamelware Pan & Cups, Tea Kettle",3,4,2,OPEN,0,USD,https://hibid.com/lot/322873534
779190,Living Estate of Patricia Freed,Pioneer Auction Service,2026-09-30T03:23:23Z,102,322873535,Cuisinart Advantage Ceramic Knives W/Blade Gaurds,8,9,3,OPEN,0,USD,https://hibid.com/lot/322873535
779190,Living Estate of Patricia Freed,Pioneer Auction Service,2026-09-30T03:23:23Z,103,322873536,"Assorted Kitchen Utensils, Recipe Holder",2,3,1,OPEN,0,USD,https://hibid.com/lot/322873536
779190,Living Estate of Patricia Freed,Pioneer Auction Service,2026-09-30T03:23:23Z,104,322873537,"Tupperware Hourglass Salt & Pepper In A Stand,",2,3,1,OPEN,0,USD,https://hibid.com/lot/322873537
779190,Living Estate of Patricia Freed,Pioneer Auction Service,2026-09-30T03:23:23Z,106,322873538,"Autumn Gold Salad Plates, Berry Bowls",0,2,0,OPEN,0,USD,https://hibid.com/lot/322873538
779190,Living Estate of Patricia Freed,Pioneer Auction Service,2026-09-30T03:23:23Z,107,322873539,"Correlle Blossoms In Lace Plates ,Salad Plates,",2,3,1,OPEN,0,USD,https://hibid.com/lot/322873539
779190,Living Estate of Patricia Freed,Pioneer Auction Service,2026-09-30T03:23:23Z,108,322873540,Capriware Ceramic Kitchen Canisters Fruit Motifs,2,3,1,OPEN,0,USD,https://hibid.com/lot/322873540
779190,Living Estate of Patricia Freed,Pioneer Auction Service,2026-09-30T03:23:23Z,109,322873541,JC Penny Ceramic Canisters Brass Colored Metal,3,4,2,OPEN,0,USD,https://hibid.com/lot/322873541
779190,Living Estate of Patricia Freed,Pioneer Auction Service,2026-09-30T03:23:23Z,110,322873542,"Meat Mincer/Grinder(2), Slice O Matic Slicer",2,3,1,OPEN,0,USD,https://hibid.com/lot/322873542
779190,Living Estate of Patricia Freed,Pioneer Auction Service,2026-09-30T03:23:23Z,111,322873543,"Fuzzy Dice, Talking Parrot, Dino Bike Horn, Hat",0,2,0,OPEN,0,USD,https://hibid.com/lot/322873543
779190,Living Estate of Patricia Freed,Pioneer Auction Service,2026-09-30T03:23:23Z,112,322873544,"Nutcrackers (2), Painted Eggs(2)",3,4,3,OPEN,0,USD,https://hibid.com/lot/322873544
779190,Living Estate of Patricia Freed,Pioneer Auction Service,2026-09-30T03:23:23Z,113,322873545,"Square Frying Pan W/Stainless Frying Basket, Pans",0,2,0,OPEN,0,USD,https://hibid.com/lot/322873545
779190,Living Estate of Patricia Freed,Pioneer Auction Service,2026-09-30T03:23:23Z,114,322873546,"Tupperware Divided Vegetable & Dip Party Tray,",0,2,0,OPEN,0,USD,https://hibid.com/lot/322873546
779190,Living Estate of Patricia Freed,Pioneer Auction Service,2026-09-30T03:23:23Z,115,322873547,"Tupperware Butter Dish, Kitchen Scale, Toothpick",4,5,2,OPEN,0,USD,https://hibid.com/lot/322873547
779190,Living Estate of Patricia Freed,Pioneer Auction Service,2026-09-30T03:23:23Z,116,322873548,"Collapsible Dish Rack, Silicone Suction Lids(5)",0,2,0,OPEN,0,USD,https://hibid.com/lot/322873548
779190,Living Estate of Patricia Freed,Pioneer Auction Service,2026-09-30T03:23:23Z,117,322873549,"Cascade Dishwasher Soap, Cleaning Products",2,3,1,OPEN,0,USD,https://hibid.com/lot/322873549
779190,Living Estate of Patricia Freed,Pioneer Auction Service,2026-09-30T03:23:23Z,118,322873550,Ronco Showtime Rotisserie & BBQ,2,3,1,OPEN,0,USD,https://hibid.com/lot/322873550
779190,Living Estate of Patricia Freed,Pioneer Auction Service,2026-09-30T03:23:23Z,119,322873551,Nuwave Pro Infrared Cooking System,2,3,1,OPEN,0,USD,https://hibid.com/lot/322873551
779190,Living Estate of Patricia Freed,Pioneer Auction Service,2026-09-30T03:23:23Z,120,322873552,"Deni Scoop Ice Cream Maker, Pressure Canner",0,2,0,OPEN,0,USD,https://hibid.com/lot/322873552
779190,Living Estate of Patricia Freed,Pioneer Auction Service,2026-09-30T03:23:23Z,121,322873553,Stainless Steel Electric Deep Fryer,0,2,0,OPEN,0,USD,https://hibid.com/lot/322873553
779190,Living Estate of Patricia Freed,Pioneer Auction Service,2026-09-30T03:23:23Z,122,322873554,Brita UltraMax Water Dispenser Front Spigot,0,2,0,OPEN,0,USD,https://hibid.com/lot/322873554
779190,Living Estate of Patricia Freed,Pioneer Auction Service,2026-09-30T03:23:23Z,123,322873555,"Pampered Chef Cookie Press, Spring Form Pans",0,2,0,OPEN,0,USD,https://hibid.com/lot/322873555
779190,Living Estate of Patricia Freed,Pioneer Auction Service,2026-09-30T03:23:23Z,124,322873556,"FoodSaver Vacuum Sealing Solution, Metal Basket",2,3,1,OPEN,0,USD,https://hibid.com/lot/322873556
779190,Living Estate of Patricia Freed,Pioneer Auction Service,2026-09-30T03:23:23Z,125,322873557,Mr. Coffee 12 Cup Coffee Pot. Oster 3Cup Food Chop,0,2,0,OPEN,0,USD,https://hibid.com/lot/322873557
779190,Living Estate of Patricia Freed,Pioneer Auction Service,2026-09-30T03:23:23Z,126,322873558,"2 Slice Toaster, Can Openers, Enamel Tea Kettle",0,2,0,OPEN,0,USD,https://hibid.com/lot/322873558
779190,Living Estate of Patricia Freed,Pioneer Auction Service,2026-09-30T03:23:23Z,127,322873559,Glass Oil Lamps W/Chimneys and Metal Burners(3),32,33,12,OPEN,0,USD,https://hibid.com/lot/322873559
779190,Living Estate of Patricia Freed,Pioneer Auction Service,2026-09-30T03:23:23Z,128,322873560,Metal & Glass Oil Lamps W/Chimneys (3),32,33,13,OPEN,0,USD,https://hibid.com/lot/322873560
779190,Living Estate of Patricia Freed,Pioneer Auction Service,2026-09-30T03:23:23Z,129,322873561,Hand-Painted Milk Glass Oil Lamp W/Brass Burner,29,30,11,OPEN,0,USD,https://hibid.com/lot/322873561
779190,Living Estate of Patricia Freed,Pioneer Auction Service,2026-09-30T03:23:23Z,130,322873562,Portable Boombox W/CD Player & Cassette Player,2,3,1,OPEN,0,USD,https://hibid.com/lot/322873562
779190,Living Estate of Patricia Freed,Pioneer Auction Service,2026-09-30T03:23:23Z,131,322873563,"Amethyst Glass Fairy Lamp,24% Lead Crystal Lamp",7,8,3,OPEN,0,USD,https://hibid.com/lot/322873563
779190,Living Estate of Patricia Freed,Pioneer Auction Service,2026-09-30T03:23:23Z,132,322873564,"Thermos, Thermal Carafe",0,2,0,OPEN,0,USD,https://hibid.com/lot/322873564
779190,Living Estate of Patricia Freed,Pioneer Auction Service,2026-09-30T03:23:23Z,133,322873565,"Frying Pan W/Lid, Covered Oval Roaster, Pan",6,7,4,OPEN,0,USD,https://hibid.com/lot/322873565
779190,Living Estate of Patricia Freed,Pioneer Auction Service,2026-09-30T03:23:23Z,134,322873566,Bullet Express Machine Meal Maker,0,2,0,OPEN,0,USD,https://hibid.com/lot/322873566
779190,Living Estate of Patricia Freed,Pioneer Auction Service,2026-09-30T03:23:23Z,135,322873567,"Kenmore Electric Food Slicer, Stainless Pot W/Lid",2,3,1,OPEN,0,USD,https://hibid.com/lot/322873567
779190,Living Estate of Patricia Freed,Pioneer Auction Service,2026-09-30T03:23:23Z,136,322873568,"2 Tier Spice Rack, Revolving Spice Carousel",4,5,3,OPEN,0,USD,https://hibid.com/lot/322873568
779190,Living Estate of Patricia Freed,Pioneer Auction Service,2026-09-30T03:23:23Z,137,322873569,"Rooster Glass Cutting Board, Pro Smart Slicer",0,2,0,OPEN,0,USD,https://hibid.com/lot/322873569
779190,Living Estate of Patricia Freed,Pioneer Auction Service,2026-09-30T03:23:23Z,138,322873570,"Copper Scale Scoop, Enamel Wash Basin",6,7,4,OPEN,0,USD,https://hibid.com/lot/322873570
779190,Living Estate of Patricia Freed,Pioneer Auction Service,2026-09-30T03:23:23Z,139,322873571,McCoy Pottery Ovenware Mixing Bowl,11,12,9,OPEN,0,USD,https://hibid.com/lot/322873571
779190,Living Estate of Patricia Freed,Pioneer Auction Service,2026-09-30T03:23:23Z,140,322873572,"Manual Stainless Food Slicer, Under Shelf Baskets",0,2,0,OPEN,0,USD,https://hibid.com/lot/322873572
779190,Living Estate of Patricia Freed,Pioneer Auction Service,2026-09-30T03:23:23Z,141,322873573,"3 Cup Mr. Coffee Pot, Donut Maker, Waffle Maker",0,2,0,OPEN,0,USD,https://hibid.com/lot/322873573
779190,Living Estate of Patricia Freed,Pioneer Auction Service,2026-09-30T03:23:23Z,142,322873574,Rectangular Roasting or Baking Pans & Wire Rack,0,2,0,OPEN,0,USD,https://hibid.com/lot/322873574
779190,Living Estate of Patricia Freed,Pioneer Auction Service,2026-09-30T03:23:23Z,143,322873575,Frosted Drinking Glasses W/Antique Cars(4),4,5,3,OPEN,0,USD,https://hibid.com/lot/322873575
779190,Living Estate of Patricia Freed,Pioneer Auction Service,2026-09-30T03:23:23Z,144,322873576,McDonalds Great Muppet Caper & Looney Tunes,9,10,2,OPEN,0,USD,https://hibid.com/lot/322873576
779190,Living Estate of Patricia Freed,Pioneer Auction Service,2026-09-30T03:23:23Z,145,322873577,1970'S Pepsi-Cola Drinking Glasses(8),2,3,1,OPEN,0,USD,https://hibid.com/lot/322873577
779190,Living Estate of Patricia Freed,Pioneer Auction Service,2026-09-30T03:23:23Z,146,322873578,1970'S Looney Tunes Pepsi Glasses (11),17,18,10,OPEN,0,USD,https://hibid.com/lot/322873578
779190,Living Estate of Patricia Freed,Pioneer Auction Service,2026-09-30T03:23:23Z,147,322873579,1970'S Holly Hobbie Coca-Cola Christmas Glasses,4,5,3,OPEN,0,USD,https://hibid.com/lot/322873579
779190,Living Estate of Patricia Freed,Pioneer Auction Service,2026-09-30T03:23:23Z,148,322873580,White Milk Glass Decor Items,2,3,1,OPEN,0,USD,https://hibid.com/lot/322873580
779190,Living Estate of Patricia Freed,Pioneer Auction Service,2026-09-30T03:23:23Z,149,322873581,"Silver-Plated Bread Dish,Solid Brass Ashtray, Door",3,4,2,OPEN,0,USD,https://hibid.com/lot/322873581
779190,Living Estate of Patricia Freed,Pioneer Auction Service,2026-09-30T03:23:23Z,150,322873582,Polaroid Automatic 103 Land Camera In A Case,2,3,1,OPEN,0,USD,https://hibid.com/lot/322873582
779190,Living Estate of Patricia Freed,Pioneer Auction Service,2026-09-30T03:23:23Z,151,322873583,Crock-Pot 6-Qt Programmable Stainless Steel Slow,2,3,1,OPEN,0,USD,https://hibid.com/lot/322873583
779190,Living Estate of Patricia Freed,Pioneer Auction Service,2026-09-30T03:23:23Z,152,322873584,"Rival Crock-Pot,George Foreman Grilling Maching",0,2,0,OPEN,0,USD,https://hibid.com/lot/322873584
779190,Living Estate of Patricia Freed,Pioneer Auction Service,2026-09-30T03:23:23Z,153,322873585,"Mushroom Pattern Ceramic Planter, Horse Bookend,",2,3,1,OPEN,0,USD,https://hibid.com/lot/322873585
779190,Living Estate of Patricia Freed,Pioneer Auction Service,2026-09-30T03:23:23Z,154,322873586,"Panasonic Cordless Phone System, Aiwa Clock Radio",2,3,1,OPEN,0,USD,https://hibid.com/lot/322873586
779190,Living Estate of Patricia Freed,Pioneer Auction Service,2026-09-30T03:23:23Z,155,322873587,Apple Peeler Corer Slicer (2),5,6,4,OPEN,0,USD,https://hibid.com/lot/322873587
779190,Living Estate of Patricia Freed,Pioneer Auction Service,2026-09-30T03:23:23Z,156,322873588,"Pampered Chef Parchment Paper, Paper Lunch Sacks",2,3,1,OPEN,0,USD,https://hibid.com/lot/322873588
779190,Living Estate of Patricia Freed,Pioneer Auction Service,2026-09-30T03:23:23Z,157,322873589,"Lasko 20IN 3 Speed Box Fan, AeroSpeed Box Fan",4,5,3,OPEN,0,USD,https://hibid.com/lot/322873589
779190,Living Estate of Patricia Freed,Pioneer Auction Service,2026-09-30T03:23:23Z,158,322873590,"Green Crochet Blanket, Various Towels and Hand",2,3,1,OPEN,0,USD,https://hibid.com/lot/322873590
779190,Living Estate of Patricia Freed,Pioneer Auction Service,2026-09-30T03:23:23Z,159,322873591,"Various Towels, Table Placemats",2,3,1,OPEN,0,USD,https://hibid.com/lot/322873591
779190,Living Estate of Patricia Freed,Pioneer Auction Service,2026-09-30T03:23:23Z,160,322873592,Various Seat Sets,0,2,0,OPEN,0,USD,https://hibid.com/lot/322873592
779190,Living Estate of Patricia Freed,Pioneer Auction Service,2026-09-30T03:23:23Z,161,322873593,Crimson Porcelain Doll Alice In A Box,0,2,0,OPEN,0,USD,https://hibid.com/lot/322873593
779190,Living Estate of Patricia Freed,Pioneer Auction Service,2026-09-30T03:23:23Z,162,322873594,Doll Size Wood and Wicker Chairs(4),2,3,1,OPEN,0,USD,https://hibid.com/lot/322873594
779190,Living Estate of Patricia Freed,Pioneer Auction Service,2026-09-30T03:23:23Z,163,322873595,"Hard Plastic Toddler Doll, Porcelain Dolls (5)",0,2,0,OPEN,0,USD,https://hibid.com/lot/322873595
779190,Living Estate of Patricia Freed,Pioneer Auction Service,2026-09-30T03:23:23Z,164,322873596,"Porcelain Dolls On Stands (2), Porcelain Doll W/Br",0,2,0,OPEN,0,USD,https://hibid.com/lot/322873596
779190,Living Estate of Patricia Freed,Pioneer Auction Service,2026-09-30T03:23:23Z,165,322873597,"Native American Porcelain Dolls(2), 1950'S Baby Do",0,2,0,OPEN,0,USD,https://hibid.com/lot/322873597
779190,Living Estate of Patricia Freed,Pioneer Auction Service,2026-09-30T03:23:23Z,166,322873598,Porcelain or Bisque Collector Dolls In Outfits(5),0,2,0,OPEN,0,USD,https://hibid.com/lot/322873598
779190,Living Estate of Patricia Freed,Pioneer Auction Service,2026-09-30T03:23:23Z,167,322873599,"Cabbage Patch Kids Doll,Hasbro Baby Wanna Walk Dol",2,3,1,OPEN,0,USD,https://hibid.com/lot/322873599
779190,Living Estate of Patricia Freed,Pioneer Auction Service,2026-09-30T03:23:23Z,168,322873600,Cabbage Patch Kids Dolls (2),6,7,2,OPEN,0,USD,https://hibid.com/lot/322873600
779190,Living Estate of Patricia Freed,Pioneer Auction Service,2026-09-30T03:23:23Z,169,322873601,Cultural Dolls Dressed In Traditional Attire,0,2,0,OPEN,0,USD,https://hibid.com/lot/322873601
779190,Living Estate of Patricia Freed,Pioneer Auction Service,2026-09-30T03:23:23Z,170,322873602,White Bridal & Victorian Style Porcelain Dolls,0,2,0,OPEN,0,USD,https://hibid.com/lot/322873602
779190,Living Estate of Patricia Freed,Pioneer Auction Service,2026-09-30T03:23:23Z,171,322873603,Porcelain Or Bisque Dolls In Boxes 2 W/Certificate,0,2,0,OPEN,0,USD,https://hibid.com/lot/322873603
779190,Living Estate of Patricia Freed,Pioneer Auction Service,2026-09-30T03:23:23Z,172,322873604,The Ashton Drake Galleries Porcelain Dolls In Box,2,3,1,OPEN,0,USD,https://hibid.com/lot/322873604
779190,Living Estate of Patricia Freed,Pioneer Auction Service,2026-09-30T03:23:23Z,173,322873605,Porcelain Dolls In The Box (3),0,2,0,OPEN,0,USD,https://hibid.com/lot/322873605
779190,Living Estate of Patricia Freed,Pioneer Auction Service,2026-09-30T03:23:23Z,174,322873606,"Porcelain Doll In A Wicker Chair, Teddy Bear In A",0,2,0,OPEN,0,USD,https://hibid.com/lot/322873606
779190,Living Estate of Patricia Freed,Pioneer Auction Service,2026-09-30T03:23:23Z,175,322873607,"Rosie Doll, Little Miss April Doll, Danbury Mint D",2,3,1,OPEN,0,USD,https://hibid.com/lot/322873607
779190,Living Estate of Patricia Freed,Pioneer Auction Service,2026-09-30T03:23:23Z,176,322873608,GrannyWorld African American Grandmother Doll & Mo,2,3,1,OPEN,0,USD,https://hibid.com/lot/322873608
779190,Living Estate of Patricia Freed,Pioneer Auction Service,2026-09-30T03:23:23Z,177,322873609,Crimson Collection Porcelain Dolls In Original Box,0,2,0,OPEN,0,USD,https://hibid.com/lot/322873609
779190,Living Estate of Patricia Freed,Pioneer Auction Service,2026-09-30T03:23:23Z,178,322873610,"Victorian Bunny & Chair, Holiday Doll, Porcelain D",0,2,0,OPEN,0,USD,https://hibid.com/lot/322873610
779190,Living Estate of Patricia Freed,Pioneer Auction Service,2026-09-30T03:23:23Z,179,322873611,Porcelain Dolls In Original Boxes (4),0,2,0,OPEN,0,USD,https://hibid.com/lot/322873611
779190,Living Estate of Patricia Freed,Pioneer Auction Service,2026-09-30T03:23:23Z,180,322873612,Ashley Belle Porcelain Dolls (3) In Original Boxes,0,2,0,OPEN,0,USD,https://hibid.com/lot/322873612
779190,Living Estate of Patricia Freed,Pioneer Auction Service,2026-09-30T03:23:23Z,181,322873613,Greensburo & Unique Porcelain Dolls In Boxes(2),0,2,0,OPEN,0,USD,https://hibid.com/lot/322873613
779190,Living Estate of Patricia Freed,Pioneer Auction Service,2026-09-30T03:23:23Z,182,322873614,Miniature Doll Sized Red Metal Tricycle,3,4,2,OPEN,0,USD,https://hibid.com/lot/322873614
779190,Living Estate of Patricia Freed,Pioneer Auction Service,2026-09-30T03:23:23Z,183,322873615,Ashton Drake Porcelain Dolls(3),0,2,0,OPEN,0,USD,https://hibid.com/lot/322873615
779190,Living Estate of Patricia Freed,Pioneer Auction Service,2026-09-30T03:23:23Z,184,322873616,Porcelain Dolls (3),0,2,0,OPEN,0,USD,https://hibid.com/lot/322873616
779190,Living Estate of Patricia Freed,Pioneer Auction Service,2026-09-30T03:23:23Z,185,322873617,Marilyn Monroe Fashion Doll In The Original Box,3,4,2,OPEN,0,USD,https://hibid.com/lot/322873617
779190,Living Estate of Patricia Freed,Pioneer Auction Service,2026-09-30T03:23:23Z,186,322873618,Barbie's New In The Box (2),4,5,2,OPEN,0,USD,https://hibid.com/lot/322873618
779190,Living Estate of Patricia Freed,Pioneer Auction Service,2026-09-30T03:23:23Z,187,322873619,Dolls in Tote,0,2,0,OPEN,0,USD,https://hibid.com/lot/322873619
779190,Living Estate of Patricia Freed,Pioneer Auction Service,2026-09-30T03:23:23Z,188,322873620,Porcelain Dolls(3),0,2,0,OPEN,0,USD,https://hibid.com/lot/322873620
779190,Living Estate of Patricia Freed,Pioneer Auction Service,2026-09-30T03:23:23Z,189,322873621,"Puzzles, Greeting Cards, Skip-Bo Card Game",2,3,1,OPEN,0,USD,https://hibid.com/lot/322873621
779190,Living Estate of Patricia Freed,Pioneer Auction Service,2026-09-30T03:23:23Z,190,322873622,"Puzzles 1000PC (5), 550PC (1)",3,4,2,OPEN,0,USD,https://hibid.com/lot/322873622
779190,Living Estate of Patricia Freed,Pioneer Auction Service,2026-09-30T03:23:23Z,191,322873623,"Winter Tealight Lamps(2), Mini Nativity Figurines",2,3,1,OPEN,0,USD,https://hibid.com/lot/322873623
779190,Living Estate of Patricia Freed,Pioneer Auction Service,2026-09-30T03:23:23Z,192,322873624,Winter Wonderland Enchanted Carnival Decor,0,2,0,OPEN,0,USD,https://hibid.com/lot/322873624
779190,Living Estate of Patricia Freed,Pioneer Auction Service,2026-09-30T03:23:23Z,193,322873625,"Poinsettia Round Box, Tinsel Jack O Lantern",0,2,0,OPEN,0,USD,https://hibid.com/lot/322873625
779190,Living Estate of Patricia Freed,Pioneer Auction Service,2026-09-30T03:23:23Z,194,322873626,"Glass Storage Canister Full Of Buttons, Tin of",2,3,1,OPEN,0,USD,https://hibid.com/lot/322873626
779190,Living Estate of Patricia Freed,Pioneer Auction Service,2026-09-30T03:23:23Z,195,322873627,"Dreamsickles Figurines, Christmas Decor",0,2,0,OPEN,0,USD,https://hibid.com/lot/322873627
779190,Living Estate of Patricia Freed,Pioneer Auction Service,2026-09-30T03:23:23Z,196,322873628,"Holiday Candle Centerpiece, Porcelain-Faced Clown",0,2,0,OPEN,0,USD,https://hibid.com/lot/322873628
779190,Living Estate of Patricia Freed,Pioneer Auction Service,2026-09-30T03:23:23Z,197,322873629,"Shark Steam Cleaner In A Bag W/Attachments, Iron",2,3,1,OPEN,0,USD,https://hibid.com/lot/322873629
779190,Living Estate of Patricia Freed,Pioneer Auction Service,2026-09-30T03:23:23Z,198,322873630,"Mesh Laundry Hampers, Mesh Laundry Bags, Towel",0,2,0,OPEN,0,USD,https://hibid.com/lot/322873630
779190,Living Estate of Patricia Freed,Pioneer Auction Service,2026-09-30T03:23:23Z,199,322873631,Mens Casual Hats (4),0,2,0,OPEN,0,USD,https://hibid.com/lot/322873631
779190,Living Estate of Patricia Freed,Pioneer Auction Service,2026-09-30T03:23:23Z,200,322873632,"Country CD's, Soundesign AM/FM Radio, CD Holder",2,3,1,OPEN,0,USD,https://hibid.com/lot/322873632
779190,Living Estate of Patricia Freed,Pioneer Auction Service,2026-09-30T03:23:23Z,201,322873633,"Double Towel Hook, Assorted Coasters",0,2,0,OPEN,0,USD,https://hibid.com/lot/322873633
779190,Living Estate of Patricia Freed,Pioneer Auction Service,2026-09-30T03:23:23Z,202,322873634,The Spirit Of Kewpies Porcelain Cherubic Figurine,6,7,3,OPEN,0,USD,https://hibid.com/lot/322873634
779190,Living Estate of Patricia Freed,Pioneer Auction Service,2026-09-30T03:23:23Z,203,322873635,"Earth Breeze Laundry Sheets, Plink, Wood Shelf",2,3,1,OPEN,0,USD,https://hibid.com/lot/322873635
779190,Living Estate of Patricia Freed,Pioneer Auction Service,2026-09-30T03:23:23Z,204,322873636,"Wahl Dog Clippers(2), Smart Swab, Dog Brush",2,3,1,OPEN,0,USD,https://hibid.com/lot/322873636
779190,Living Estate of Patricia Freed,Pioneer Auction Service,2026-09-30T03:23:23Z,205,322873637,"Reusable Shopping Bags, Travel Organizer Set",0,2,0,OPEN,0,USD,https://hibid.com/lot/322873637
779190,Living Estate of Patricia Freed,Pioneer Auction Service,2026-09-30T03:23:23Z,206,322873638,"Wet Shaving Gear, Ceramic Shaving Mugs, Lather Bow",2,3,1,OPEN,0,USD,https://hibid.com/lot/322873638
779190,Living Estate of Patricia Freed,Pioneer Auction Service,2026-09-30T03:23:23Z,207,322873639,"Braun Series 3 Electric Shaver, Blow Dryer 1500W",2,3,1,OPEN,0,USD,https://hibid.com/lot/322873639
779190,Living Estate of Patricia Freed,Pioneer Auction Service,2026-09-30T03:23:23Z,208,322873640,"Floral Oval Pictures, Harvest Broom, Apple Napkin",2,3,1,OPEN,0,USD,https://hibid.com/lot/322873640
779190,Living Estate of Patricia Freed,Pioneer Auction Service,2026-09-30T03:23:23Z,209,322873641,Woven Wicker Baskets Decorated Wtih Flowers & Fabr,0,2,0,OPEN,0,USD,https://hibid.com/lot/322873641
779190,Living Estate of Patricia Freed,Pioneer Auction Service,2026-09-30T03:23:23Z,210,322873642,"Bath Mat(New), Wood Tissue Box Cover, Insoles",0,2,0,OPEN,0,USD,https://hibid.com/lot/322873642
779190,Living Estate of Patricia Freed,Pioneer Auction Service,2026-09-30T03:23:23Z,211,322873643,"Reusable Bags, Wine Bottle Cooler Bag, Lunch Bag",0,2,0,OPEN,0,USD,https://hibid.com/lot/322873643
779190,Living Estate of Patricia Freed,Pioneer Auction Service,2026-09-30T03:23:23Z,212,322873644,Acrylic Paint Color Assortment & Brushes,3,4,2,OPEN,0,USD,https://hibid.com/lot/322873644
779190,Living Estate of Patricia Freed,Pioneer Auction Service,2026-09-30T03:23:23Z,213,322873645,"Reminisce Christmas Books, Adult Coloring Book",0,2,0,OPEN,0,USD,https://hibid.com/lot/322873645
779190,Living Estate of Patricia Freed,Pioneer Auction Service,2026-09-30T03:23:23Z,214,322873646,Romance & Romantic Suspense Paperback Novels,0,2,0,OPEN,0,USD,https://hibid.com/lot/322873646
779190,Living Estate of Patricia Freed,Pioneer Auction Service,2026-09-30T03:23:23Z,215,322873647,Paperback Romantic Suspense Novels,2,3,1,OPEN,0,USD,https://hibid.com/lot/322873647
779190,Living Estate of Patricia Freed,Pioneer Auction Service,2026-09-30T03:23:23Z,216,322873648,"Paperback Books- Popular Fiction, Romance & Drama",3,4,2,OPEN,0,USD,https://hibid.com/lot/322873648
779190,Living Estate of Patricia Freed,Pioneer Auction Service,2026-09-30T03:23:23Z,217,322873649,Paperback Books Assortment of Romance Novels,0,2,0,OPEN,0,USD,https://hibid.com/lot/322873649
779190,Living Estate of Patricia Freed,Pioneer Auction Service,2026-09-30T03:23:23Z,218,322873650,Assortment of Fiction Novels,2,3,1,OPEN,0,USD,https://hibid.com/lot/322873650
779190,Living Estate of Patricia Freed,Pioneer Auction Service,2026-09-30T03:23:23Z,219,322873651,Paperback Romance and Fiction Novels,0,2,0,OPEN,0,USD,https://hibid.com/lot/322873651
779190,Living Estate of Patricia Freed,Pioneer Auction Service,2026-09-30T03:23:23Z,220,322873652,Romance & Fiction Paperback Novels,2,3,1,OPEN,0,USD,https://hibid.com/lot/322873652
779190,Living Estate of Patricia Freed,Pioneer Auction Service,2026-09-30T03:23:23Z,221,322873653,Specialty Magazines and Books,0,2,0,OPEN,0,USD,https://hibid.com/lot/322873653
779190,Living Estate of Patricia Freed,Pioneer Auction Service,2026-09-30T03:23:23Z,222,322873654,"Medical Self Help Book, Panhandle Favorites Book",0,2,0,OPEN,0,USD,https://hibid.com/lot/322873654
779190,Living Estate of Patricia Freed,Pioneer Auction Service,2026-09-30T03:23:23Z,223,322873655,"Practical Handymans Encyclopedia, Amish Romance",0,2,0,OPEN,0,USD,https://hibid.com/lot/322873655
779190,Living Estate of Patricia Freed,Pioneer Auction Service,2026-09-30T03:23:23Z,224,322873656,Cookbook Assortment,3,4,2,OPEN,0,USD,https://hibid.com/lot/322873656
779190,Living Estate of Patricia Freed,Pioneer Auction Service,2026-09-30T03:23:23Z,225,322873657,"CB Transceiver, Carnival Glass Books, Crosswords",0,2,0,OPEN,0,USD,https://hibid.com/lot/322873657
779190,Living Estate of Patricia Freed,Pioneer Auction Service,2026-09-30T03:23:23Z,226,322873658,VCR Tapes,0,2,0,OPEN,0,USD,https://hibid.com/lot/322873658
779190,Living Estate of Patricia Freed,Pioneer Auction Service,2026-09-30T03:23:23Z,227,322873659,"Song Books, Children's Books",0,2,0,OPEN,0,USD,https://hibid.com/lot/322873659
779190,Living Estate of Patricia Freed,Pioneer Auction Service,2026-09-30T03:23:23Z,228,322873660,Hard and Softcover Cookbooks,3,4,2,OPEN,0,USD,https://hibid.com/lot/322873660
779190,Living Estate of Patricia Freed,Pioneer Auction Service,2026-09-30T03:23:23Z,229,322873661,"Cassette Tapes, Notepad, Magazine",0,2,0,OPEN,0,USD,https://hibid.com/lot/322873661
779190,Living Estate of Patricia Freed,Pioneer Auction Service,2026-09-30T03:23:23Z,230,322873662,"Essential Knowledge, Family Legal Advisor Books",0,2,0,OPEN,0,USD,https://hibid.com/lot/322873662
779190,Living Estate of Patricia Freed,Pioneer Auction Service,2026-09-30T03:23:23Z,231,322873663,"Albums, Elvis Christmas Album, 45's Records",2,3,1,OPEN,0,USD,https://hibid.com/lot/322873663
779190,Living Estate of Patricia Freed,Pioneer Auction Service,2026-09-30T03:23:23Z,231B,322873664,Records,3,4,2,OPEN,0,USD,https://hibid.com/lot/322873664
779190,Living Estate of Patricia Freed,Pioneer Auction Service,2026-09-30T03:23:23Z,232,322873695,Children's Educational Books From ValueTales,0,2,0,OPEN,0,USD,https://hibid.com/lot/322873695
779190,Living Estate of Patricia Freed,Pioneer Auction Service,2026-09-30T03:23:23Z,233,322873702,CD's & 8 Tracks In A Case,5,6,4,OPEN,0,USD,https://hibid.com/lot/322873702
779190,Living Estate of Patricia Freed,Pioneer Auction Service,2026-09-30T03:23:23Z,234,322873708,Assortment Of Paperback Romance Novels,0,2,0,OPEN,0,USD,https://hibid.com/lot/322873708
779190,Living Estate of Patricia Freed,Pioneer Auction Service,2026-09-30T03:23:23Z,235,322873713,"50 State Postcards, Assorted Paperback Books",0,2,0,OPEN,0,USD,https://hibid.com/lot/322873713
779190,Living Estate of Patricia Freed,Pioneer Auction Service,2026-09-30T03:23:23Z,236,322873719,"Medical, Health and Reference Books",0,2,0,OPEN,0,USD,https://hibid.com/lot/322873719
779190,Living Estate of Patricia Freed,Pioneer Auction Service,2026-09-30T03:23:23Z,237,322873724,Paperback Romance Novels,0,2,0,OPEN,0,USD,https://hibid.com/lot/322873724
779190,Living Estate of Patricia Freed,Pioneer Auction Service,2026-09-30T03:23:23Z,238,322873730,Fiction & Romance Novels Hardcover and Paperback,0,2,0,OPEN,0,USD,https://hibid.com/lot/322873730
779190,Living Estate of Patricia Freed,Pioneer Auction Service,2026-09-30T03:23:23Z,239,322873736,"Microfiber Duster, Table Runner, Nylon Scarves, Ha",2,3,1,OPEN,0,USD,https://hibid.com/lot/322873736
779190,Living Estate of Patricia Freed,Pioneer Auction Service,2026-09-30T03:23:23Z,240,322873743,"Table Runners, Crocheted Doilies, Handkerchiefs",3,4,2,OPEN,0,USD,https://hibid.com/lot/322873743
779190,Living Estate of Patricia Freed,Pioneer Auction Service,2026-09-30T03:23:23Z,241,322873748,Household Cleaning and Maintenance Products,2,3,1,OPEN,0,USD,https://hibid.com/lot/322873748
779190,Living Estate of Patricia Freed,Pioneer Auction Service,2026-09-30T03:23:23Z,242,322873778,"Fabric Tablecloths(3), Round Lace Tablecloth,",2,3,1,OPEN,0,USD,https://hibid.com/lot/322873778
779190,Living Estate of Patricia Freed,Pioneer Auction Service,2026-09-30T03:23:23Z,243,322873780,"Bath Mat, 4 Green Placemats, Drying Mats(2), Rug",0,2,0,OPEN,0,USD,https://hibid.com/lot/322873780
779190,Living Estate of Patricia Freed,Pioneer Auction Service,2026-09-30T03:23:23Z,244,322873783,"4-Pronged Mobility Quad Cane, Wooden Canes (3)",2,3,1,OPEN,0,USD,https://hibid.com/lot/322873783
779190,Living Estate of Patricia Freed,Pioneer Auction Service,2026-09-30T03:23:23Z,245,322873788,"Shower Seat, N95 Masks,Bath Scales,Pedicure Paddle",0,2,0,OPEN,0,USD,https://hibid.com/lot/322873788
779190,Living Estate of Patricia Freed,Pioneer Auction Service,2026-09-30T03:23:23Z,247,322873794,Nintendo Wii Balance Board,0,2,0,OPEN,0,USD,https://hibid.com/lot/322873794
779190,Living Estate of Patricia Freed,Pioneer Auction Service,2026-09-30T03:23:23Z,248,322873799,"Plastic & Vinyl Doll Parts, Paper Doilies, Minnie",0,2,0,OPEN,0,USD,https://hibid.com/lot/322873799
779190,Living Estate of Patricia Freed,Pioneer Auction Service,2026-09-30T03:23:23Z,249,322873805,"Resin Fairy Figure Climbing A Metal Flower Stem, F",2,3,1,OPEN,0,USD,https://hibid.com/lot/322873805
779190,Living Estate of Patricia Freed,Pioneer Auction Service,2026-09-30T03:23:23Z,250,322873811,"Handled Glass Bottle W/Cork, Glass Vases, Glass Ca",0,2,0,OPEN,0,USD,https://hibid.com/lot/322873811
779190,Living Estate of Patricia Freed,Pioneer Auction Service,2026-09-30T03:23:23Z,251,322873817,"Disney Minnie Mouse Desk Telephone, Green Rotary P",8,9,4,OPEN,0,USD,https://hibid.com/lot/322873817
779190,Living Estate of Patricia Freed,Pioneer Auction Service,2026-09-30T03:23:23Z,252,322873820,"Winter Scene Tapestry W/Deer, Curtain Valence, Tab",2,3,1,OPEN,0,USD,https://hibid.com/lot/322873820
779190,Living Estate of Patricia Freed,Pioneer Auction Service,2026-09-30T03:23:23Z,253,322873864,"Lap Desk,Samsonite Laptop Briefcase Messenger Bag",0,2,0,OPEN,0,USD,https://hibid.com/lot/322873864
779190,Living Estate of Patricia Freed,Pioneer Auction Service,2026-09-30T03:23:23Z,254,322873866,"Purses(9), Men's Brown Wallet, Beach Bag",0,2,0,OPEN,0,USD,https://hibid.com/lot/322873866
779190,Living Estate of Patricia Freed,Pioneer Auction Service,2026-09-30T03:23:23Z,255,322873868,"Dockers Overnight Bag, Duffle Bag, Purse, Tote Bag",0,2,0,OPEN,0,USD,https://hibid.com/lot/322873868
779190,Living Estate of Patricia Freed,Pioneer Auction Service,2026-09-30T03:23:23Z,256,322873871,"Assorted Picture Frames Wood, Metal, Many Sizes",2,3,1,OPEN,0,USD,https://hibid.com/lot/322873871
779190,Living Estate of Patricia Freed,Pioneer Auction Service,2026-09-30T03:23:23Z,257,322873873,5x7 Wood Picture Frames (7),0,2,0,OPEN,0,USD,https://hibid.com/lot/322873873
779190,Living Estate of Patricia Freed,Pioneer Auction Service,2026-09-30T03:23:23Z,258,322873876,"Framed Art Prints, Ceramic Shoe,Gold Tone Music B",3,4,2,OPEN,0,USD,https://hibid.com/lot/322873876
779190,Living Estate of Patricia Freed,Pioneer Auction Service,2026-09-30T03:23:23Z,259,322873879,Picture Frames Assorted Sizes,0,2,0,OPEN,0,USD,https://hibid.com/lot/322873879
779190,Living Estate of Patricia Freed,Pioneer Auction Service,2026-09-30T03:23:23Z,260,322873882,Praying Children Wall Art Prints In Ornate Cast Me,8,9,6,OPEN,0,USD,https://hibid.com/lot/322873882
779190,Living Estate of Patricia Freed,Pioneer Auction Service,2026-09-30T03:23:23Z,261,322873884,Picture Frames Assorted Styles and Sizes(12),0,2,0,OPEN,0,USD,https://hibid.com/lot/322873884
779190,Living Estate of Patricia Freed,Pioneer Auction Service,2026-09-30T03:23:23Z,262,322873886,Sunbeam Fleece Heated Throw New,6,7,5,OPEN,0,USD,https://hibid.com/lot/322873886
779190,Living Estate of Patricia Freed,Pioneer Auction Service,2026-09-30T03:23:23Z,263,322873906,12V Heated Travel Throw,4,5,3,OPEN,0,USD,https://hibid.com/lot/322873906
779190,Living Estate of Patricia Freed,Pioneer Auction Service,2026-09-30T03:23:23Z,264,322873909,Hitachi VHS Video Camcorder In Orginal Case W/Manu,2,3,1,OPEN,0,USD,https://hibid.com/lot/322873909
779190,Living Estate of Patricia Freed,Pioneer Auction Service,2026-09-30T03:23:23Z,265,322873912,"Chair Back Massager, ResMed AirSence CPap Machines",2,3,1,OPEN,0,USD,https://hibid.com/lot/322873912
779190,Living Estate of Patricia Freed,Pioneer Auction Service,2026-09-30T03:23:23Z,266,322873915,"Various Belts, Sweatshirts(2), Bike Rally",5,6,3,OPEN,0,USD,https://hibid.com/lot/322873915
779190,Living Estate of Patricia Freed,Pioneer Auction Service,2026-09-30T03:23:23Z,267,322873918,"Hearth Rug, Small Apron, Doilies",2,3,1,OPEN,0,USD,https://hibid.com/lot/322873918
779190,Living Estate of Patricia Freed,Pioneer Auction Service,2026-09-30T03:23:23Z,268,322873921,"Lace Table Cloths, Handmade Slippers(2)",2,3,1,OPEN,0,USD,https://hibid.com/lot/322873921
779190,Living Estate of Patricia Freed,Pioneer Auction Service,2026-09-30T03:23:23Z,269,322873925,Hand Sewn Pillow Cases,6,7,4,OPEN,0,USD,https://hibid.com/lot/322873925
779190,Living Estate of Patricia Freed,Pioneer Auction Service,2026-09-30T03:23:23Z,270,322873928,"Cloud Leather Slippers(7), Ladies Shoes,Purse",2,3,1,OPEN,0,USD,https://hibid.com/lot/322873928
779190,Living Estate of Patricia Freed,Pioneer Auction Service,2026-09-30T03:23:23Z,271,322873932,"Fabric Table Cloths, White Lightweight Fabric",2,3,1,OPEN,0,USD,https://hibid.com/lot/322873932
779190,Living Estate of Patricia Freed,Pioneer Auction Service,2026-09-30T03:23:23Z,272,322873936,"Multicorored Plaid Pattern Table Cloth, Blue & Whi",0,2,0,OPEN,0,USD,https://hibid.com/lot/322873936
779190,Living Estate of Patricia Freed,Pioneer Auction Service,2026-09-30T03:23:23Z,273,322873965,"Sumner,MI Centennial Plates, Sumner Commemorative",0,2,0,OPEN,0,USD,https://hibid.com/lot/322873965
779190,Living Estate of Patricia Freed,Pioneer Auction Service,2026-09-30T03:23:23Z,274,322873969,TY Beanie Babies In Acrylic Display Cases (3),0,2,0,OPEN,0,USD,https://hibid.com/lot/322873969
779190,Living Estate of Patricia Freed,Pioneer Auction Service,2026-09-30T03:23:23Z,275,322873974,"Mother Plaque, Picture Frames Assorted Sizes/Style",0,2,0,OPEN,0,USD,https://hibid.com/lot/322873974
779190,Living Estate of Patricia Freed,Pioneer Auction Service,2026-09-30T03:23:23Z,276,322873979,"Tablletop Lamp, Tabletop Swivel Vanity Piece",0,2,0,OPEN,0,USD,https://hibid.com/lot/322873979
779190,Living Estate of Patricia Freed,Pioneer Auction Service,2026-09-30T03:23:23Z,277,322873984,"Ceramic Horse Head Bookends, Horseshoe Shaped Trin",9,10,6,OPEN,0,USD,https://hibid.com/lot/322873984
779190,Living Estate of Patricia Freed,Pioneer Auction Service,2026-09-30T03:23:23Z,278,322873989,Ceramic Pitcher and Matching Bowl Set W/Faux,0,2,0,OPEN,0,USD,https://hibid.com/lot/322873989
779190,Living Estate of Patricia Freed,Pioneer Auction Service,2026-09-30T03:23:23Z,279,322873994,"Wood Fork & Spoon Wall Decor, Key Shaped Keyholder",4,5,3,OPEN,0,USD,https://hibid.com/lot/322873994
779190,Living Estate of Patricia Freed,Pioneer Auction Service,2026-09-30T03:23:23Z,280,322874000,"Coral Specimen Beach Decor, Sea Shells, Vases(4)",2,3,1,OPEN,0,USD,https://hibid.com/lot/322874000
779190,Living Estate of Patricia Freed,Pioneer Auction Service,2026-09-30T03:23:23Z,281,322874004,"Coffee Cups, Tumblers, Shot Glasses,Wine Glass",0,2,0,OPEN,0,USD,https://hibid.com/lot/322874004
779190,Living Estate of Patricia Freed,Pioneer Auction Service,2026-09-30T03:23:23Z,282,322874008,"Conair Shiatsu Neck Massager, Infra-red Massager",0,2,0,OPEN,0,USD,https://hibid.com/lot/322874008
779190,Living Estate of Patricia Freed,Pioneer Auction Service,2026-09-30T03:23:23Z,283,322874032,"Cedar Trinket Box, Wood Jewerly Box, Wood Tissue C",3,4,2,OPEN,0,USD,https://hibid.com/lot/322874032
779190,Living Estate of Patricia Freed,Pioneer Auction Service,2026-09-30T03:23:23Z,284,322874033,"Ceramic Planters(6), Wicker Baskets, Faux Flowers",2,3,1,OPEN,0,USD,https://hibid.com/lot/322874033
779190,Living Estate of Patricia Freed,Pioneer Auction Service,2026-09-30T03:23:23Z,285,322874034,"Handled Ceramic Ewer, Grey Patterned Vase W/Faux",2,3,1,OPEN,0,USD,https://hibid.com/lot/322874034
779190,Living Estate of Patricia Freed,Pioneer Auction Service,2026-09-30T03:23:23Z,286,322874035,"Dear God Kids Musical Figurine, Angel Of Hope",0,2,0,OPEN,0,USD,https://hibid.com/lot/322874035
779190,Living Estate of Patricia Freed,Pioneer Auction Service,2026-09-30T03:23:23Z,287,322874036,"Folk Art Shelf Sitter Cow Doll, Wood Sitting Cow F",4,5,3,OPEN,0,USD,https://hibid.com/lot/322874036
779190,Living Estate of Patricia Freed,Pioneer Auction Service,2026-09-30T03:23:23Z,288,322874037,Ceramic and Porcelain Animal Figurines(6),2,3,1,OPEN,0,USD,https://hibid.com/lot/322874037
779190,Living Estate of Patricia Freed,Pioneer Auction Service,2026-09-30T03:23:23Z,289,322874038,Ceramic and Porcelain Souvenir & Decorative Hand B,2,3,1,OPEN,0,USD,https://hibid.com/lot/322874038
779190,Living Estate of Patricia Freed,Pioneer Auction Service,2026-09-30T03:23:23Z,290,322874039,"Glass Basket & Hand Bells(3), Bells(2)",2,3,1,OPEN,0,USD,https://hibid.com/lot/322874039
779190,Living Estate of Patricia Freed,Pioneer Auction Service,2026-09-30T03:23:23Z,291,322874040,"Ornate Floral Cross, Kneeling Angel,Wooden House",0,2,0,OPEN,0,USD,https://hibid.com/lot/322874040
779190,Living Estate of Patricia Freed,Pioneer Auction Service,2026-09-30T03:23:23Z,292,322874041,"Cut Glass Candle Lamp, White Milk Glass Vase & Ped",0,2,0,OPEN,0,USD,https://hibid.com/lot/322874041
779190,Living Estate of Patricia Freed,Pioneer Auction Service,2026-09-30T03:23:23Z,293,322874042,"Greenville, MI Church Plate, Copper Mini Watering",0,2,0,OPEN,0,USD,https://hibid.com/lot/322874042
779190,Living Estate of Patricia Freed,Pioneer Auction Service,2026-09-30T03:23:23Z,294,322874043,"Porcelain Mantel Clock, Blue /WFigurinehite",3,4,2,OPEN,0,USD,https://hibid.com/lot/322874043
779190,Living Estate of Patricia Freed,Pioneer Auction Service,2026-09-30T03:23:23Z,295,322874044,"Decorative Cutting Board,Wooden Wall Hook W/Painte",0,2,0,OPEN,0,USD,https://hibid.com/lot/322874044
779190,Living Estate of Patricia Freed,Pioneer Auction Service,2026-09-30T03:23:23Z,296,322874045,Waxwel Paraffin Heat Treatment Bath,2,3,1,OPEN,0,USD,https://hibid.com/lot/322874045
779190,Living Estate of Patricia Freed,Pioneer Auction Service,2026-09-30T03:23:23Z,297,322874046,"Decorative Glass Vases(2), With Faux Flowers",2,3,1,OPEN,0,USD,https://hibid.com/lot/322874046
779190,Living Estate of Patricia Freed,Pioneer Auction Service,2026-09-30T03:23:23Z,298,322874047,"Avocado Green Hobnail Swung Vase, Amethyst Vase",21,22,9,OPEN,0,USD,https://hibid.com/lot/322874047
779190,Living Estate of Patricia Freed,Pioneer Auction Service,2026-09-30T03:23:23Z,299,322874048,Pool/Hot Tub/Spa Chemicals,0,2,0,OPEN,0,USD,https://hibid.com/lot/322874048
779190,Living Estate of Patricia Freed,Pioneer Auction Service,2026-09-30T03:23:23Z,300,322874049,"Pool & Spa Test Kit,Filters, Spa Chemicals",0,2,0,OPEN,0,USD,https://hibid.com/lot/322874049
779190,Living Estate of Patricia Freed,Pioneer Auction Service,2026-09-30T03:23:23Z,301,322874050,"Framed Artwork,Wooden Mouse Figurine, Liberty Bell",2,3,1,OPEN,0,USD,https://hibid.com/lot/322874050
779190,Living Estate of Patricia Freed,Pioneer Auction Service,2026-09-30T03:23:23Z,302,322874051,"Clear Bud Vases, Pineapole shaped Vase, Green Cera",0,2,0,OPEN,0,USD,https://hibid.com/lot/322874051
779190,Living Estate of Patricia Freed,Pioneer Auction Service,2026-09-30T03:23:23Z,303,322874052,"Classic TinkerToy, Aggravation,Baseball Dart Board",0,2,0,OPEN,0,USD,https://hibid.com/lot/322874052
779190,Living Estate of Patricia Freed,Pioneer Auction Service,2026-09-30T03:23:23Z,304,322874053,"Hand Weights 5lbs(2), 15Lb(1)",2,3,1,OPEN,0,USD,https://hibid.com/lot/322874053
779190,Living Estate of Patricia Freed,Pioneer Auction Service,2026-09-30T03:23:23Z,305,322874054,Hand Painted Ceramic Angel Figurines(5),3,4,2,OPEN,0,USD,https://hibid.com/lot/322874054
779190,Living Estate of Patricia Freed,Pioneer Auction Service,2026-09-30T03:23:23Z,306,322874055,Rooster Themed Decor Items,2,3,1,OPEN,0,USD,https://hibid.com/lot/322874055
779190,Living Estate of Patricia Freed,Pioneer Auction Service,2026-09-30T03:23:23Z,307,322874056,Stuffed Bears,0,2,0,OPEN,0,USD,https://hibid.com/lot/322874056
779190,Living Estate of Patricia Freed,Pioneer Auction Service,2026-09-30T03:23:23Z,308,322874057,"Polly Pocket Toys, Mega Bloks Mr. Piano Musical To",2,3,1,OPEN,0,USD,https://hibid.com/lot/322874057
779190,Living Estate of Patricia Freed,Pioneer Auction Service,2026-09-30T03:23:23Z,309,322874058,"Namco 5 N 1 Plug & Play TV Game, TY Teenie Turtle",0,2,0,OPEN,0,USD,https://hibid.com/lot/322874058
779190,Living Estate of Patricia Freed,Pioneer Auction Service,2026-09-30T03:23:23Z,310,322874059,"Toysmith Galaxy, Wooden String Puppet, Plakie Ratt",0,2,0,OPEN,0,USD,https://hibid.com/lot/322874059
779190,Living Estate of Patricia Freed,Pioneer Auction Service,2026-09-30T03:23:23Z,311,322874060,"Celluloid Baby Doll Wearing A Crochet Dress, Sling",0,2,0,OPEN,0,USD,https://hibid.com/lot/322874060
779190,Living Estate of Patricia Freed,Pioneer Auction Service,2026-09-30T03:23:23Z,312,322874061,"Plush Mini Mouse Doll, Small Wood Cradle,Gorilla",0,2,0,OPEN,0,USD,https://hibid.com/lot/322874061
779190,Living Estate of Patricia Freed,Pioneer Auction Service,2026-09-30T03:23:23Z,313,322874062,Clear Art Glass Figurines (4),2,3,1,OPEN,0,USD,https://hibid.com/lot/322874062
779190,Living Estate of Patricia Freed,Pioneer Auction Service,2026-09-30T03:23:23Z,314,322874063,"White Ceramic Cat Figurines(7),Cactus Piece",4,5,2,OPEN,0,USD,https://hibid.com/lot/322874063
779190,Living Estate of Patricia Freed,Pioneer Auction Service,2026-09-30T03:23:23Z,315,322874064,"A&W Root Beer Glassware- Heavy Mugs(2), Tumbler",3,4,2,OPEN,0,USD,https://hibid.com/lot/322874064
779190,Living Estate of Patricia Freed,Pioneer Auction Service,2026-09-30T03:23:23Z,316,322874065,"Metal Candle Lantern, Ceramic Pig Figurines(3)",2,3,1,OPEN,0,USD,https://hibid.com/lot/322874065
779190,Living Estate of Patricia Freed,Pioneer Auction Service,2026-09-30T03:23:23Z,317,322874066,"Stoneware Ceramic Bell, Stoneware Vessels",0,2,0,OPEN,0,USD,https://hibid.com/lot/322874066
779190,Living Estate of Patricia Freed,Pioneer Auction Service,2026-09-30T03:23:23Z,318,322874067,"Oster Gentle Paws Trimmer,,Dog Bed, Container W/Li",2,3,1,OPEN,0,USD,https://hibid.com/lot/322874067
779190,Living Estate of Patricia Freed,Pioneer Auction Service,2026-09-30T03:23:23Z,319,322874068,"LED 60Watt Bulbs,Surge Protector, Speed Out Screw",0,2,0,OPEN,0,USD,https://hibid.com/lot/322874068
779190,Living Estate of Patricia Freed,Pioneer Auction Service,2026-09-30T03:23:23Z,320,322874069,Magnavox DVD Player W/Remote and AV Cables,2,3,1,OPEN,0,USD,https://hibid.com/lot/322874069
779190,Living Estate of Patricia Freed,Pioneer Auction Service,2026-09-30T03:23:23Z,321,322874070,JCPenney 4 In One Stereo System W/Speakers,4,5,3,OPEN,0,USD,https://hibid.com/lot/322874070
779190,Living Estate of Patricia Freed,Pioneer Auction Service,2026-09-30T03:23:23Z,322,322874071,Kodak Party Flash II Instant Film Camera,2,3,1,OPEN,0,USD,https://hibid.com/lot/322874071
779190,Living Estate of Patricia Freed,Pioneer Auction Service,2026-09-30T03:23:23Z,323,322874072,"Samsung VCR, VHS Video Cassette Player/Recorder",5,6,5,OPEN,0,USD,https://hibid.com/lot/322874072
779190,Living Estate of Patricia Freed,Pioneer Auction Service,2026-09-30T03:23:23Z,324,322874073,Plastic Toy Police Motorcycle,4,5,3,OPEN,0,USD,https://hibid.com/lot/322874073
779190,Living Estate of Patricia Freed,Pioneer Auction Service,2026-09-30T03:23:23Z,325,322874074,Toy Model Motorcycles (2),2,3,1,OPEN,0,USD,https://hibid.com/lot/322874074
779190,Living Estate of Patricia Freed,Pioneer Auction Service,2026-09-30T03:23:23Z,326,322874075,"Chruch Candle Lantern, Brass Tropical Angelfish",4,5,2,OPEN,0,USD,https://hibid.com/lot/322874075
779190,Living Estate of Patricia Freed,Pioneer Auction Service,2026-09-30T03:23:23Z,327,322874076,"Ceramic Owls,Lighthouse Souvenir, Glass Ashtray",3,4,2,OPEN,0,USD,https://hibid.com/lot/322874076
779190,Living Estate of Patricia Freed,Pioneer Auction Service,2026-09-30T03:23:23Z,328,322874077,Avon Garden Girl Sweet Honesty Cologne Bottles,2,3,1,OPEN,0,USD,https://hibid.com/lot/322874077
779190,Living Estate of Patricia Freed,Pioneer Auction Service,2026-09-30T03:23:23Z,329,322874078,"Apple Stoneware Candle, Apple Decorated Candle On",0,2,0,OPEN,0,USD,https://hibid.com/lot/322874078
779190,Living Estate of Patricia Freed,Pioneer Auction Service,2026-09-30T03:23:23Z,330,322874079,Footed Tulip Ice Cream Sundae Dishes (4),0,2,0,OPEN,0,USD,https://hibid.com/lot/322874079
779190,Living Estate of Patricia Freed,Pioneer Auction Service,2026-09-30T03:23:23Z,331,322874080,"Metal Candlestick Holders(3), Bisque Dove Figurine",2,3,1,OPEN,0,USD,https://hibid.com/lot/322874080
779190,Living Estate of Patricia Freed,Pioneer Auction Service,2026-09-30T03:23:23Z,332,322874081,"Holiday Quilted Towel, Rooster Cross Stitch Kit",0,2,0,OPEN,0,USD,https://hibid.com/lot/322874081
779190,Living Estate of Patricia Freed,Pioneer Auction Service,2026-09-30T03:23:23Z,333,322874082,"Decorative Plates,Bells,Trinket Tray, Figurines, S",3,4,2,OPEN,0,USD,https://hibid.com/lot/322874082
779190,Living Estate of Patricia Freed,Pioneer Auction Service,2026-09-30T03:23:23Z,334,322874083,Glass Fruit/Veggies In A Wicker Basket,6,7,3,OPEN,0,USD,https://hibid.com/lot/322874083
779190,Living Estate of Patricia Freed,Pioneer Auction Service,2026-09-30T03:23:23Z,335,322874084,"Wooden Sign, Fly Swatters, Long Spring",0,2,0,OPEN,0,USD,https://hibid.com/lot/322874084
779190,Living Estate of Patricia Freed,Pioneer Auction Service,2026-09-30T03:23:23Z,336,322874085,"Jim Beam Decanter, Stone Wave Microwave Cooker",0,2,0,OPEN,0,USD,https://hibid.com/lot/322874085
779190,Living Estate of Patricia Freed,Pioneer Auction Service,2026-09-30T03:23:23Z,337,322874086,Iridescent Green Glass Swag or Pendant Lamp,110,120,25,OPEN,0,USD,https://hibid.com/lot/322874086
779190,Living Estate of Patricia Freed,Pioneer Auction Service,2026-09-30T03:23:23Z,338,322874087,"Farmhouse Decor Ceramic & Metal, Wax Melts(3)",0,2,0,OPEN,0,USD,https://hibid.com/lot/322874087
779190,Living Estate of Patricia Freed,Pioneer Auction Service,2026-09-30T03:23:23Z,339,322874088,Jim Beam 1909 Thomas Flyer 'Flyabout' Decanter,3,4,2,OPEN,0,USD,https://hibid.com/lot/322874088
779190,Living Estate of Patricia Freed,Pioneer Auction Service,2026-09-30T03:23:23Z,340,322874089,"McGill High Speed 4-Barrel Coin Changer- Works,Coi",2,3,1,OPEN,0,USD,https://hibid.com/lot/322874089
779190,Living Estate of Patricia Freed,Pioneer Auction Service,2026-09-30T03:23:23Z,341,322874090,Kids China Tea Set By Meito China Cream W/Gold Ton,0,2,0,OPEN,0,USD,https://hibid.com/lot/322874090
779190,Living Estate of Patricia Freed,Pioneer Auction Service,2026-09-30T03:23:23Z,342,322874091,"Ceramic Banks(2), Ceramic Figurines, Cruet",3,4,2,OPEN,0,USD,https://hibid.com/lot/322874091
779190,Living Estate of Patricia Freed,Pioneer Auction Service,2026-09-30T03:23:23Z,343,322874092,White Multi-Outlet Power Strips and Surge Protecto,0,2,0,OPEN,0,USD,https://hibid.com/lot/322874092
779190,Living Estate of Patricia Freed,Pioneer Auction Service,2026-09-30T03:23:23Z,344,322874093,"ASUS Wireless Router, Extension Cords, Mini Radio",3,4,2,OPEN,0,USD,https://hibid.com/lot/322874093
779190,Living Estate of Patricia Freed,Pioneer Auction Service,2026-09-30T03:23:23Z,345,322874094,Metal Wall Decor- Brass Toned Spray Of Ivy(2),0,2,0,OPEN,0,USD,https://hibid.com/lot/322874094
779190,Living Estate of Patricia Freed,Pioneer Auction Service,2026-09-30T03:23:23Z,346,322874095,Wooden Smoking Stand Set W/Glass Ashtray,3,4,2,OPEN,0,USD,https://hibid.com/lot/322874095
779190,Living Estate of Patricia Freed,Pioneer Auction Service,2026-09-30T03:23:23Z,347,322874096,Floor/Reading Lamp Metallic Finish Flexible Upper,0,2,0,OPEN,0,USD,https://hibid.com/lot/322874096
779190,Living Estate of Patricia Freed,Pioneer Auction Service,2026-09-30T03:23:23Z,348,322874097,"Wooden Wall-Hanging Curio Cabinet, 3-Tier Tea Cup",12,13,7,OPEN,0,USD,https://hibid.com/lot/322874097
779190,Living Estate of Patricia Freed,Pioneer Auction Service,2026-09-30T03:23:23Z,349,322874098,"Rubbermaid Storage Drawers, Basket",2,3,1,OPEN,0,USD,https://hibid.com/lot/322874098
779190,Living Estate of Patricia Freed,Pioneer Auction Service,2026-09-30T03:23:23Z,350,322874099,Small Wooden Storage Chest Dome Top Drawer Insert,25,26,13,OPEN,0,USD,https://hibid.com/lot/322874099
779190,Living Estate of Patricia Freed,Pioneer Auction Service,2026-09-30T03:23:23Z,351,322874100,"1970 Libbey Apollo 13 ""Safe Return"" Glasses (4)",2,3,1,OPEN,0,USD,https://hibid.com/lot/322874100
779190,Living Estate of Patricia Freed,Pioneer Auction Service,2026-09-30T03:23:23Z,352,322874101,Avon Wild Country- Wild Turkey & Quail Decanters,3,4,2,OPEN,0,USD,https://hibid.com/lot/322874101
779190,Living Estate of Patricia Freed,Pioneer Auction Service,2026-09-30T03:23:23Z,353,322874102,Ceramic Dutch Boy & Girl Kissing Figurines,3,4,2,OPEN,0,USD,https://hibid.com/lot/322874102
779190,Living Estate of Patricia Freed,Pioneer Auction Service,2026-09-30T03:23:23Z,354,322874103,Walt Disney Mickey & Minnie Mouse Figurines,3,4,2,OPEN,0,USD,https://hibid.com/lot/322874103
779190,Living Estate of Patricia Freed,Pioneer Auction Service,2026-09-30T03:23:23Z,355,322874104,"Ceramic Cat & Dog Figurines, Ceramic Peacock Figur",2,3,1,OPEN,0,USD,https://hibid.com/lot/322874104
779190,Living Estate of Patricia Freed,Pioneer Auction Service,2026-09-30T03:23:23Z,356,322874105,"Hobo Clown Figurine, Bird Figurine, Salt & Pepper",0,2,0,OPEN,0,USD,https://hibid.com/lot/322874105
779190,Living Estate of Patricia Freed,Pioneer Auction Service,2026-09-30T03:23:23Z,357,322874106,Wacky Bobbleheads- Austin Powers & Dr. Evil,2,3,1,OPEN,0,USD,https://hibid.com/lot/322874106
779190,Living Estate of Patricia Freed,Pioneer Auction Service,2026-09-30T03:23:23Z,358,322874107,Ceramic Flower Fairy Figurines (2),0,2,0,OPEN,0,USD,https://hibid.com/lot/322874107
779190,Living Estate of Patricia Freed,Pioneer Auction Service,2026-09-30T03:23:23Z,359,322874108,Ceramic Cow & Calf Figurines,2,3,1,OPEN,0,USD,https://hibid.com/lot/322874108
779190,Living Estate of Patricia Freed,Pioneer Auction Service,2026-09-30T03:23:23Z,360,322874109,"Harvest -Themed Elderly Farmer Couple Figurines, B",0,2,0,OPEN,0,USD,https://hibid.com/lot/322874109
779190,Living Estate of Patricia Freed,Pioneer Auction Service,2026-09-30T03:23:23Z,361,322874110,"Bisque Porcelain Figurines, Farmer Couple, Romanti",2,3,1,OPEN,0,USD,https://hibid.com/lot/322874110
779190,Living Estate of Patricia Freed,Pioneer Auction Service,2026-09-30T03:23:23Z,362,322874111,Hand Painted Ceramic & Bisque Figurines Elderly P,0,2,0,OPEN,0,USD,https://hibid.com/lot/322874111
779190,Living Estate of Patricia Freed,Pioneer Auction Service,2026-09-30T03:23:23Z,363,322874112,Figurines Depicting Elderly Rural Folk In Various,0,2,0,OPEN,0,USD,https://hibid.com/lot/322874112
779190,Living Estate of Patricia Freed,Pioneer Auction Service,2026-09-30T03:23:23Z,364,322874113,"Porcelain Bisque Music Box, Elderly Couple In Rock",0,2,0,OPEN,0,USD,https://hibid.com/lot/322874113
779190,Living Estate of Patricia Freed,Pioneer Auction Service,2026-09-30T03:23:23Z,365,322874114,United Self Starting Brass Horse with Clock,12,13,6,OPEN,0,USD,https://hibid.com/lot/322874114
779190,Living Estate of Patricia Freed,Pioneer Auction Service,2026-09-30T03:23:23Z,366,322874115,Lava 31-Day Mantel Clock,2,3,1,OPEN,0,USD,https://hibid.com/lot/322874115
779190,Living Estate of Patricia Freed,Pioneer Auction Service,2026-09-30T03:23:23Z,367,322874116,"United Self Starting Horse Clock, Fan,",5,6,4,OPEN,0,USD,https://hibid.com/lot/322874116
779190,Living Estate of Patricia Freed,Pioneer Auction Service,2026-09-30T03:23:23Z,368,322874117,Porcelain Cow Clock,3,4,2,OPEN,0,USD,https://hibid.com/lot/322874117
779190,Living Estate of Patricia Freed,Pioneer Auction Service,2026-09-30T03:23:23Z,369,322874118,"Howard Miller Wall Clock, Heart Wall Self/Sconce",2,3,1,OPEN,0,USD,https://hibid.com/lot/322874118
779190,Living Estate of Patricia Freed,Pioneer Auction Service,2026-09-30T03:23:23Z,370,322874119,Clock Parts,2,3,1,OPEN,0,USD,https://hibid.com/lot/322874119
779190,Living Estate of Patricia Freed,Pioneer Auction Service,2026-09-30T03:23:23Z,371,322874120,Chime Mantel Clock,4,5,4,OPEN,0,USD,https://hibid.com/lot/322874120
779190,Living Estate of Patricia Freed,Pioneer Auction Service,2026-09-30T03:23:23Z,372,322874121,Wooden Mechanical Chime Clock Shelf/Wall,0,2,0,OPEN,0,USD,https://hibid.com/lot/322874121
779190,Living Estate of Patricia Freed,Pioneer Auction Service,2026-09-30T03:23:23Z,373,322874122,Wooden Mechanical Mantel/Shelf Clock W/Pendulum,3,4,2,OPEN,0,USD,https://hibid.com/lot/322874122
779190,Living Estate of Patricia Freed,Pioneer Auction Service,2026-09-30T03:23:23Z,374,322874123,31-Day Wind-Up Mantel Clock,4,5,2,OPEN,0,USD,https://hibid.com/lot/322874123
779190,Living Estate of Patricia Freed,Pioneer Auction Service,2026-09-30T03:23:23Z,375,322874124,Alaron 31-Day Mantel Clock,3,4,2,OPEN,0,USD,https://hibid.com/lot/322874124
779190,Living Estate of Patricia Freed,Pioneer Auction Service,2026-09-30T03:23:23Z,376,322874125,Gingerbread Style Mantel Clock,3,4,2,OPEN,0,USD,https://hibid.com/lot/322874125
779190,Living Estate of Patricia Freed,Pioneer Auction Service,2026-09-30T03:23:23Z,377,322874126,Mantel ClockBlack Wooden Case W/Faux Red Marble Co,2,3,1,OPEN,0,USD,https://hibid.com/lot/322874126
779190,Living Estate of Patricia Freed,Pioneer Auction Service,2026-09-30T03:23:23Z,378,322874127,Mantel Clock Ebonized Finish Decorative Pillars,4,5,3,OPEN,0,USD,https://hibid.com/lot/322874127
779190,Living Estate of Patricia Freed,Pioneer Auction Service,2026-09-30T03:23:23Z,379,322874128,United Clock Black Electric Mantle Clock,4,5,3,OPEN,0,USD,https://hibid.com/lot/322874128
779190,Living Estate of Patricia Freed,Pioneer Auction Service,2026-09-30T03:23:23Z,380,322874129,Ebonized Wood Mantel Clock-Pillars Need Repair,2,3,1,OPEN,0,USD,https://hibid.com/lot/322874129
779190,Living Estate of Patricia Freed,Pioneer Auction Service,2026-09-30T03:23:23Z,381,322874130,Zeno 31-Day Mantel Clock,2,3,1,OPEN,0,USD,https://hibid.com/lot/322874130
779190,Living Estate of Patricia Freed,Pioneer Auction Service,2026-09-30T03:23:23Z,382,322874131,Seth Thomas Mantel Clock,4,5,3,OPEN,0,USD,https://hibid.com/lot/322874131
779190,Living Estate of Patricia Freed,Pioneer Auction Service,2026-09-30T03:23:23Z,383,322874132,Session Mantel Clock,3,4,2,OPEN,0,USD,https://hibid.com/lot/322874132
779190,Living Estate of Patricia Freed,Pioneer Auction Service,2026-09-30T03:23:23Z,384,322874133,D&A Quartz Westminster Chime Mantel Clock,5,6,4,OPEN,0,USD,https://hibid.com/lot/322874133
779190,Living Estate of Patricia Freed,Pioneer Auction Service,2026-09-30T03:23:23Z,385,322874134,Wooden Florida State Shape Clock,0,2,0,OPEN,0,USD,https://hibid.com/lot/322874134
779190,Living Estate of Patricia Freed,Pioneer Auction Service,2026-09-30T03:23:23Z,386,322874135,German 400-Day Clock,5,6,4,OPEN,0,USD,https://hibid.com/lot/322874135
779190,Living Estate of Patricia Freed,Pioneer Auction Service,2026-09-30T03:23:23Z,387,322874136,Mindi Brass Mantel Clock,4,5,3,OPEN,0,USD,https://hibid.com/lot/322874136
779190,Living Estate of Patricia Freed,Pioneer Auction Service,2026-09-30T03:23:23Z,388,322874137,1950-60’s Jefferson Golden Hour Clock,26,27,11,OPEN,0,USD,https://hibid.com/lot/322874137
779190,Living Estate of Patricia Freed,Pioneer Auction Service,2026-09-30T03:23:23Z,389,322874138,Copper United Carriage Mantel Clock,5,6,4,OPEN,0,USD,https://hibid.com/lot/322874138
779190,Living Estate of Patricia Freed,Pioneer Auction Service,2026-09-30T03:23:23Z,390,322874139,Waltham 31-Day Wind-Uo Wall Clock,2,3,1,OPEN,0,USD,https://hibid.com/lot/322874139
779190,Living Estate of Patricia Freed,Pioneer Auction Service,2026-09-30T03:23:23Z,391,322874140,D&A Regulator Wall Mantel,3,4,2,OPEN,0,USD,https://hibid.com/lot/322874140
779190,Living Estate of Patricia Freed,Pioneer Auction Service,2026-09-30T03:23:23Z,392,322874141,New Haven 8-Day Wind-Up Wall Clock,2,3,1,OPEN,0,USD,https://hibid.com/lot/322874141
779190,Living Estate of Patricia Freed,Pioneer Auction Service,2026-09-30T03:23:23Z,393,322874142,Rooster Wall clock,2,3,1,OPEN,0,USD,https://hibid.com/lot/322874142
779190,Living Estate of Patricia Freed,Pioneer Auction Service,2026-09-30T03:23:23Z,394,322874143,Daniel Dakota Quartz Wall Clock,2,3,1,OPEN,0,USD,https://hibid.com/lot/322874143
779190,Living Estate of Patricia Freed,Pioneer Auction Service,2026-09-30T03:23:23Z,395,322874144,Ingraham Quartz Wall Clock,0,2,0,OPEN,0,USD,https://hibid.com/lot/322874144
779190,Living Estate of Patricia Freed,Pioneer Auction Service,2026-09-30T03:23:23Z,396,322874145,Daniel Dakota Regulator Wall Clock,2,3,1,OPEN,0,USD,https://hibid.com/lot/322874145
779190,Living Estate of Patricia Freed,Pioneer Auction Service,2026-09-30T03:23:23Z,397,322874146,Elgin Regular Wall Mantel,2,3,1,OPEN,0,USD,https://hibid.com/lot/322874146
779190,Living Estate of Patricia Freed,Pioneer Auction Service,2026-09-30T03:23:23Z,398,322874147,Rectangle Mantel Clock,0,2,0,OPEN,0,USD,https://hibid.com/lot/322874147
779190,Living Estate of Patricia Freed,Pioneer Auction Service,2026-09-30T03:23:23Z,399,322874148,Elgin Regulator Westminster Chime Quartz Wall,0,2,0,OPEN,0,USD,https://hibid.com/lot/322874148
779190,Living Estate of Patricia Freed,Pioneer Auction Service,2026-09-30T03:23:23Z,400,322874149,Xenon 31 Day Mechanical Wind-Up Clock,2,3,1,OPEN,0,USD,https://hibid.com/lot/322874149
779190,Living Estate of Patricia Freed,Pioneer Auction Service,2026-09-30T03:23:23Z,401,322874150,"Wall Clocks, Live Laugh Love & Bird Songs",3,4,2,OPEN,0,USD,https://hibid.com/lot/322874150
779190,Living Estate of Patricia Freed,Pioneer Auction Service,2026-09-30T03:23:23Z,402,322874151,"Plastic Trivet Clock , Mid Century Wall Clock",0,2,0,OPEN,0,USD,https://hibid.com/lot/322874151
779190,Living Estate of Patricia Freed,Pioneer Auction Service,2026-09-30T03:23:23Z,403,322874152,German Black Forest Cuckoo Clock,5,6,3,OPEN,0,USD,https://hibid.com/lot/322874152
779190,Living Estate of Patricia Freed,Pioneer Auction Service,2026-09-30T03:23:23Z,404,322874153,German Black Forest Cuckoo Clock,12,13,8,OPEN,0,USD,https://hibid.com/lot/322874153
779190,Living Estate of Patricia Freed,Pioneer Auction Service,2026-09-30T03:23:23Z,405,322874154,German Black Forest Cuckoo Clock,12,13,5,OPEN,0,USD,https://hibid.com/lot/322874154
779190,Living Estate of Patricia Freed,Pioneer Auction Service,2026-09-30T03:23:23Z,406,322874155,German Black Forest Cuckoo Clock,12,13,4,OPEN,0,USD,https://hibid.com/lot/322874155
779190,Living Estate of Patricia Freed,Pioneer Auction Service,2026-09-30T03:23:23Z,407,322874156,German Black Forest Cuckoo Clock,7,8,5,OPEN,0,USD,https://hibid.com/lot/322874156
779190,Living Estate of Patricia Freed,Pioneer Auction Service,2026-09-30T03:23:23Z,408,322874157,Swiss CouCou Clock,6,7,3,OPEN,0,USD,https://hibid.com/lot/322874157
779190,Living Estate of Patricia Freed,Pioneer Auction Service,2026-09-30T03:23:23Z,409,322874158,70’s Cypress Live Edge Wood Clock,2,3,1,OPEN,0,USD,https://hibid.com/lot/322874158
779190,Living Estate of Patricia Freed,Pioneer Auction Service,2026-09-30T03:23:23Z,410,322874159,"Carnival Blue Turquoise bowl, compote.",11,12,2,OPEN,0,USD,https://hibid.com/lot/322874159
779190,Living Estate of Patricia Freed,Pioneer Auction Service,2026-09-30T03:23:23Z,411,322874160,"Carnival Blue Turquoise Glass, Sugar and creamer",13,14,5,OPEN,0,USD,https://hibid.com/lot/322874160
779190,Living Estate of Patricia Freed,Pioneer Auction Service,2026-09-30T03:23:23Z,412,322874161,"Carnival Glass Blue Turquoise pitcher, 12 goblets",56,57,6,OPEN,0,USD,https://hibid.com/lot/322874161
779190,Living Estate of Patricia Freed,Pioneer Auction Service,2026-09-30T03:23:23Z,413,322874162,Le Smith Valtec Tree Star Amethyst Pitcher,2,3,1,OPEN,0,USD,https://hibid.com/lot/322874162
779190,Living Estate of Patricia Freed,Pioneer Auction Service,2026-09-30T03:23:23Z,414,322874163,Imperial Carnival Glass Beaded Block Marigold Oval,2,3,1,OPEN,0,USD,https://hibid.com/lot/322874163
779190,Living Estate of Patricia Freed,Pioneer Auction Service,2026-09-30T03:23:23Z,415,322874164,"Carnival glass, Large grape clusters containing",3,4,2,OPEN,0,USD,https://hibid.com/lot/322874164
779190,Living Estate of Patricia Freed,Pioneer Auction Service,2026-09-30T03:23:23Z,416,322874165,Anchor Hocking Jeanette Glass Optic Marigold glass,11,12,4,OPEN,0,USD,https://hibid.com/lot/322874165
779190,Living Estate of Patricia Freed,Pioneer Auction Service,2026-09-30T03:23:23Z,417,322874166,Jeanette Glass Anniversary pattern,0,2,0,OPEN,0,USD,https://hibid.com/lot/322874166
779190,Living Estate of Patricia Freed,Pioneer Auction Service,2026-09-30T03:23:23Z,418,322874167,Orange and Amethyst Carnival Glass Bowl,18,19,10,OPEN,0,USD,https://hibid.com/lot/322874167
779190,Living Estate of Patricia Freed,Pioneer Auction Service,2026-09-30T03:23:23Z,419,322874168,Fenton Black Amethyst Carnival Glass Marie C,15,16,3,OPEN,0,USD,https://hibid.com/lot/322874168
779190,Living Estate of Patricia Freed,Pioneer Auction Service,2026-09-30T03:23:23Z,420,322874169,Indiana Glass Iridescent Blue Grape Canister,20,21,8,OPEN,0,USD,https://hibid.com/lot/322874169
779190,Living Estate of Patricia Freed,Pioneer Auction Service,2026-09-30T03:23:23Z,421,322874170,Marigold Pattern Iridescent Ashtrays,0,2,0,OPEN,0,USD,https://hibid.com/lot/322874170
779190,Living Estate of Patricia Freed,Pioneer Auction Service,2026-09-30T03:23:23Z,422,322874171,Indiana Glass Marigold Iridescent Grape Goblets,2,3,1,OPEN,0,USD,https://hibid.com/lot/322874171
779190,Living Estate of Patricia Freed,Pioneer Auction Service,2026-09-30T03:23:23Z,423,322874172,Imperial Glass Iridescent Orange Rose Luster Bowl,2,3,1,OPEN,0,USD,https://hibid.com/lot/322874172
779190,Living Estate of Patricia Freed,Pioneer Auction Service,2026-09-30T03:23:23Z,424,322874173,EPAG Imperial Carnival Iridescent Marigold base,3,4,3,OPEN,0,USD,https://hibid.com/lot/322874173
779190,Living Estate of Patricia Freed,Pioneer Auction Service,2026-09-30T03:23:23Z,425,322874174,Indiana Carnival Glass Colony Harvest Iridescent,16,17,5,OPEN,0,USD,https://hibid.com/lot/322874174
779190,Living Estate of Patricia Freed,Pioneer Auction Service,2026-09-30T03:23:23Z,426,322874175,Marigold Blackberry Spray Carnival Glass Ruffle,2,3,1,OPEN,0,USD,https://hibid.com/lot/322874175
779190,Living Estate of Patricia Freed,Pioneer Auction Service,2026-09-30T03:23:23Z,427,322874176,Liberty Bell Jar Bicentennial Limited Issue,2,3,1,OPEN,0,USD,https://hibid.com/lot/322874176
779190,Living Estate of Patricia Freed,Pioneer Auction Service,2026-09-30T03:23:23Z,428,322874177,Imperial Glass Marigold Rose Pattern Fluted Bowl,2,3,1,OPEN,0,USD,https://hibid.com/lot/322874177
779190,Living Estate of Patricia Freed,Pioneer Auction Service,2026-09-30T03:23:23Z,429,322874178,Jeanette Glass Orange Iris Pattern fluted bowls,0,2,0,OPEN,0,USD,https://hibid.com/lot/322874178
779190,Living Estate of Patricia Freed,Pioneer Auction Service,2026-09-30T03:23:23Z,430,322874179,Amber orange Whirling star small compote,4,5,3,OPEN,0,USD,https://hibid.com/lot/322874179
779190,Living Estate of Patricia Freed,Pioneer Auction Service,2026-09-30T03:23:23Z,431,322874180,Marigold Iridescent Carnival leaf dish with 2,2,3,1,OPEN,0,USD,https://hibid.com/lot/322874180
779190,Living Estate of Patricia Freed,Pioneer Auction Service,2026-09-30T03:23:23Z,432,322874181,Indiana Glass Iridescent Marigold Pitcher,4,5,2,OPEN,0,USD,https://hibid.com/lot/322874181
779190,Living Estate of Patricia Freed,Pioneer Auction Service,2026-09-30T03:23:23Z,433,322874182,Indiana Glass Marigold Kings Crown Compotes,31,32,10,OPEN,0,USD,https://hibid.com/lot/322874182
779190,Living Estate of Patricia Freed,Pioneer Auction Service,2026-09-30T03:23:23Z,434,322874183,Anchor Hocking White Milk Glass gold rimmed,12,13,7,OPEN,0,USD,https://hibid.com/lot/322874183
779190,Living Estate of Patricia Freed,Pioneer Auction Service,2026-09-30T03:23:23Z,435,322874184,White Enamel Refrigerator containers glass lids,11,12,4,OPEN,0,USD,https://hibid.com/lot/322874184
779190,Living Estate of Patricia Freed,Pioneer Auction Service,2026-09-30T03:23:23Z,436,322874185,Federal Milk Glass Tall Coffee mugs or Beer,0,2,0,OPEN,0,USD,https://hibid.com/lot/322874185
779190,Living Estate of Patricia Freed,Pioneer Auction Service,2026-09-30T03:23:23Z,437,322874186,Anchor Hocking Fire King Sugar and Creamer set,0,2,0,OPEN,0,USD,https://hibid.com/lot/322874186
779190,Living Estate of Patricia Freed,Pioneer Auction Service,2026-09-30T03:23:23Z,438,322874187,Fenton Milk glass Silver Rimmed and Handled,3,4,2,OPEN,0,USD,https://hibid.com/lot/322874187
779190,Living Estate of Patricia Freed,Pioneer Auction Service,2026-09-30T03:23:23Z,439,322874188,FENTON Silver Crest Basket Milk Glass Ruffle,25,26,5,OPEN,0,USD,https://hibid.com/lot/322874188
779190,Living Estate of Patricia Freed,Pioneer Auction Service,2026-09-30T03:23:23Z,440,322874189,Fenton Silver Crested Milk glass ruffled bowl,19,20,5,OPEN,0,USD,https://hibid.com/lot/322874189
779190,Living Estate of Patricia Freed,Pioneer Auction Service,2026-09-30T03:23:23Z,441,322874190,Federal Glass iridescent milk glass beer steins,11,12,5,OPEN,0,USD,https://hibid.com/lot/322874190
779190,Living Estate of Patricia Freed,Pioneer Auction Service,2026-09-30T03:23:23Z,442,322874191,Cornucopia Milk White Glass Serving Dish,0,2,0,OPEN,0,USD,https://hibid.com/lot/322874191
779190,Living Estate of Patricia Freed,Pioneer Auction Service,2026-09-30T03:23:23Z,443,322874192,Westmoreland Milk glass Berries lidded candy dish,2,3,1,OPEN,0,USD,https://hibid.com/lot/322874192
779190,Living Estate of Patricia Freed,Pioneer Auction Service,2026-09-30T03:23:23Z,444,322874193,Anchor Hocking Milk Glass Pearl and Teardrop vase,0,2,0,OPEN,0,USD,https://hibid.com/lot/322874193
779190,Living Estate of Patricia Freed,Pioneer Auction Service,2026-09-30T03:23:23Z,445,322874194,Pink Depression Glass Ware,2,3,1,OPEN,0,USD,https://hibid.com/lot/322874194
779190,Living Estate of Patricia Freed,Pioneer Auction Service,2026-09-30T03:23:23Z,446,322874195,Pink depression Glass Etched small compote bowl,0,2,0,OPEN,0,USD,https://hibid.com/lot/322874195
779190,Living Estate of Patricia Freed,Pioneer Auction Service,2026-09-30T03:23:23Z,447,322874196,Indiana Frosted Pink Satin Umbrella trinket bowl,2,3,1,OPEN,0,USD,https://hibid.com/lot/322874196
779190,Living Estate of Patricia Freed,Pioneer Auction Service,2026-09-30T03:23:23Z,448,322874197,"Pink Depression Glass, Open Floral open candy",2,3,1,OPEN,0,USD,https://hibid.com/lot/322874197
779190,Living Estate of Patricia Freed,Pioneer Auction Service,2026-09-30T03:23:23Z,449,322874198,Vintage Uranium Hand mixer era 1920’s,24,25,12,OPEN,0,USD,https://hibid.com/lot/322874198
779190,Living Estate of Patricia Freed,Pioneer Auction Service,2026-09-30T03:23:23Z,450,322874199,Green Jadeite Depression Style Glass Salt &,7,8,6,OPEN,0,USD,https://hibid.com/lot/322874199
779190,Living Estate of Patricia Freed,Pioneer Auction Service,2026-09-30T03:23:23Z,451,322874200,Hazel Atlas Old Florentine #1 dinner plate,8,9,6,OPEN,0,USD,https://hibid.com/lot/322874200
779190,Living Estate of Patricia Freed,Pioneer Auction Service,2026-09-30T03:23:23Z,452,322874201,Federal Glass Uranium Georgian Lovebirds,11,12,4,OPEN,0,USD,https://hibid.com/lot/322874201
779190,Living Estate of Patricia Freed,Pioneer Auction Service,2026-09-30T03:23:23Z,453,322874202,Fire King Jadite Plate and (3) coffee cup saucers,2,3,1,OPEN,0,USD,https://hibid.com/lot/322874202
779190,Living Estate of Patricia Freed,Pioneer Auction Service,2026-09-30T03:23:23Z,454,322874203,"Antique Uranium Hand Juicer, (2) Sherbert dishes",8,9,5,OPEN,0,USD,https://hibid.com/lot/322874203
779190,Living Estate of Patricia Freed,Pioneer Auction Service,2026-09-30T03:23:23Z,455,322874204,"Uranium plates, two are 2 handled, one etched",2,3,1,OPEN,0,USD,https://hibid.com/lot/322874204
779190,Living Estate of Patricia Freed,Pioneer Auction Service,2026-09-30T03:23:23Z,456,322874205,"Uranium swirled plate, (3) coffee coffee cups",2,3,1,OPEN,0,USD,https://hibid.com/lot/322874205
779190,Living Estate of Patricia Freed,Pioneer Auction Service,2026-09-30T03:23:23Z,457,322874206,"Hazel Atlas Uranium bowl, Sherbet bowl, cup",4,5,2,OPEN,0,USD,https://hibid.com/lot/322874206
779190,Living Estate of Patricia Freed,Pioneer Auction Service,2026-09-30T03:23:23Z,458,322874207,Uranium Hazel Atlas Refrigerator dishes lidded,14,15,9,OPEN,0,USD,https://hibid.com/lot/322874207
779190,Living Estate of Patricia Freed,Pioneer Auction Service,2026-09-30T03:23:23Z,459,322874208,Ceramic Hen on a nest Soup Tureen no handle,3,4,2,OPEN,0,USD,https://hibid.com/lot/322874208
779190,Living Estate of Patricia Freed,Pioneer Auction Service,2026-09-30T03:23:23Z,460,322874209,Indiana glass Green Chicken on nest bowl,51,52,14,OPEN,0,USD,https://hibid.com/lot/322874209
779190,Living Estate of Patricia Freed,Pioneer Auction Service,2026-09-30T03:23:23Z,461,322874210,White Milk Glass Chicken on nest candy dish,9,10,6,OPEN,0,USD,https://hibid.com/lot/322874210
779190,Living Estate of Patricia Freed,Pioneer Auction Service,2026-09-30T03:23:23Z,462,322874211,Fenton basket base with nesting Chicken,33,34,12,OPEN,0,USD,https://hibid.com/lot/322874211
779190,Living Estate of Patricia Freed,Pioneer Auction Service,2026-09-30T03:23:23Z,463,322874212,Carnival Glass Turquoise Blue Nesting Chicken,55,56,17,OPEN,0,USD,https://hibid.com/lot/322874212
779190,Living Estate of Patricia Freed,Pioneer Auction Service,2026-09-30T03:23:23Z,464,322874213,Carnival glass Iridescent Marigold Nesting Chicken,58,59,17,OPEN,0,USD,https://hibid.com/lot/322874213
779190,Living Estate of Patricia Freed,Pioneer Auction Service,2026-09-30T03:23:23Z,465,322874214,Degenhart Marine Blue Mini Hen On Nest,18,19,13,OPEN,0,USD,https://hibid.com/lot/322874214
779190,Living Estate of Patricia Freed,Pioneer Auction Service,2026-09-30T03:23:23Z,466,322874215,Fenton Colonial Blue Glass Ruffled Thumbprint,2,3,1,OPEN,0,USD,https://hibid.com/lot/322874215
779190,Living Estate of Patricia Freed,Pioneer Auction Service,2026-09-30T03:23:23Z,467,322874216,Iridescent Blue Carnival Glass Indiana Grape,14,15,6,OPEN,0,USD,https://hibid.com/lot/322874216
779190,Living Estate of Patricia Freed,Pioneer Auction Service,2026-09-30T03:23:23Z,468,322874217,Dresdens Cornucopia vase,3,4,2,OPEN,0,USD,https://hibid.com/lot/322874217
779190,Living Estate of Patricia Freed,Pioneer Auction Service,2026-09-30T03:23:23Z,469,322874218,Fenton Milk Glass Cat Face Slupper,12,13,6,OPEN,0,USD,https://hibid.com/lot/322874218
779190,Living Estate of Patricia Freed,Pioneer Auction Service,2026-09-30T03:23:23Z,470,322874219,"Fenton Amber Gold Slippers (2) , Amber Slipper",10,11,5,OPEN,0,USD,https://hibid.com/lot/322874219
779190,Living Estate of Patricia Freed,Pioneer Auction Service,2026-09-30T03:23:23Z,471,322874220,"Green Fenton Glass Shoe Daisy and Button, and Boot",10,11,5,OPEN,0,USD,https://hibid.com/lot/322874220
779190,Living Estate of Patricia Freed,Pioneer Auction Service,2026-09-30T03:23:23Z,472,322874221,Ruby Red Diamond Point Fairy Lamp,64,65,19,OPEN,0,USD,https://hibid.com/lot/322874221
779190,Living Estate of Patricia Freed,Pioneer Auction Service,2026-09-30T03:23:23Z,473,322874222,Avon Ruby Red Salt and Pepper Shakers,2,3,1,OPEN,0,USD,https://hibid.com/lot/322874222
779190,Living Estate of Patricia Freed,Pioneer Auction Service,2026-09-30T03:23:23Z,474,322874223,1837-1887 GOLDEN AMBER THE QUEENS JUBILEE BUTTER,41,42,8,OPEN,0,USD,https://hibid.com/lot/322874223
779190,Living Estate of Patricia Freed,Pioneer Auction Service,2026-09-30T03:23:23Z,475,322874224,"Vintage Red amberina art glass bowl, Red heart",0,2,0,OPEN,0,USD,https://hibid.com/lot/322874224
779190,Living Estate of Patricia Freed,Pioneer Auction Service,2026-09-30T03:23:23Z,476,322874225,Tiffin Kings Crown Thumbprint glass plate (1),0,2,0,OPEN,0,USD,https://hibid.com/lot/322874225
779190,Living Estate of Patricia Freed,Pioneer Auction Service,2026-09-30T03:23:23Z,477,322874226,Indiana glass Ruby Red Diamond point goblets (5),0,2,0,OPEN,0,USD,https://hibid.com/lot/322874226
779190,Living Estate of Patricia Freed,Pioneer Auction Service,2026-09-30T03:23:23Z,478,322874227,Green Thumbprint Ruffled compotes (2),2,3,1,OPEN,0,USD,https://hibid.com/lot/322874227
779190,Living Estate of Patricia Freed,Pioneer Auction Service,2026-09-30T03:23:23Z,479,322874228,1960s Miniature Oil Lamp Hong Kong Flash Colors,6,7,4,OPEN,0,USD,https://hibid.com/lot/322874228
779190,Living Estate of Patricia Freed,Pioneer Auction Service,2026-09-30T03:23:23Z,480,322874229,"Sunkist Milkglass juicer, (2) Clear Juicers",0,2,0,OPEN,0,USD,https://hibid.com/lot/322874229
779190,Living Estate of Patricia Freed,Pioneer Auction Service,2026-09-30T03:23:23Z,481,322874230,"Homer Laughlin Cream platter, Floral platters",2,3,1,OPEN,0,USD,https://hibid.com/lot/322874230
779190,Living Estate of Patricia Freed,Pioneer Auction Service,2026-09-30T03:23:23Z,482,322874231,Indiana glass green octagon lidded dish,2,3,1,OPEN,0,USD,https://hibid.com/lot/322874231
779190,Living Estate of Patricia Freed,Pioneer Auction Service,2026-09-30T03:23:23Z,483,322874232,"Glass platters, Banana Split dishes",0,2,0,OPEN,0,USD,https://hibid.com/lot/322874232
779190,Living Estate of Patricia Freed,Pioneer Auction Service,2026-09-30T03:23:23Z,484,322874233,Crystal Diamond Point Decanters and Goblets (6),0,2,0,OPEN,0,USD,https://hibid.com/lot/322874233
779190,Living Estate of Patricia Freed,Pioneer Auction Service,2026-09-30T03:23:23Z,485,322874234,Jeannette National Clear Glass 6 Section Relish,0,2,0,OPEN,0,USD,https://hibid.com/lot/322874234
779190,Living Estate of Patricia Freed,Pioneer Auction Service,2026-09-30T03:23:23Z,486,322874235,Jeanette Glass 6 leafed comparts,0,2,0,OPEN,0,USD,https://hibid.com/lot/322874235
779190,Living Estate of Patricia Freed,Pioneer Auction Service,2026-09-30T03:23:23Z,487,322874236,"light green hobnail ceramic jam jar, honey pot",0,2,0,OPEN,0,USD,https://hibid.com/lot/322874236
779190,Living Estate of Patricia Freed,Pioneer Auction Service,2026-09-30T03:23:23Z,488,322874237,"Large Crystal bowl, 3 footed diamond point bowl",0,2,0,OPEN,0,USD,https://hibid.com/lot/322874237
779190,Living Estate of Patricia Freed,Pioneer Auction Service,2026-09-30T03:23:23Z,489,322874238,"Cut Glass bowls (6), Pressed glass bowls (5),",0,2,0,OPEN,0,USD,https://hibid.com/lot/322874238
779190,Living Estate of Patricia Freed,Pioneer Auction Service,2026-09-30T03:23:23Z,490,322874239,Arcoroc Canterbury Crocus pattern plates (7),0,2,0,OPEN,0,USD,https://hibid.com/lot/322874239
779190,Living Estate of Patricia Freed,Pioneer Auction Service,2026-09-30T03:23:23Z,491,322874240,"Large Pitcher, Small Juicer, Crystal bowls",0,2,0,OPEN,0,USD,https://hibid.com/lot/322874240
779190,Living Estate of Patricia Freed,Pioneer Auction Service,2026-09-30T03:23:23Z,492,322874241,Silver plated with red velvet trinket box etched,2,3,1,OPEN,0,USD,https://hibid.com/lot/322874241
779190,Living Estate of Patricia Freed,Pioneer Auction Service,2026-09-30T03:23:23Z,493,322874242,"Partylite tulip vase, Crystal bowls, Marigold",0,2,0,OPEN,0,USD,https://hibid.com/lot/322874242
779190,Living Estate of Patricia Freed,Pioneer Auction Service,2026-09-30T03:23:23Z,494,322874243,Westmoreland Glass Shell and Jewel Pitcher,0,2,0,OPEN,0,USD,https://hibid.com/lot/322874243
779190,Living Estate of Patricia Freed,Pioneer Auction Service,2026-09-30T03:23:23Z,495,322874244,"Shirley Temple Pitcher, Blue Mount Vernon plate",2,3,1,OPEN,0,USD,https://hibid.com/lot/322874244
779190,Living Estate of Patricia Freed,Pioneer Auction Service,2026-09-30T03:23:23Z,496,322874245,"Hazel Atlas Capri glass dot vase, Cruet, vases",0,2,0,OPEN,0,USD,https://hibid.com/lot/322874245
779190,Living Estate of Patricia Freed,Pioneer Auction Service,2026-09-30T03:23:23Z,497,322874246,"Anchor Hocking Fire-King Rainbow Collection, Blue",2,3,1,OPEN,0,USD,https://hibid.com/lot/322874246
779190,Living Estate of Patricia Freed,Pioneer Auction Service,2026-09-30T03:23:23Z,498,322874247,"1986 Raised Hummel plate, Crystal votive lamps (2)",2,3,2,OPEN,0,USD,https://hibid.com/lot/322874247
779190,Living Estate of Patricia Freed,Pioneer Auction Service,2026-09-30T03:23:23Z,499,322874248,"Lead crystal Ice Bucket, Heavy Crystal covered",0,2,0,OPEN,0,USD,https://hibid.com/lot/322874248
779190,Living Estate of Patricia Freed,Pioneer Auction Service,2026-09-30T03:23:23Z,500,322874249,Indiana Green Glass Serving Dish Bowl Loganberry,0,2,0,OPEN,0,USD,https://hibid.com/lot/322874249
779190,Living Estate of Patricia Freed,Pioneer Auction Service,2026-09-30T03:23:23Z,501,322874250,Northwood Glass leaf and beads iridescent blue top,3,4,2,OPEN,0,USD,https://hibid.com/lot/322874250
779190,Living Estate of Patricia Freed,Pioneer Auction Service,2026-09-30T03:23:23Z,502,322874251,Jeanette Glass Gold trimmed open sugar bowls (2),0,2,0,OPEN,0,USD,https://hibid.com/lot/322874251
779190,Living Estate of Patricia Freed,Pioneer Auction Service,2026-09-30T03:23:23Z,503,322874252,"Pressed Cut glass cream and sugar,",0,2,0,OPEN,0,USD,https://hibid.com/lot/322874252
779190,Living Estate of Patricia Freed,Pioneer Auction Service,2026-09-30T03:23:23Z,503B,322874253,Crystal Cruet set,0,2,0,OPEN,0,USD,https://hibid.com/lot/322874253
779190,Living Estate of Patricia Freed,Pioneer Auction Service,2026-09-30T03:23:23Z,504,322874254,Indiana Glass Diamond point salt and pepper set,0,2,0,OPEN,0,USD,https://hibid.com/lot/322874254
779190,Living Estate of Patricia Freed,Pioneer Auction Service,2026-09-30T03:23:23Z,505,322874255,Imperial Glass Basket Clear Etched Glass. Flower,0,2,0,OPEN,0,USD,https://hibid.com/lot/322874255
779190,Living Estate of Patricia Freed,Pioneer Auction Service,2026-09-30T03:23:23Z,506,322874256,Anchor Hocking Wexford Clear Glass Candy Dish,0,2,0,OPEN,0,USD,https://hibid.com/lot/322874256
779190,Living Estate of Patricia Freed,Pioneer Auction Service,2026-09-30T03:23:23Z,507,322874257,Crystal cut glass Hobstar fan pitcher,0,2,0,OPEN,0,USD,https://hibid.com/lot/322874257
779190,Living Estate of Patricia Freed,Pioneer Auction Service,2026-09-30T03:23:23Z,508,322874258,Anchor Hocking Open lace heart milk glass platter,0,2,0,OPEN,0,USD,https://hibid.com/lot/322874258
779190,Living Estate of Patricia Freed,Pioneer Auction Service,2026-09-30T03:23:23Z,509,322874259,"Etched glass creamers (2), Sugar bowl, Relish",0,2,0,OPEN,0,USD,https://hibid.com/lot/322874259
779190,Living Estate of Patricia Freed,Pioneer Auction Service,2026-09-30T03:23:23Z,510,322874260,Indiana Glass Gaelic Casters Condiment Clear,0,2,0,OPEN,0,USD,https://hibid.com/lot/322874260
779190,Living Estate of Patricia Freed,Pioneer Auction Service,2026-09-30T03:23:23Z,511,322874261,Mikasa Crystal Etched Floral Glass Bowl with Roses,0,2,0,OPEN,0,USD,https://hibid.com/lot/322874261
779190,Living Estate of Patricia Freed,Pioneer Auction Service,2026-09-30T03:23:23Z,512,322874262,Lead Crystal Glass pieces,0,2,0,OPEN,0,USD,https://hibid.com/lot/322874262
779190,Living Estate of Patricia Freed,Pioneer Auction Service,2026-09-30T03:23:23Z,513,322874263,Lead Crystal cut glass canisters,2,3,1,OPEN,0,USD,https://hibid.com/lot/322874263
779190,Living Estate of Patricia Freed,Pioneer Auction Service,2026-09-30T03:23:23Z,514,322874264,Crystal Glass Butter/Cheese covered dishes,2,3,1,OPEN,0,USD,https://hibid.com/lot/322874264
779190,Living Estate of Patricia Freed,Pioneer Auction Service,2026-09-30T03:23:23Z,515,322874265,Hammered Silver Plate Creamer Pitcher Footed,2,3,1,OPEN,0,USD,https://hibid.com/lot/322874265
779190,Living Estate of Patricia Freed,Pioneer Auction Service,2026-09-30T03:23:23Z,516,322874266,Antique Hanson Brothers 24 LB Kitchen Scale,6,7,5,OPEN,0,USD,https://hibid.com/lot/322874266
779190,Living Estate of Patricia Freed,Pioneer Auction Service,2026-09-30T03:23:23Z,517,322874267,Cameo Black Diamond Point Glassware,13,14,6,OPEN,0,USD,https://hibid.com/lot/322874267
779190,Living Estate of Patricia Freed,Pioneer Auction Service,2026-09-30T03:23:23Z,519,322874268,Royal China Gold designed Soup tureen,0,2,0,OPEN,0,USD,https://hibid.com/lot/322874268
779190,Living Estate of Patricia Freed,Pioneer Auction Service,2026-09-30T03:23:23Z,520,322874269,"Japanese Moriage Teapot, Gibson Gold Brown teapot",2,3,1,OPEN,0,USD,https://hibid.com/lot/322874269
779190,Living Estate of Patricia Freed,Pioneer Auction Service,2026-09-30T03:23:23Z,521,322874270,"China teacups, Gravy Boat with saucer,",2,3,1,OPEN,0,USD,https://hibid.com/lot/322874270
779190,Living Estate of Patricia Freed,Pioneer Auction Service,2026-09-30T03:23:23Z,522,322874271,Fenton Hobnail Milkglass Cream and Sugar,2,3,1,OPEN,0,USD,https://hibid.com/lot/322874271
779190,Living Estate of Patricia Freed,Pioneer Auction Service,2026-09-30T03:23:23Z,523,322874272,Japanese moriage hand Painted teapot,2,3,1,OPEN,0,USD,https://hibid.com/lot/322874272
779190,Living Estate of Patricia Freed,Pioneer Auction Service,2026-09-30T03:23:23Z,524,322874273,"Porcelain bells, Decorative Shoes, Trinket boxes",2,3,1,OPEN,0,USD,https://hibid.com/lot/322874273
779190,Living Estate of Patricia Freed,Pioneer Auction Service,2026-09-30T03:23:23Z,525,322874274,Porcelain and China Boot collection,3,4,2,OPEN,0,USD,https://hibid.com/lot/322874274
779190,Living Estate of Patricia Freed,Pioneer Auction Service,2026-09-30T03:23:23Z,526,322874275,China Dishes,3,4,2,OPEN,0,USD,https://hibid.com/lot/322874275
779190,Living Estate of Patricia Freed,Pioneer Auction Service,2026-09-30T03:23:23Z,527,322874276,"Floral China serving bowls, Teacup, Bone China",0,2,0,OPEN,0,USD,https://hibid.com/lot/322874276
779190,Living Estate of Patricia Freed,Pioneer Auction Service,2026-09-30T03:23:23Z,528,322874277,Decorative China Floral bowls,2,3,1,OPEN,0,USD,https://hibid.com/lot/322874277
779190,Living Estate of Patricia Freed,Pioneer Auction Service,2026-09-30T03:23:23Z,529,322874278,German Porcelain pink ruffled gold trim bowl,4,5,3,OPEN,0,USD,https://hibid.com/lot/322874278
779190,Living Estate of Patricia Freed,Pioneer Auction Service,2026-09-30T03:23:23Z,530,322874279,"China Tea Cups (3), Floral coffee cup (1)",0,2,0,OPEN,0,USD,https://hibid.com/lot/322874279
779190,Living Estate of Patricia Freed,Pioneer Auction Service,2026-09-30T03:23:23Z,531,322874280,Pearl Glazed China Cream and sugar sets (2),0,2,0,OPEN,0,USD,https://hibid.com/lot/322874280
779190,Living Estate of Patricia Freed,Pioneer Auction Service,2026-09-30T03:23:23Z,532,322874281,KINGWOOD 50th Anniversary teapot,0,2,0,OPEN,0,USD,https://hibid.com/lot/322874281
779190,Living Estate of Patricia Freed,Pioneer Auction Service,2026-09-30T03:23:23Z,533,322874282,Mount Clemens China Sugar and Creamer,0,2,0,OPEN,0,USD,https://hibid.com/lot/322874282
779190,Living Estate of Patricia Freed,Pioneer Auction Service,2026-09-30T03:23:23Z,534,322874283,Assorted China Plates,2,3,1,OPEN,0,USD,https://hibid.com/lot/322874283
779190,Living Estate of Patricia Freed,Pioneer Auction Service,2026-09-30T03:23:23Z,535,322874284,"Assorted China tea cup saucers, serving bowls",0,2,0,OPEN,0,USD,https://hibid.com/lot/322874284
779190,Living Estate of Patricia Freed,Pioneer Auction Service,2026-09-30T03:23:23Z,536,322874285,"Assorted China plates, Bowls, Tea Cups Saucers",2,3,1,OPEN,0,USD,https://hibid.com/lot/322874285
779190,Living Estate of Patricia Freed,Pioneer Auction Service,2026-09-30T03:23:23Z,537,322874286,Japanese Black Teapot Rooster with Chick on top,3,4,2,OPEN,0,USD,https://hibid.com/lot/322874286
779190,Living Estate of Patricia Freed,Pioneer Auction Service,2026-09-30T03:23:23Z,538,322874287,Relco Redware Black Pheasants Cruets,0,2,0,OPEN,0,USD,https://hibid.com/lot/322874287
779190,Living Estate of Patricia Freed,Pioneer Auction Service,2026-09-30T03:23:23Z,539,322874288,Wall Pocket Tea Kettle With Pot Holder Hooks Red,5,6,4,OPEN,0,USD,https://hibid.com/lot/322874288
779190,Living Estate of Patricia Freed,Pioneer Auction Service,2026-09-30T03:23:23Z,540,322874289,Gracie Bone China Rose coffee cup with saucer,0,2,0,OPEN,0,USD,https://hibid.com/lot/322874289
779190,Living Estate of Patricia Freed,Pioneer Auction Service,2026-09-30T03:23:23Z,541,322874290,German China delicate floral teacups (2),2,3,1,OPEN,0,USD,https://hibid.com/lot/322874290
779190,Living Estate of Patricia Freed,Pioneer Auction Service,2026-09-30T03:23:23Z,542,322874291,"Mid century, yellow and 22k gold creamer and",3,4,2,OPEN,0,USD,https://hibid.com/lot/322874291
779190,Living Estate of Patricia Freed,Pioneer Auction Service,2026-09-30T03:23:23Z,543,322874292,"Violet Teapot, Girl planter",2,3,1,OPEN,0,USD,https://hibid.com/lot/322874292
779190,Living Estate of Patricia Freed,Pioneer Auction Service,2026-09-30T03:23:23Z,544,322874293,"Blenko Crackle glass decanter, Relpo Blue Daisy",58,59,22,OPEN,0,USD,https://hibid.com/lot/322874293
779190,Living Estate of Patricia Freed,Pioneer Auction Service,2026-09-30T03:23:23Z,545,322874294,Household Institute China plates and cup saucers,2,3,1,OPEN,0,USD,https://hibid.com/lot/322874294
779190,Living Estate of Patricia Freed,Pioneer Auction Service,2026-09-30T03:23:23Z,546,322874295,God Bless our Home hanging Plate,0,2,0,OPEN,0,USD,https://hibid.com/lot/322874295
779190,Living Estate of Patricia Freed,Pioneer Auction Service,2026-09-30T03:23:23Z,547,322874296,"Diana Pottery Teapot, Creamer and Sugar set",2,3,1,OPEN,0,USD,https://hibid.com/lot/322874296
779190,Living Estate of Patricia Freed,Pioneer Auction Service,2026-09-30T03:23:23Z,548,322874297,"Milk Glass grapes candy dish, Ruby Red Saucers",2,3,1,OPEN,0,USD,https://hibid.com/lot/322874297
779190,Living Estate of Patricia Freed,Pioneer Auction Service,2026-09-30T03:23:23Z,549,322874298,Assorted China plates,2,3,1,OPEN,0,USD,https://hibid.com/lot/322874298
779190,Living Estate of Patricia Freed,Pioneer Auction Service,2026-09-30T03:23:23Z,550,322874299,Ruffled Walt Disney World Souvenir plates (2),0,2,0,OPEN,0,USD,https://hibid.com/lot/322874299
779190,Living Estate of Patricia Freed,Pioneer Auction Service,2026-09-30T03:23:23Z,551,322874300,Assorted China plates and Saucers,0,2,0,OPEN,0,USD,https://hibid.com/lot/322874300
779190,Living Estate of Patricia Freed,Pioneer Auction Service,2026-09-30T03:23:23Z,552,322874301,Lochs of Scotland White and Blue covered bowl,4,5,3,OPEN,0,USD,https://hibid.com/lot/322874301
779190,Living Estate of Patricia Freed,Pioneer Auction Service,2026-09-30T03:23:23Z,553,322874302,"Locks of Scotland Coffee pot, Teapot",12,13,7,OPEN,0,USD,https://hibid.com/lot/322874302
779190,Living Estate of Patricia Freed,Pioneer Auction Service,2026-09-30T03:23:23Z,554,322874303,"Ashley Centennial Plates (2), Honey Pot, Bell",0,2,0,OPEN,0,USD,https://hibid.com/lot/322874303
779190,Living Estate of Patricia Freed,Pioneer Auction Service,2026-09-30T03:23:23Z,555,322874304,Gone Fix a Flower Teapot and Cream and Sugar by,12,13,6,OPEN,0,USD,https://hibid.com/lot/322874304
779190,Living Estate of Patricia Freed,Pioneer Auction Service,2026-09-30T03:23:23Z,556,322874305,Carnival Iridescent Star burst plate,0,2,0,OPEN,0,USD,https://hibid.com/lot/322874305
779190,Living Estate of Patricia Freed,Pioneer Auction Service,2026-09-30T03:23:23Z,557,322874306,"Cut glass salt and pepper shakers, Votive cup",2,3,1,OPEN,0,USD,https://hibid.com/lot/322874306
779190,Living Estate of Patricia Freed,Pioneer Auction Service,2026-09-30T03:23:23Z,558,322874307,Life is better on the Farm plaster wall hanging,3,4,2,OPEN,0,USD,https://hibid.com/lot/322874307
779190,Living Estate of Patricia Freed,Pioneer Auction Service,2026-09-30T03:23:23Z,559,322874308,Honeycomb Bee salt and pepper shakers,2,3,1,OPEN,0,USD,https://hibid.com/lot/322874308
779190,Living Estate of Patricia Freed,Pioneer Auction Service,2026-09-30T03:23:23Z,560,322874309,Salt and Pepper Shaker sets,2,3,1,OPEN,0,USD,https://hibid.com/lot/322874309
779190,Living Estate of Patricia Freed,Pioneer Auction Service,2026-09-30T03:23:23Z,561,322874310,"Mother hen with her two chicks, salt and pepper",8,9,6,OPEN,0,USD,https://hibid.com/lot/322874310
779190,Living Estate of Patricia Freed,Pioneer Auction Service,2026-09-30T03:23:23Z,562,322874311,Plated Metal salt and pepper shakers (2),0,2,0,OPEN,0,USD,https://hibid.com/lot/322874311
779190,Living Estate of Patricia Freed,Pioneer Auction Service,2026-09-30T03:23:23Z,563,322874312,Salt and Pepper Shakers,2,3,1,OPEN,0,USD,https://hibid.com/lot/322874312
779190,Living Estate of Patricia Freed,Pioneer Auction Service,2026-09-30T03:23:23Z,564,322874313,"Glass salt and pepper sets (2) , Plastic birds o",2,3,1,OPEN,0,USD,https://hibid.com/lot/322874313
779190,Living Estate of Patricia Freed,Pioneer Auction Service,2026-09-30T03:23:23Z,565,322874314,"Spice rack with jars, Hand crank egg beater",2,3,1,OPEN,0,USD,https://hibid.com/lot/322874314
779190,Living Estate of Patricia Freed,Pioneer Auction Service,2026-09-30T03:23:23Z,566,322874315,Salt and Pepper shakers,5,6,2,OPEN,0,USD,https://hibid.com/lot/322874315
779190,Living Estate of Patricia Freed,Pioneer Auction Service,2026-09-30T03:23:23Z,567,322874316,"Wooden spice rack with tins, Wooden Rolling Pin",12,13,7,OPEN,0,USD,https://hibid.com/lot/322874316
779190,Living Estate of Patricia Freed,Pioneer Auction Service,2026-09-30T03:23:23Z,568,322874317,"Metal Hand Sifters (2), Wooden Rolling pin",3,4,2,OPEN,0,USD,https://hibid.com/lot/322874317
779190,Living Estate of Patricia Freed,Pioneer Auction Service,2026-09-30T03:23:23Z,569,322874318,"Pfaltzgraff Pedestal soup tureen, Hull floral bowl",0,2,0,OPEN,0,USD,https://hibid.com/lot/322874318
779190,Living Estate of Patricia Freed,Pioneer Auction Service,2026-09-30T03:23:23Z,570,322874319,"Ruby Red fluted bowl, Green Hobnail votive holder",2,3,1,OPEN,0,USD,https://hibid.com/lot/322874319
779190,Living Estate of Patricia Freed,Pioneer Auction Service,2026-09-30T03:23:23Z,571,322874320,"Fire King Dinosaur bowl , Glass milk bottle from",0,2,0,OPEN,0,USD,https://hibid.com/lot/322874320
779190,Living Estate of Patricia Freed,Pioneer Auction Service,2026-09-30T03:23:23Z,572,322874321,Friendship Pottery Coffee pot,0,2,0,OPEN,0,USD,https://hibid.com/lot/322874321
779190,Living Estate of Patricia Freed,Pioneer Auction Service,2026-09-30T03:23:23Z,573,322874322,Japanese Gray Fine China Lilies and Butterflies,2,3,1,OPEN,0,USD,https://hibid.com/lot/322874322
779190,Living Estate of Patricia Freed,Pioneer Auction Service,2026-09-30T03:23:23Z,574,322874323,"Anchor Hocking bubble bowl, Fire King white bowls",0,2,0,OPEN,0,USD,https://hibid.com/lot/322874323
779190,Living Estate of Patricia Freed,Pioneer Auction Service,2026-09-30T03:23:23Z,575,322874324,"Fostoria ""Tut"" Green Uranium Trophy Vase",8,9,5,OPEN,0,USD,https://hibid.com/lot/322874324
779190,Living Estate of Patricia Freed,Pioneer Auction Service,2026-09-30T03:23:23Z,576,322874325,Porcelain Tall decorative boots,0,2,0,OPEN,0,USD,https://hibid.com/lot/322874325
779190,Living Estate of Patricia Freed,Pioneer Auction Service,2026-09-30T03:23:23Z,577,322874326,Victorian decorative shoes,2,3,1,OPEN,0,USD,https://hibid.com/lot/322874326
779190,Living Estate of Patricia Freed,Pioneer Auction Service,2026-09-30T03:23:23Z,578,322874327,"Happy Birthday Teacup, Creamer and sugar",2,3,1,OPEN,0,USD,https://hibid.com/lot/322874327
779190,Living Estate of Patricia Freed,Pioneer Auction Service,2026-09-30T03:23:23Z,579,322874328,"Porcelain Tall Decorative Boot, Baby shoe",0,2,0,OPEN,0,USD,https://hibid.com/lot/322874328
779190,Living Estate of Patricia Freed,Pioneer Auction Service,2026-09-30T03:23:23Z,580,322874329,Porcelain High heel decorative shoe,0,2,0,OPEN,0,USD,https://hibid.com/lot/322874329
779190,Living Estate of Patricia Freed,Pioneer Auction Service,2026-09-30T03:23:23Z,581,322874330,Victorian China creamer and sugar bowl,2,3,1,OPEN,0,USD,https://hibid.com/lot/322874330
779190,Living Estate of Patricia Freed,Pioneer Auction Service,2026-09-30T03:23:23Z,582,322874331,Japanese vase bird with floral,2,3,1,OPEN,0,USD,https://hibid.com/lot/322874331
779190,Living Estate of Patricia Freed,Pioneer Auction Service,2026-09-30T03:23:23Z,583,322874332,Porcelain shoes with 3d roses,0,2,0,OPEN,0,USD,https://hibid.com/lot/322874332
779190,Living Estate of Patricia Freed,Pioneer Auction Service,2026-09-30T03:23:23Z,584,322874333,Porcelain Shoes (2),0,2,0,OPEN,0,USD,https://hibid.com/lot/322874333
779190,Living Estate of Patricia Freed,Pioneer Auction Service,2026-09-30T03:23:23Z,585,322874334,EP Zinc Grape Vine Sugar and Creamer Set,2,3,1,OPEN,0,USD,https://hibid.com/lot/322874334
779190,Living Estate of Patricia Freed,Pioneer Auction Service,2026-09-30T03:23:23Z,586,322874335,Norman Rockwell Cups(4),0,2,0,OPEN,0,USD,https://hibid.com/lot/322874335
779190,Living Estate of Patricia Freed,Pioneer Auction Service,2026-09-30T03:23:23Z,586B,322874336,Hobnail Votive Candle,2,3,1,OPEN,0,USD,https://hibid.com/lot/322874336
779190,Living Estate of Patricia Freed,Pioneer Auction Service,2026-09-30T03:23:23Z,587,322874337,Porcelain Pitcher(2) Bells(2),2,3,1,OPEN,0,USD,https://hibid.com/lot/322874337
779190,Living Estate of Patricia Freed,Pioneer Auction Service,2026-09-30T03:23:23Z,588,322874338,Cobalt Blue Oil Lamp,9,10,6,OPEN,0,USD,https://hibid.com/lot/322874338
779190,Living Estate of Patricia Freed,Pioneer Auction Service,2026-09-30T03:23:23Z,589,322874339,Ceramic Rooster and Hen Figurine,0,2,0,OPEN,0,USD,https://hibid.com/lot/322874339
779190,Living Estate of Patricia Freed,Pioneer Auction Service,2026-09-30T03:23:23Z,590,322874340,Milk Glass Salt and Pepper Shaker,2,3,1,OPEN,0,USD,https://hibid.com/lot/322874340
779190,Living Estate of Patricia Freed,Pioneer Auction Service,2026-09-30T03:23:23Z,591,322874341,Mustache Cups(2),2,3,1,OPEN,0,USD,https://hibid.com/lot/322874341
779190,Living Estate of Patricia Freed,Pioneer Auction Service,2026-09-30T03:23:23Z,592,322874342,"Sea Shell Salt and Pepper Shaker, Sea Shells",0,2,0,OPEN,0,USD,https://hibid.com/lot/322874342
779190,Living Estate of Patricia Freed,Pioneer Auction Service,2026-09-30T03:23:23Z,593,322874343,"Pink Ruffled Bud Vase, Lady Head Vase Planter",19,20,15,OPEN,0,USD,https://hibid.com/lot/322874343
779190,Living Estate of Patricia Freed,Pioneer Auction Service,2026-09-30T03:23:23Z,594,322874344,"Wooden Dominoes Box, Miniature Blue Ceramic Dutch",0,2,0,OPEN,0,USD,https://hibid.com/lot/322874344
779190,Living Estate of Patricia Freed,Pioneer Auction Service,2026-09-30T03:23:23Z,595,322874345,Avon Bottles (2),2,3,1,OPEN,0,USD,https://hibid.com/lot/322874345
779190,Living Estate of Patricia Freed,Pioneer Auction Service,2026-09-30T03:23:23Z,596,322874346,Holiday Wine Classes (3),0,2,0,OPEN,0,USD,https://hibid.com/lot/322874346
779190,Living Estate of Patricia Freed,Pioneer Auction Service,2026-09-30T03:23:23Z,597,322874347,"Porcelain Pink Boots(2), Candlestick Holder",0,2,0,OPEN,0,USD,https://hibid.com/lot/322874347
779190,Living Estate of Patricia Freed,Pioneer Auction Service,2026-09-30T03:23:23Z,598,322874348,"Porcelain Bud Vase, Duck Planter",2,3,1,OPEN,0,USD,https://hibid.com/lot/322874348
779190,Living Estate of Patricia Freed,Pioneer Auction Service,2026-09-30T03:23:23Z,599,322874349,"Enoch Wedgewood Countryside Pattern, Tea Cups(4)",3,4,2,OPEN,0,USD,https://hibid.com/lot/322874349
779190,Living Estate of Patricia Freed,Pioneer Auction Service,2026-09-30T03:23:23Z,600,322874350,Nuova Capodimonte Italian Porcelain Decorative Set,0,2,0,OPEN,0,USD,https://hibid.com/lot/322874350
779190,Living Estate of Patricia Freed,Pioneer Auction Service,2026-09-30T03:23:23Z,601,322874351,"Bud Vases, Genie Lamp, Classic Treasures Clock",0,2,0,OPEN,0,USD,https://hibid.com/lot/322874351
779190,Living Estate of Patricia Freed,Pioneer Auction Service,2026-09-30T03:23:23Z,602,322874352,Trinket Boxes,2,3,1,OPEN,0,USD,https://hibid.com/lot/322874352
779190,Living Estate of Patricia Freed,Pioneer Auction Service,2026-09-30T03:23:23Z,603,322874353,"Bicentennial Glass Plates 1776, Miniature",2,3,1,OPEN,0,USD,https://hibid.com/lot/322874353
779190,Living Estate of Patricia Freed,Pioneer Auction Service,2026-09-30T03:23:23Z,604,322874354,Metal Sailing Ship,2,3,1,OPEN,0,USD,https://hibid.com/lot/322874354
779190,Living Estate of Patricia Freed,Pioneer Auction Service,2026-09-30T03:23:23Z,605,322874355,Stanford Sebring Pottery Duck & Bowl,6,7,5,OPEN,0,USD,https://hibid.com/lot/322874355
779190,Living Estate of Patricia Freed,Pioneer Auction Service,2026-09-30T03:23:23Z,606,322874356,Sip ‘ N Strip Fantasy Glasses (4),26,27,12,OPEN,0,USD,https://hibid.com/lot/322874356
779190,Living Estate of Patricia Freed,Pioneer Auction Service,2026-09-30T03:23:23Z,607,322874357,Glass Insulators (4),3,4,2,OPEN,0,USD,https://hibid.com/lot/322874357
779190,Living Estate of Patricia Freed,Pioneer Auction Service,2026-09-30T03:23:23Z,608,322874358,Glass Insulators (4),3,4,2,OPEN,0,USD,https://hibid.com/lot/322874358
779190,Living Estate of Patricia Freed,Pioneer Auction Service,2026-09-30T03:23:23Z,609,322874359,Clear Glass Insulators(3),4,5,3,OPEN,0,USD,https://hibid.com/lot/322874359
779190,Living Estate of Patricia Freed,Pioneer Auction Service,2026-09-30T03:23:23Z,610,322874360,"Lidded Trinket Box, White Porcelain Bud Vase",0,2,0,OPEN,0,USD,https://hibid.com/lot/322874360
779190,Living Estate of Patricia Freed,Pioneer Auction Service,2026-09-30T03:23:23Z,611,322874361,Sliver-Plated on Copper Silent Butler,3,4,2,OPEN,0,USD,https://hibid.com/lot/322874361
779190,Living Estate of Patricia Freed,Pioneer Auction Service,2026-09-30T03:23:23Z,612,322874362,"Knick Knack Display Shelf, Metal Flower Can, Oil",5,6,3,OPEN,0,USD,https://hibid.com/lot/322874362
779190,Living Estate of Patricia Freed,Pioneer Auction Service,2026-09-30T03:23:23Z,613,322874363,Floral Vases (6),3,4,2,OPEN,0,USD,https://hibid.com/lot/322874363
779190,Living Estate of Patricia Freed,Pioneer Auction Service,2026-09-30T03:23:23Z,614,322874364,"Pedestal Decorative Bird Bath, Jeannette Powered",0,2,0,OPEN,0,USD,https://hibid.com/lot/322874364
779190,Living Estate of Patricia Freed,Pioneer Auction Service,2026-09-30T03:23:23Z,615,322874365,Decorative Carousel Music Boxes (3),2,3,1,OPEN,0,USD,https://hibid.com/lot/322874365
779190,Living Estate of Patricia Freed,Pioneer Auction Service,2026-09-30T03:23:23Z,616,322874366,Decorative Musical Box(2),3,4,2,OPEN,0,USD,https://hibid.com/lot/322874366
779190,Living Estate of Patricia Freed,Pioneer Auction Service,2026-09-30T03:23:23Z,617,322874367,Wood Coasters w/ Caddy Holder(2),0,2,0,OPEN,0,USD,https://hibid.com/lot/322874367
779190,Living Estate of Patricia Freed,Pioneer Auction Service,2026-09-30T03:23:23Z,618,322874368,Decorative Ceramic Garden Gnomes(5),4,5,3,OPEN,0,USD,https://hibid.com/lot/322874368
779190,Living Estate of Patricia Freed,Pioneer Auction Service,2026-09-30T03:23:23Z,618B,322874369,Glass Bottle and Plastic Bottles w/ Contents,2,3,1,OPEN,0,USD,https://hibid.com/lot/322874369
779190,Living Estate of Patricia Freed,Pioneer Auction Service,2026-09-30T03:23:23Z,619,322874370,"Bottle Opener, Bud Vase, Candle Holder",2,3,1,OPEN,0,USD,https://hibid.com/lot/322874370
779190,Living Estate of Patricia Freed,Pioneer Auction Service,2026-09-30T03:23:23Z,620,322874371,Jacques Seeds Cup,0,2,0,OPEN,0,USD,https://hibid.com/lot/322874371
779190,Living Estate of Patricia Freed,Pioneer Auction Service,2026-09-30T03:23:23Z,621,322874372,Miniature Wooden Spinning Wheel,2,3,1,OPEN,0,USD,https://hibid.com/lot/322874372
779190,Living Estate of Patricia Freed,Pioneer Auction Service,2026-09-30T03:23:23Z,622,322874373,Brass Greek Warrior in Chariot & Bullock Cart,2,3,1,OPEN,0,USD,https://hibid.com/lot/322874373
779190,Living Estate of Patricia Freed,Pioneer Auction Service,2026-09-30T03:23:23Z,623,322874374,Ford Model T Musical Liquor Decanter,18,19,5,OPEN,0,USD,https://hibid.com/lot/322874374
779190,Living Estate of Patricia Freed,Pioneer Auction Service,2026-09-30T03:23:23Z,624,322874375,Cat Figurines (5),2,3,1,OPEN,0,USD,https://hibid.com/lot/322874375
779190,Living Estate of Patricia Freed,Pioneer Auction Service,2026-09-30T03:23:23Z,625,322874376,Ceramic Figurines (2) Boat,2,3,1,OPEN,0,USD,https://hibid.com/lot/322874376
779190,Living Estate of Patricia Freed,Pioneer Auction Service,2026-09-30T03:23:23Z,626,322874377,"Long Footed Planter, Double-Handle Bud Vase(2)",2,3,1,OPEN,0,USD,https://hibid.com/lot/322874377
779190,Living Estate of Patricia Freed,Pioneer Auction Service,2026-09-30T03:23:23Z,627,322874378,"Coke Drinking Glass, Coca-Cola Tin, Toothpick",3,4,2,OPEN,0,USD,https://hibid.com/lot/322874378
779190,Living Estate of Patricia Freed,Pioneer Auction Service,2026-09-30T03:23:23Z,628,322874379,Campfire Popcorn Popper,2,3,1,OPEN,0,USD,https://hibid.com/lot/322874379
779190,Living Estate of Patricia Freed,Pioneer Auction Service,2026-09-30T03:23:23Z,629,322874380,Matador Bull Fighting Wall Plaque,0,2,0,OPEN,0,USD,https://hibid.com/lot/322874380
779190,Living Estate of Patricia Freed,Pioneer Auction Service,2026-09-30T03:23:23Z,630,322874381,Brass Small Loving Birds Cup Vases(2) Mini Pitcher,5,6,4,OPEN,0,USD,https://hibid.com/lot/322874381
779190,Living Estate of Patricia Freed,Pioneer Auction Service,2026-09-30T03:23:23Z,631,322874382,Armillary Sphere Globe,4,5,3,OPEN,0,USD,https://hibid.com/lot/322874382
779190,Living Estate of Patricia Freed,Pioneer Auction Service,2026-09-30T03:23:23Z,632,322874383,Cow Bells (3),3,4,2,OPEN,0,USD,https://hibid.com/lot/322874383
779190,Living Estate of Patricia Freed,Pioneer Auction Service,2026-09-30T03:23:23Z,633,322874384,Brass Pocket Balance,2,3,1,OPEN,0,USD,https://hibid.com/lot/322874384
779190,Living Estate of Patricia Freed,Pioneer Auction Service,2026-09-30T03:23:23Z,634,322874385,Brass Bells(2),4,5,2,OPEN,0,USD,https://hibid.com/lot/322874385
779190,Living Estate of Patricia Freed,Pioneer Auction Service,2026-09-30T03:23:23Z,635,322874386,Cigarette Tabacco Tin (4),6,7,4,OPEN,0,USD,https://hibid.com/lot/322874386
779190,Living Estate of Patricia Freed,Pioneer Auction Service,2026-09-30T03:23:23Z,636,322874387,"Double Roller Pasta Cutter, Mini Sifters, Steamer",2,3,1,OPEN,0,USD,https://hibid.com/lot/322874387
779190,Living Estate of Patricia Freed,Pioneer Auction Service,2026-09-30T03:23:23Z,637,322874388,Cigarette Tobacco Tins (4),2,3,1,OPEN,0,USD,https://hibid.com/lot/322874388
779190,Living Estate of Patricia Freed,Pioneer Auction Service,2026-09-30T03:23:23Z,638,322874389,Rolls-Royce Radiator-Shaped Musical Liquor,2,3,1,OPEN,0,USD,https://hibid.com/lot/322874389
779190,Living Estate of Patricia Freed,Pioneer Auction Service,2026-09-30T03:23:23Z,639,322874390,Red Lantern (2),4,5,3,OPEN,0,USD,https://hibid.com/lot/322874390
779190,Living Estate of Patricia Freed,Pioneer Auction Service,2026-09-30T03:23:23Z,640,322874391,Cast Iron Decorative Kitchen Utensils (4),3,4,2,OPEN,0,USD,https://hibid.com/lot/322874391
779190,Living Estate of Patricia Freed,Pioneer Auction Service,2026-09-30T03:23:23Z,641,322874392,"Yellow Metal Matchbox Holder, Letter Opener",2,3,1,OPEN,0,USD,https://hibid.com/lot/322874392
779190,Living Estate of Patricia Freed,Pioneer Auction Service,2026-09-30T03:23:23Z,642,322874393,"Brass Water Wonderland Plate, Brass Shoes",0,2,0,OPEN,0,USD,https://hibid.com/lot/322874393
779190,Living Estate of Patricia Freed,Pioneer Auction Service,2026-09-30T03:23:23Z,643,322874394,"Cast Iron Owl Wall-Mount Hook, Letter Opener",4,5,3,OPEN,0,USD,https://hibid.com/lot/322874394
779190,Living Estate of Patricia Freed,Pioneer Auction Service,2026-09-30T03:23:23Z,644,322874395,Salt and Pepper Shaker,2,3,1,OPEN,0,USD,https://hibid.com/lot/322874395
779190,Living Estate of Patricia Freed,Pioneer Auction Service,2026-09-30T03:23:23Z,645,322874396,Cast Iron Nutcracker,2,3,1,OPEN,0,USD,https://hibid.com/lot/322874396
779190,Living Estate of Patricia Freed,Pioneer Auction Service,2026-09-30T03:23:23Z,646,322874397,Empty Glass Bottles (4) Mini Hand Mixer,0,2,0,OPEN,0,USD,https://hibid.com/lot/322874397
779190,Living Estate of Patricia Freed,Pioneer Auction Service,2026-09-30T03:23:23Z,647,322874398,Amberina Glass Hobnail Toothpick Holder,9,10,5,OPEN,0,USD,https://hibid.com/lot/322874398
779190,Living Estate of Patricia Freed,Pioneer Auction Service,2026-09-30T03:23:23Z,648,322874399,Veterinary Syringes and Stethoscopes,0,2,0,OPEN,0,USD,https://hibid.com/lot/322874399
779190,Living Estate of Patricia Freed,Pioneer Auction Service,2026-09-30T03:23:23Z,649,322874400,Trinket Jewelry Boxes,4,5,3,OPEN,0,USD,https://hibid.com/lot/322874400
779190,Living Estate of Patricia Freed,Pioneer Auction Service,2026-09-30T03:23:23Z,650,322874401,"Humpty Dumpty Blue Glass Mug, Blue Glass Powder Ja",0,2,0,OPEN,0,USD,https://hibid.com/lot/322874401
779190,Living Estate of Patricia Freed,Pioneer Auction Service,2026-09-30T03:23:23Z,651,322874402,Brass Bells (3),2,3,1,OPEN,0,USD,https://hibid.com/lot/322874402
779190,Living Estate of Patricia Freed,Pioneer Auction Service,2026-09-30T03:23:23Z,652,322874403,"Celluloid Button W/Portrait "" The Robey Mfg Co""",3,4,2,OPEN,0,USD,https://hibid.com/lot/322874403
779190,Living Estate of Patricia Freed,Pioneer Auction Service,2026-09-30T03:23:23Z,653,322874404,"Metal Eagle, Eagle Picture",0,2,0,OPEN,0,USD,https://hibid.com/lot/322874404
779190,Living Estate of Patricia Freed,Pioneer Auction Service,2026-09-30T03:23:23Z,654,322874405,"Tin Spices, Cigarette Tabacco Tin",3,4,2,OPEN,0,USD,https://hibid.com/lot/322874405
779190,Living Estate of Patricia Freed,Pioneer Auction Service,2026-09-30T03:23:23Z,655,322874406,Yankee Drummer Coffee House Sign,2,3,2,OPEN,0,USD,https://hibid.com/lot/322874406
779190,Living Estate of Patricia Freed,Pioneer Auction Service,2026-09-30T03:23:23Z,656,322874407,Mama’s Kosher Kitchen Wall Sign,4,5,3,OPEN,0,USD,https://hibid.com/lot/322874407
779190,Living Estate of Patricia Freed,Pioneer Auction Service,2026-09-30T03:23:23Z,657,322874408,Coca-Cola Tray American Homestead Spring Tray,0,2,0,OPEN,0,USD,https://hibid.com/lot/322874408
779190,Living Estate of Patricia Freed,Pioneer Auction Service,2026-09-30T03:23:23Z,658,322874409,1977 Grandma Franklin Tray(2),2,3,1,OPEN,0,USD,https://hibid.com/lot/322874409
779190,Living Estate of Patricia Freed,Pioneer Auction Service,2026-09-30T03:23:23Z,659,322874410,Metal Dragon Head For Walking Can & Brass Cat,3,4,2,OPEN,0,USD,https://hibid.com/lot/322874410
779190,Living Estate of Patricia Freed,Pioneer Auction Service,2026-09-30T03:23:23Z,660,322874411,"Solid Brass Musical Horse, Horses Figurines",6,7,5,OPEN,0,USD,https://hibid.com/lot/322874411
779190,Living Estate of Patricia Freed,Pioneer Auction Service,2026-09-30T03:23:23Z,661,322874412,Brass Unicorn Statue(2),4,5,3,OPEN,0,USD,https://hibid.com/lot/322874412
779190,Living Estate of Patricia Freed,Pioneer Auction Service,2026-09-30T03:23:23Z,662,322874413,Elephant Figurines,2,3,1,OPEN,0,USD,https://hibid.com/lot/322874413
779190,Living Estate of Patricia Freed,Pioneer Auction Service,2026-09-30T03:23:23Z,663,322874414,"Spelter Clock Topper, Brass Horse Figurine",3,4,2,OPEN,0,USD,https://hibid.com/lot/322874414
779190,Living Estate of Patricia Freed,Pioneer Auction Service,2026-09-30T03:23:23Z,664,322874415,Solid Brass Animals (5),15,16,10,OPEN,0,USD,https://hibid.com/lot/322874415
779190,Living Estate of Patricia Freed,Pioneer Auction Service,2026-09-30T03:23:23Z,665,322874416,Clown Figurines (4),2,3,1,OPEN,0,USD,https://hibid.com/lot/322874416
779190,Living Estate of Patricia Freed,Pioneer Auction Service,2026-09-30T03:23:23Z,666,322874417,Mammy Ceramic Salt & Pepper Shaker,7,8,6,OPEN,0,USD,https://hibid.com/lot/322874417
779190,Living Estate of Patricia Freed,Pioneer Auction Service,2026-09-30T03:23:23Z,667,322874418,Manny Salt and Pepper Shakers,5,6,4,OPEN,0,USD,https://hibid.com/lot/322874418
779190,Living Estate of Patricia Freed,Pioneer Auction Service,2026-09-30T03:23:23Z,668,322874419,Pappy Bells (2),12,13,7,OPEN,0,USD,https://hibid.com/lot/322874419
779190,Living Estate of Patricia Freed,Pioneer Auction Service,2026-09-30T03:23:23Z,669,322874420,Cast Iron Mammy Coin Bank,25,26,17,OPEN,0,USD,https://hibid.com/lot/322874420
779190,Living Estate of Patricia Freed,Pioneer Auction Service,2026-09-30T03:23:23Z,670,322874421,Ceramic Sport Figurines Coin Bank,0,2,0,OPEN,0,USD,https://hibid.com/lot/322874421
779190,Living Estate of Patricia Freed,Pioneer Auction Service,2026-09-30T03:23:23Z,671,322874422,"Don Sharkey, John Deere Wall Thermometer",8,9,6,OPEN,0,USD,https://hibid.com/lot/322874422
779190,Living Estate of Patricia Freed,Pioneer Auction Service,2026-09-30T03:23:23Z,672,322874423,Don Sharkey Implement Store Yard Stick,14,15,11,OPEN,0,USD,https://hibid.com/lot/322874423
779190,Living Estate of Patricia Freed,Pioneer Auction Service,2026-09-30T03:23:23Z,673,322874424,The Perfectscope Stereoscope Viewer,2,3,1,OPEN,0,USD,https://hibid.com/lot/322874424
779190,Living Estate of Patricia Freed,Pioneer Auction Service,2026-09-30T03:23:23Z,674,322874425,1:18 1999 Chevrolet Silverado Collection,3,4,2,OPEN,0,USD,https://hibid.com/lot/322874425
779190,Living Estate of Patricia Freed,Pioneer Auction Service,2026-09-30T03:23:23Z,675,322874426,Small Jewelry Box,4,5,3,OPEN,0,USD,https://hibid.com/lot/322874426
779190,Living Estate of Patricia Freed,Pioneer Auction Service,2026-09-30T03:23:23Z,676,322874427,"Dreamcatcher, Belt Buckle, Floral Pin",2,3,1,OPEN,0,USD,https://hibid.com/lot/322874427
779190,Living Estate of Patricia Freed,Pioneer Auction Service,2026-09-30T03:23:23Z,677,322874428,Geneva Women’s Watches (2),0,2,0,OPEN,0,USD,https://hibid.com/lot/322874428
779190,Living Estate of Patricia Freed,Pioneer Auction Service,2026-09-30T03:23:23Z,678,322874429,Women’s Watches (5),0,2,0,OPEN,0,USD,https://hibid.com/lot/322874429
779190,Living Estate of Patricia Freed,Pioneer Auction Service,2026-09-30T03:23:23Z,679,322874430,Pocket Watches (3),19,20,8,OPEN,0,USD,https://hibid.com/lot/322874430
779190,Living Estate of Patricia Freed,Pioneer Auction Service,2026-09-30T03:23:23Z,680,322874431,Phinney-Walker Alarm Clock w/ UV Reacting Dials,0,2,0,OPEN,0,USD,https://hibid.com/lot/322874431
779190,Living Estate of Patricia Freed,Pioneer Auction Service,2026-09-30T03:23:23Z,681,322874432,Men’s Watches w/ UV Glowing Dials (4) Total (7),2,3,1,OPEN,0,USD,https://hibid.com/lot/322874432
779190,Living Estate of Patricia Freed,Pioneer Auction Service,2026-09-30T03:23:23Z,682,322874433,Men’s Watches (8),0,2,0,OPEN,0,USD,https://hibid.com/lot/322874433
779190,Living Estate of Patricia Freed,Pioneer Auction Service,2026-09-30T03:23:23Z,683,322874434,Men’s Watches (8),0,2,0,OPEN,0,USD,https://hibid.com/lot/322874434
779190,Living Estate of Patricia Freed,Pioneer Auction Service,2026-09-30T03:23:23Z,684,322874435,"Women’s Holiday & Butterfly Pin, Dax Hand Watch",0,2,0,OPEN,0,USD,https://hibid.com/lot/322874435
779190,Living Estate of Patricia Freed,Pioneer Auction Service,2026-09-30T03:23:23Z,685,322874436,Watch Pieces,2,3,1,OPEN,0,USD,https://hibid.com/lot/322874436
779190,Living Estate of Patricia Freed,Pioneer Auction Service,2026-09-30T03:23:23Z,686,322874437,Women’s Watches (8),0,2,0,OPEN,0,USD,https://hibid.com/lot/322874437
779190,Living Estate of Patricia Freed,Pioneer Auction Service,2026-09-30T03:23:23Z,687,322874438,Men’s and Women’s Watches (10),2,3,1,OPEN,0,USD,https://hibid.com/lot/322874438
779190,Living Estate of Patricia Freed,Pioneer Auction Service,2026-09-30T03:23:23Z,688,322874439,Women Watches (5),0,2,0,OPEN,0,USD,https://hibid.com/lot/322874439
779190,Living Estate of Patricia Freed,Pioneer Auction Service,2026-09-30T03:23:23Z,689,322874440,Wooden Manual Hand-Crank Coffee Grinder,6,7,5,OPEN,0,USD,https://hibid.com/lot/322874440
779190,Living Estate of Patricia Freed,Pioneer Auction Service,2026-09-30T03:23:23Z,690,322874441,Hand-Crank Coffee Grinder,7,8,6,OPEN,0,USD,https://hibid.com/lot/322874441
779190,Living Estate of Patricia Freed,Pioneer Auction Service,2026-09-30T03:23:23Z,691,322874442,Railroad Lantern,23,24,16,OPEN,0,USD,https://hibid.com/lot/322874442
779190,Living Estate of Patricia Freed,Pioneer Auction Service,2026-09-30T03:23:23Z,692,322874443,NECA Planet of The Apes 2001 Attar Bust Statue,3,4,2,OPEN,0,USD,https://hibid.com/lot/322874443
779190,Living Estate of Patricia Freed,Pioneer Auction Service,2026-09-30T03:23:23Z,693,322874444,Indian Chief Busy,2,3,1,OPEN,0,USD,https://hibid.com/lot/322874444
779190,Living Estate of Patricia Freed,Pioneer Auction Service,2026-09-30T03:23:23Z,694,322874445,Sad Iron w/ Wooden Detached Handle,2,3,1,OPEN,0,USD,https://hibid.com/lot/322874445
779190,Living Estate of Patricia Freed,Pioneer Auction Service,2026-09-30T03:23:23Z,695,322874446,Sad Iron w/ Wooden Detached Handle,2,3,1,OPEN,0,USD,https://hibid.com/lot/322874446
779190,Living Estate of Patricia Freed,Pioneer Auction Service,2026-09-30T03:23:23Z,696,322874447,Sad Iron,3,4,2,OPEN,0,USD,https://hibid.com/lot/322874447
779190,Living Estate of Patricia Freed,Pioneer Auction Service,2026-09-30T03:23:23Z,697,322874448,Sad Iron,3,4,2,OPEN,0,USD,https://hibid.com/lot/322874448
779190,Living Estate of Patricia Freed,Pioneer Auction Service,2026-09-30T03:23:23Z,698,322874449,Brookville Sad Iron w/ Wooden Detachable Handle,2,3,1,OPEN,0,USD,https://hibid.com/lot/322874449
779190,Living Estate of Patricia Freed,Pioneer Auction Service,2026-09-30T03:23:23Z,699,322874450,Cast Iron Tea Kettle,13,14,5,OPEN,0,USD,https://hibid.com/lot/322874450
779190,Living Estate of Patricia Freed,Pioneer Auction Service,2026-09-30T03:23:23Z,700,322874451,Carousel Gumball Machine Glass Globe Cast Metal,7,8,6,OPEN,0,USD,https://hibid.com/lot/322874451
779190,Living Estate of Patricia Freed,Pioneer Auction Service,2026-09-30T03:23:23Z,701,322874452,Gumball Machine Glasss Globe and Cast Metal Base,5,6,4,OPEN,0,USD,https://hibid.com/lot/322874452
779190,Living Estate of Patricia Freed,Pioneer Auction Service,2026-09-30T03:23:23Z,702,322874453,Cast Iron Wall Mounted Hand-Crank Coffee And Spice,0,2,0,OPEN,0,USD,https://hibid.com/lot/322874453
779190,Living Estate of Patricia Freed,Pioneer Auction Service,2026-09-30T03:23:23Z,703,322874454,Metal Hand Plane,2,3,1,OPEN,0,USD,https://hibid.com/lot/322874454
779190,Living Estate of Patricia Freed,Pioneer Auction Service,2026-09-30T03:23:23Z,704,322874455,Cast Iron Flatbed Truck Toy W/Open Lattice Cargo,2,3,2,OPEN,0,USD,https://hibid.com/lot/322874455
779190,Living Estate of Patricia Freed,Pioneer Auction Service,2026-09-30T03:23:23Z,705,322874456,Cast Iron Ford Model T Delivery Van or Sedan,2,3,1,OPEN,0,USD,https://hibid.com/lot/322874456
779190,Living Estate of Patricia Freed,Pioneer Auction Service,2026-09-30T03:23:23Z,706,322874457,Cast Iron Toy Sedan Car,2,3,1,OPEN,0,USD,https://hibid.com/lot/322874457
779190,Living Estate of Patricia Freed,Pioneer Auction Service,2026-09-30T03:23:23Z,707,322874458,Miniature Cast Iron Coffee Grinder Figurine Hand P,0,2,0,OPEN,0,USD,https://hibid.com/lot/322874458
779190,Living Estate of Patricia Freed,Pioneer Auction Service,2026-09-30T03:23:23Z,708,322874459,Miniature Cast Iron Coffee Grinder Figurine W/Hand,2,3,1,OPEN,0,USD,https://hibid.com/lot/322874459
779190,Living Estate of Patricia Freed,Pioneer Auction Service,2026-09-30T03:23:23Z,709,322874460,Cast Iron Horse-Drawn Fire Pumper Wagon Toy,4,5,3,OPEN,0,USD,https://hibid.com/lot/322874460
779190,Living Estate of Patricia Freed,Pioneer Auction Service,2026-09-30T03:23:23Z,710,322874461,Cast Iron Horse-Drawn Patrol Wagon Toy,5,6,4,OPEN,0,USD,https://hibid.com/lot/322874461
779190,Living Estate of Patricia Freed,Pioneer Auction Service,2026-09-30T03:23:23Z,711,322874462,Cast Iron Horse-Drawn Classic Circus Wagon Toy,6,7,4,OPEN,0,USD,https://hibid.com/lot/322874462
779190,Living Estate of Patricia Freed,Pioneer Auction Service,2026-09-30T03:23:23Z,712,322874463,"Cast Iron ""Overland Circus"" Wagon Toy",4,5,3,OPEN,0,USD,https://hibid.com/lot/322874463
779190,Living Estate of Patricia Freed,Pioneer Auction Service,2026-09-30T03:23:23Z,713,322874464,Cast Iron Horse-Drawn Hook & Ladder Fire Truck Toy,3,4,2,OPEN,0,USD,https://hibid.com/lot/322874464
779190,Living Estate of Patricia Freed,Pioneer Auction Service,2026-09-30T03:23:23Z,714,322874465,Cast Iron Horse-Drawn Beer Wagon Set,31,32,7,OPEN,0,USD,https://hibid.com/lot/322874465
779190,Living Estate of Patricia Freed,Pioneer Auction Service,2026-09-30T03:23:23Z,715,322874466,Cast Iron Horse-Drawn Fresh Milk Wagon Toy,3,4,2,OPEN,0,USD,https://hibid.com/lot/322874466
779190,Living Estate of Patricia Freed,Pioneer Auction Service,2026-09-30T03:23:23Z,716,322874467,Cast Iron Horse-Drawn Purelake Ice Delivery Wagon,9,10,6,OPEN,0,USD,https://hibid.com/lot/322874467
779190,Living Estate of Patricia Freed,Pioneer Auction Service,2026-09-30T03:23:23Z,717,322874468,Cast Iron Horse-Drawn Beer Wagon Toy,11,12,6,OPEN,0,USD,https://hibid.com/lot/322874468
779190,Living Estate of Patricia Freed,Pioneer Auction Service,2026-09-30T03:23:23Z,718,322874469,Cast Iron Coca-Cola Horse-Drawn Delivery Wagon,10,11,6,OPEN,0,USD,https://hibid.com/lot/322874469
779190,Living Estate of Patricia Freed,Pioneer Auction Service,2026-09-30T03:23:23Z,719,322874470,Midwest Cast Aluminum Car Wall Plaques(3),0,2,0,OPEN,0,USD,https://hibid.com/lot/322874470
779190,Living Estate of Patricia Freed,Pioneer Auction Service,2026-09-30T03:23:23Z,720,322874471,Cast Metal Vehicle Coin Banks (3),0,2,0,OPEN,0,USD,https://hibid.com/lot/322874471
779190,Living Estate of Patricia Freed,Pioneer Auction Service,2026-09-30T03:23:23Z,721,322874472,"Bank Of Alma Car Coin Bank, Die-cast Car Coin Bank",4,5,3,OPEN,0,USD,https://hibid.com/lot/322874472
779190,Living Estate of Patricia Freed,Pioneer Auction Service,2026-09-30T03:23:23Z,722,322874473,"Chemical Bank and Trust Midland, Mi Coin Bank",2,3,1,OPEN,0,USD,https://hibid.com/lot/322874473
779190,Living Estate of Patricia Freed,Pioneer Auction Service,2026-09-30T03:23:23Z,723,322874474,Die-cast Miniature Novelty Pencil Sharpeners,2,3,1,OPEN,0,USD,https://hibid.com/lot/322874474
779190,Living Estate of Patricia Freed,Pioneer Auction Service,2026-09-30T03:23:23Z,724,322874475,Die-cast Miniature Novelty Pencil Sharpeners,0,2,0,OPEN,0,USD,https://hibid.com/lot/322874475
779190,Living Estate of Patricia Freed,Pioneer Auction Service,2026-09-30T03:23:23Z,725,322874476,Nostalgic Pencil Sharpeners Unopened Packages(5),0,2,0,OPEN,0,USD,https://hibid.com/lot/322874476
779190,Living Estate of Patricia Freed,Pioneer Auction Service,2026-09-30T03:23:23Z,726,322874477,Die-cast Miniature Metal Pencil Sharpeners In Box,0,2,0,OPEN,0,USD,https://hibid.com/lot/322874477
779190,Living Estate of Patricia Freed,Pioneer Auction Service,2026-09-30T03:23:23Z,727,322874478,Coca-Cola 1999 Holiday Classic Carrier W/53 Corvet,2,3,1,OPEN,0,USD,https://hibid.com/lot/322874478
779190,Living Estate of Patricia Freed,Pioneer Auction Service,2026-09-30T03:23:23Z,728,322874479,Pepsi-Cola Coin Bank 1912 Ford Delivery Car,2,3,1,OPEN,0,USD,https://hibid.com/lot/322874479
779190,Living Estate of Patricia Freed,Pioneer Auction Service,2026-09-30T03:23:23Z,729,322874480,Ford Model T Scale Model Cars (3),0,2,0,OPEN,0,USD,https://hibid.com/lot/322874480
779190,Living Estate of Patricia Freed,Pioneer Auction Service,2026-09-30T03:23:23Z,730,322874481,Wooden Antique Car Models (9),0,2,0,OPEN,0,USD,https://hibid.com/lot/322874481
779190,Living Estate of Patricia Freed,Pioneer Auction Service,2026-09-30T03:23:23Z,731,322874482,Wooden Toy Car Models Classic Automobiles,0,2,0,OPEN,0,USD,https://hibid.com/lot/322874482
779190,Living Estate of Patricia Freed,Pioneer Auction Service,2026-09-30T03:23:23Z,732,322874483,"1:18 Die-cast 1994 Pontiac Trans Am, Die-cast Cars",2,3,1,OPEN,0,USD,https://hibid.com/lot/322874483
779190,Living Estate of Patricia Freed,Pioneer Auction Service,2026-09-30T03:23:23Z,733,322874484,"Die-cast Toy Cars & Delivery Truck, Fuel Oil Tank",0,2,0,OPEN,0,USD,https://hibid.com/lot/322874484
779190,Living Estate of Patricia Freed,Pioneer Auction Service,2026-09-30T03:23:23Z,734,322874485,Corvette Die-cast Model Cars (4),3,4,2,OPEN,0,USD,https://hibid.com/lot/322874485
779190,Living Estate of Patricia Freed,Pioneer Auction Service,2026-09-30T03:23:23Z,735,322874486,Die-cast Toy Vehicles Miniature Trucks (4),0,2,0,OPEN,0,USD,https://hibid.com/lot/322874486
779190,Living Estate of Patricia Freed,Pioneer Auction Service,2026-09-30T03:23:23Z,736,322874487,1:64 Scale Die-cast Toy Vehicles (5),0,2,0,OPEN,0,USD,https://hibid.com/lot/322874487
779190,Living Estate of Patricia Freed,Pioneer Auction Service,2026-09-30T03:23:23Z,737,322874488,ERTL 1918 Ford Runabout Delivery Car Bank 1:25,0,2,0,OPEN,0,USD,https://hibid.com/lot/322874488
779190,Living Estate of Patricia Freed,Pioneer Auction Service,2026-09-30T03:23:23Z,738,322874489,"Coca-Cola Die-Cast Vehicles, Fire Truck, Train",0,2,0,OPEN,0,USD,https://hibid.com/lot/322874489
779190,Living Estate of Patricia Freed,Pioneer Auction Service,2026-09-30T03:23:23Z,739,322874490,"Die-cast Toy Vehicles Cars & Trucks,Truck Bank",0,2,0,OPEN,0,USD,https://hibid.com/lot/322874490
779190,Living Estate of Patricia Freed,Pioneer Auction Service,2026-09-30T03:23:23Z,740,322874491,"Looney Tunes Cards, Die-cast Cars & Pencil Sharpen",2,3,1,OPEN,0,USD,https://hibid.com/lot/322874491
779190,Living Estate of Patricia Freed,Pioneer Auction Service,2026-09-30T03:23:23Z,741,322874492,Die-cast Farm Toy Tractors (2),2,3,1,OPEN,0,USD,https://hibid.com/lot/322874492
779190,Living Estate of Patricia Freed,Pioneer Auction Service,2026-09-30T03:23:23Z,742,322874493,McCormick-Deering Cast Iron Toy Tractor,4,5,3,OPEN,0,USD,https://hibid.com/lot/322874493
779190,Living Estate of Patricia Freed,Pioneer Auction Service,2026-09-30T03:23:23Z,743,322874494,"Farmall Collector Metal Sign, International Licens",3,4,2,OPEN,0,USD,https://hibid.com/lot/322874494
779190,Living Estate of Patricia Freed,Pioneer Auction Service,2026-09-30T03:23:23Z,744,322874495,"ERTL Farm Tractor Set, Farmall Toothpick Dispenser",3,4,2,OPEN,0,USD,https://hibid.com/lot/322874495
779190,Living Estate of Patricia Freed,Pioneer Auction Service,2026-09-30T03:23:23Z,745,322874496,John Deer Pictures & Die-cast ERTL Tractor,2,3,1,OPEN,0,USD,https://hibid.com/lot/322874496
779190,Living Estate of Patricia Freed,Pioneer Auction Service,2026-09-30T03:23:23Z,746,322874497,Framed Art Prints Of Antique Automobiles(4),0,2,0,OPEN,0,USD,https://hibid.com/lot/322874497
779190,Living Estate of Patricia Freed,Pioneer Auction Service,2026-09-30T03:23:23Z,747,322874498,Hockey Collectors Trading Cards & Album,2,3,1,OPEN,0,USD,https://hibid.com/lot/322874498
779190,Living Estate of Patricia Freed,Pioneer Auction Service,2026-09-30T03:23:23Z,748,322874499,"Oval Metal Serving Tray W/Tractor,Tin Mugs(2)",2,3,1,OPEN,0,USD,https://hibid.com/lot/322874499
779190,Living Estate of Patricia Freed,Pioneer Auction Service,2026-09-30T03:23:23Z,749,322874500,"Die-cast Cars, Trucks & Vans (46)",2,3,1,OPEN,0,USD,https://hibid.com/lot/322874500
779190,Living Estate of Patricia Freed,Pioneer Auction Service,2026-09-30T03:23:23Z,750,322874501,"Die-cast Metal Vehicles,Road Champs Mini Monster",2,3,1,OPEN,0,USD,https://hibid.com/lot/322874501
779190,Living Estate of Patricia Freed,Pioneer Auction Service,2026-09-30T03:23:23Z,751,322874502,"Hot Wheels, Die-cast Mini Cars & Trucks(8)",4,5,3,OPEN,0,USD,https://hibid.com/lot/322874502
779190,Living Estate of Patricia Freed,Pioneer Auction Service,2026-09-30T03:23:23Z,752,322874503,Harley Davidson VHS tape rewinder & Hot Wheels,0,2,0,OPEN,0,USD,https://hibid.com/lot/322874503
779190,Living Estate of Patricia Freed,Pioneer Auction Service,2026-09-30T03:23:23Z,753,322874504,Vintage Cherry Pitter tool- Cast Iron,0,2,0,OPEN,0,USD,https://hibid.com/lot/322874504
779190,Living Estate of Patricia Freed,Pioneer Auction Service,2026-09-30T03:23:23Z,754,322874505,Corn cob pipe with amber colored stem (used),2,3,1,OPEN,0,USD,https://hibid.com/lot/322874505
779190,Living Estate of Patricia Freed,Pioneer Auction Service,2026-09-30T03:23:23Z,755,322874506,"TIN Cowboy skillet for fire, metal knife",0,2,0,OPEN,0,USD,https://hibid.com/lot/322874506
779190,Living Estate of Patricia Freed,Pioneer Auction Service,2026-09-30T03:23:23Z,756,322874507,"Brass & Copper Spittoon (2), brass Cauldron (2)",2,3,1,OPEN,0,USD,https://hibid.com/lot/322874507
779190,Living Estate of Patricia Freed,Pioneer Auction Service,2026-09-30T03:23:23Z,757,322874508,Cast Iron (flat irons 3),2,3,1,OPEN,0,USD,https://hibid.com/lot/322874508
779190,Living Estate of Patricia Freed,Pioneer Auction Service,2026-09-30T03:23:23Z,758,322874509,Cast Iron Flat Irons (3),2,3,1,OPEN,0,USD,https://hibid.com/lot/322874509
779190,Living Estate of Patricia Freed,Pioneer Auction Service,2026-09-30T03:23:23Z,759,322874510,Vintage Tin cans,2,3,1,OPEN,0,USD,https://hibid.com/lot/322874510
779190,Living Estate of Patricia Freed,Pioneer Auction Service,2026-09-30T03:23:23Z,760,322874511,Vintage Glass Bottles (5),3,4,2,OPEN,0,USD,https://hibid.com/lot/322874511
779190,Living Estate of Patricia Freed,Pioneer Auction Service,2026-09-30T03:23:23Z,761,322874512,Primitive Wooden Mallet/Maul,2,3,1,OPEN,0,USD,https://hibid.com/lot/322874512
779190,Living Estate of Patricia Freed,Pioneer Auction Service,2026-09-30T03:23:23Z,762,322874513,Glass insulators Aqua colored (3),4,5,3,OPEN,0,USD,https://hibid.com/lot/322874513
779190,Living Estate of Patricia Freed,Pioneer Auction Service,2026-09-30T03:23:23Z,763,322874514,Antique Cast Iron hand Crank apple peeler,2,3,1,OPEN,0,USD,https://hibid.com/lot/322874514
779190,Living Estate of Patricia Freed,Pioneer Auction Service,2026-09-30T03:23:23Z,764,322874515,Kerosene Hurricane Lantern- Dietz #50,16,17,9,OPEN,0,USD,https://hibid.com/lot/322874515
779190,Living Estate of Patricia Freed,Pioneer Auction Service,2026-09-30T03:23:23Z,765,322874516,1923 Dietz Red globe Railroad Lantern,52,53,14,OPEN,0,USD,https://hibid.com/lot/322874516
779190,Living Estate of Patricia Freed,Pioneer Auction Service,2026-09-30T03:23:23Z,766,322874517,"Homemade wooden church, wooden Wagon lamp",0,2,0,OPEN,0,USD,https://hibid.com/lot/322874517
779190,Living Estate of Patricia Freed,Pioneer Auction Service,2026-09-30T03:23:23Z,767,322874518,Ceramic Wash Basin & Pitcher with blue flowers,0,2,0,OPEN,0,USD,https://hibid.com/lot/322874518
779190,Living Estate of Patricia Freed,Pioneer Auction Service,2026-09-30T03:23:23Z,768,322874519,Wash Basin with Pitcher and Red roses,0,2,0,OPEN,0,USD,https://hibid.com/lot/322874519
779190,Living Estate of Patricia Freed,Pioneer Auction Service,2026-09-30T03:23:23Z,769,322874520,Cast Iron hanging balance beam scale & Hog Scraper,2,3,1,OPEN,0,USD,https://hibid.com/lot/322874520
779190,Living Estate of Patricia Freed,Pioneer Auction Service,2026-09-30T03:23:23Z,770,322874521,"Clydesdale horses-ceramic, brass horses, Big",2,3,1,OPEN,0,USD,https://hibid.com/lot/322874521
779190,Living Estate of Patricia Freed,Pioneer Auction Service,2026-09-30T03:23:23Z,771,322874522,Salt & Pepper Shakers- 4 sets,0,2,0,OPEN,0,USD,https://hibid.com/lot/322874522
779190,Living Estate of Patricia Freed,Pioneer Auction Service,2026-09-30T03:23:23Z,772,322874523,"Glass- bowls, Pitcher & Sundae cups",0,2,0,OPEN,0,USD,https://hibid.com/lot/322874523
779190,Living Estate of Patricia Freed,Pioneer Auction Service,2026-09-30T03:23:23Z,773,322874524,"Ceramic Ducks (3), Resin Squirrels (2)",2,3,1,OPEN,0,USD,https://hibid.com/lot/322874524
779190,Living Estate of Patricia Freed,Pioneer Auction Service,2026-09-30T03:23:23Z,774,322874525,"Oven Proof ceramic Pitcher, green glass bowl &",0,2,0,OPEN,0,USD,https://hibid.com/lot/322874525
779190,Living Estate of Patricia Freed,Pioneer Auction Service,2026-09-30T03:23:23Z,775,322874526,"Vintage Blue plate-Friendship of Salem,",2,3,1,OPEN,0,USD,https://hibid.com/lot/322874526
779190,Living Estate of Patricia Freed,Pioneer Auction Service,2026-09-30T03:23:23Z,776,322874527,"Ceramic-Tea cup & Saucers sets, tea pot, egg,",0,2,0,OPEN,0,USD,https://hibid.com/lot/322874527
779190,Living Estate of Patricia Freed,Pioneer Auction Service,2026-09-30T03:23:23Z,777,322874528,"Vintage Ball ideal jar with Lid, pitcher, Vases,",0,2,0,OPEN,0,USD,https://hibid.com/lot/322874528
779190,Living Estate of Patricia Freed,Pioneer Auction Service,2026-09-30T03:23:23Z,778,322874529,"Indian head steel bank, ceramic praying hands,",0,2,0,OPEN,0,USD,https://hibid.com/lot/322874529
779190,Living Estate of Patricia Freed,Pioneer Auction Service,2026-09-30T03:23:23Z,779,322874530,"Butcher block knife holder, pencil sharpener,",2,3,1,OPEN,0,USD,https://hibid.com/lot/322874530
779190,Living Estate of Patricia Freed,Pioneer Auction Service,2026-09-30T03:23:23Z,780,322874531,"Vintage white milk glass hobnail pitcher,",2,3,1,OPEN,0,USD,https://hibid.com/lot/322874531
779190,Living Estate of Patricia Freed,Pioneer Auction Service,2026-09-30T03:23:23Z,781,322874532,Avon Vintage Variety of Decorative shaped bottles,3,4,2,OPEN,0,USD,https://hibid.com/lot/322874532
779190,Living Estate of Patricia Freed,Pioneer Auction Service,2026-09-30T03:23:23Z,782,322874533,Variety selection of different ball caps,2,3,1,OPEN,0,USD,https://hibid.com/lot/322874533
779190,Living Estate of Patricia Freed,Pioneer Auction Service,2026-09-30T03:23:23Z,783,322874534,Variety selection of different Ball caps,2,3,1,OPEN,0,USD,https://hibid.com/lot/322874534
779190,Living Estate of Patricia Freed,Pioneer Auction Service,2026-09-30T03:23:23Z,784,322874535,Large variety of LP records,0,2,0,OPEN,0,USD,https://hibid.com/lot/322874535
779190,Living Estate of Patricia Freed,Pioneer Auction Service,2026-09-30T03:23:23Z,785,322874536,Large variety of LP records,0,2,0,OPEN,0,USD,https://hibid.com/lot/322874536
779190,Living Estate of Patricia Freed,Pioneer Auction Service,2026-09-30T03:23:23Z,786,322874537,Hou Shiueh self cooking pistol crossbow,14,15,8,OPEN,0,USD,https://hibid.com/lot/322874537
779190,Living Estate of Patricia Freed,Pioneer Auction Service,2026-09-30T03:23:23Z,787,322874538,U.S. Military- style combat bayonet (WW2),7,8,4,OPEN,0,USD,https://hibid.com/lot/322874538
779190,Living Estate of Patricia Freed,Pioneer Auction Service,2026-09-30T03:23:23Z,788,322874539,"Pocket knives (variety), vintage metal",6,7,4,OPEN,0,USD,https://hibid.com/lot/322874539
779190,Living Estate of Patricia Freed,Pioneer Auction Service,2026-09-30T03:23:23Z,789,322874540,"Carton of premium BB's, box of 410 3"" shells",16,17,13,OPEN,0,USD,https://hibid.com/lot/322874540
779190,Living Estate of Patricia Freed,Pioneer Auction Service,2026-09-30T03:23:23Z,790,322874541,Air pistol Guns (2) & some lead pellets,9,10,5,OPEN,0,USD,https://hibid.com/lot/322874541
779190,Living Estate of Patricia Freed,Pioneer Auction Service,2026-09-30T03:23:23Z,792,322874543,"Hornady 45 cal bullets, misc shells,",2,3,1,OPEN,0,USD,https://hibid.com/lot/322874543
779190,Living Estate of Patricia Freed,Pioneer Auction Service,2026-09-30T03:23:23Z,793,322874544,"Binoculars (2), black powder (cannot ship)",2,3,1,OPEN,0,USD,https://hibid.com/lot/322874544
779190,Living Estate of Patricia Freed,Pioneer Auction Service,2026-09-30T03:23:23Z,794,322874545,"Savage rifle scope (4×15), Pocket & hunting",21,22,9,OPEN,0,USD,https://hibid.com/lot/322874545
779190,Living Estate of Patricia Freed,Pioneer Auction Service,2026-09-30T03:23:23Z,795,322874546,Pocket knives (6),4,5,3,OPEN,0,USD,https://hibid.com/lot/322874546
779190,Living Estate of Patricia Freed,Pioneer Auction Service,2026-09-30T03:23:23Z,796,322874547,"Big Game Butcher knife awr with case, hunting",10,11,7,OPEN,0,USD,https://hibid.com/lot/322874547
779190,Living Estate of Patricia Freed,Pioneer Auction Service,2026-09-30T03:23:23Z,797,322874548,"Hoppe's gun cleaning kit, muzzleloading black",2,3,1,OPEN,0,USD,https://hibid.com/lot/322874548
779190,Living Estate of Patricia Freed,Pioneer Auction Service,2026-09-30T03:23:23Z,798,322874549,Regular Checkers/Chinese Checkers with chips,2,3,1,OPEN,0,USD,https://hibid.com/lot/322874549
779190,Living Estate of Patricia Freed,Pioneer Auction Service,2026-09-30T03:23:23Z,799,322874550,Variety of Vintage kids toys,0,2,0,OPEN,0,USD,https://hibid.com/lot/322874550
779190,Living Estate of Patricia Freed,Pioneer Auction Service,2026-09-30T03:23:23Z,800,322874551,Vintage Peek a Babe kids organ (battery operated),2,3,1,OPEN,0,USD,https://hibid.com/lot/322874551
779190,Living Estate of Patricia Freed,Pioneer Auction Service,2026-09-30T03:23:23Z,801,322874552,"Vintage door locks, Paddle locks, leather sewing",2,3,1,OPEN,0,USD,https://hibid.com/lot/322874552
779190,Living Estate of Patricia Freed,Pioneer Auction Service,2026-09-30T03:23:23Z,802,322874553,"Vintage draw woodworking knife, folding tape",0,2,0,OPEN,0,USD,https://hibid.com/lot/322874553
779190,Living Estate of Patricia Freed,Pioneer Auction Service,2026-09-30T03:23:23Z,803,322874554,Kenmore Vacuum(2),0,2,0,OPEN,0,USD,https://hibid.com/lot/322874554
779190,Living Estate of Patricia Freed,Pioneer Auction Service,2026-09-30T03:23:23Z,804,322874555,Display Cabinet,0,2,0,OPEN,0,USD,https://hibid.com/lot/322874555
779190,Living Estate of Patricia Freed,Pioneer Auction Service,2026-09-30T03:23:23Z,805,322874556,Display Hutch,2,3,1,OPEN,0,USD,https://hibid.com/lot/322874556
779190,Living Estate of Patricia Freed,Pioneer Auction Service,2026-09-30T03:23:23Z,806,322874557,Panasonic Stereo System w/ Speakers(2),2,3,1,OPEN,0,USD,https://hibid.com/lot/322874557
779190,Living Estate of Patricia Freed,Pioneer Auction Service,2026-09-30T03:23:23Z,807,322874558,Pressed Board Entertainment Stands,0,2,0,OPEN,0,USD,https://hibid.com/lot/322874558
779190,Living Estate of Patricia Freed,Pioneer Auction Service,2026-09-30T03:23:23Z,808,322874559,"German Victorian- At the well painting,",2,3,1,OPEN,0,USD,https://hibid.com/lot/322874559
779190,Living Estate of Patricia Freed,Pioneer Auction Service,2026-09-30T03:23:23Z,809,322874560,Print of the Last Supper,2,3,1,OPEN,0,USD,https://hibid.com/lot/322874560
779190,Living Estate of Patricia Freed,Pioneer Auction Service,2026-09-30T03:23:23Z,810,322874561,Aerial Framed Painting,2,3,1,OPEN,0,USD,https://hibid.com/lot/322874561
779190,Living Estate of Patricia Freed,Pioneer Auction Service,2026-09-30T03:23:23Z,811,322874562,Vintage folding end table,6,7,5,OPEN,0,USD,https://hibid.com/lot/322874562
779190,Living Estate of Patricia Freed,Pioneer Auction Service,2026-09-30T03:23:23Z,812,322874563,Samsung Tv,0,2,0,OPEN,0,USD,https://hibid.com/lot/322874563
779190,Living Estate of Patricia Freed,Pioneer Auction Service,2026-09-30T03:23:23Z,813,322874564,Green Swivel Rocking Chair,0,2,0,OPEN,0,USD,https://hibid.com/lot/322874564
779190,Living Estate of Patricia Freed,Pioneer Auction Service,2026-09-30T03:23:23Z,814,322874565,Blue Recliner Chair,2,3,1,OPEN,0,USD,https://hibid.com/lot/322874565
779190,Living Estate of Patricia Freed,Pioneer Auction Service,2026-09-30T03:23:23Z,815,322874566,Dark Brown Metal Folding Chairs (4),2,3,1,OPEN,0,USD,https://hibid.com/lot/322874566
779190,Living Estate of Patricia Freed,Pioneer Auction Service,2026-09-30T03:23:23Z,816,322874567,Metal Folding Chairs (7),2,3,1,OPEN,0,USD,https://hibid.com/lot/322874567
779190,Living Estate of Patricia Freed,Pioneer Auction Service,2026-09-30T03:23:23Z,817,322874568,Oak Washstand,3,4,2,OPEN,0,USD,https://hibid.com/lot/322874568
779190,Living Estate of Patricia Freed,Pioneer Auction Service,2026-09-30T03:23:23Z,818,322874569,"End Table, Folding Chair",10,11,8,OPEN,0,USD,https://hibid.com/lot/322874569
779190,Living Estate of Patricia Freed,Pioneer Auction Service,2026-09-30T03:23:23Z,819,322874570,Wooden Rocking Chairs Americana Collage Pattern,0,2,0,OPEN,0,USD,https://hibid.com/lot/322874570
779190,Living Estate of Patricia Freed,Pioneer Auction Service,2026-09-30T03:23:23Z,820,322874571,Console Table,3,4,2,OPEN,0,USD,https://hibid.com/lot/322874571
779190,Living Estate of Patricia Freed,Pioneer Auction Service,2026-09-30T03:23:23Z,821,322874572,Gun Cabinet,2,3,1,OPEN,0,USD,https://hibid.com/lot/322874572
779190,Living Estate of Patricia Freed,Pioneer Auction Service,2026-09-30T03:23:23Z,822,322874573,Four-Stack Barrister Bookcase,3,4,2,OPEN,0,USD,https://hibid.com/lot/322874573
779190,Living Estate of Patricia Freed,Pioneer Auction Service,2026-09-30T03:23:23Z,823,322874574,"Craftsman Tool sharpening & grinding attachment,",0,2,0,OPEN,0,USD,https://hibid.com/lot/322874574
779190,Living Estate of Patricia Freed,Pioneer Auction Service,2026-09-30T03:23:23Z,824,322874575,"Vintage manual insecticide powder duster, oil",3,4,2,OPEN,0,USD,https://hibid.com/lot/322874575
779190,Living Estate of Patricia Freed,Pioneer Auction Service,2026-09-30T03:23:23Z,825,322874576,"Electric & plumbing items, tools",2,3,1,OPEN,0,USD,https://hibid.com/lot/322874576
779190,Living Estate of Patricia Freed,Pioneer Auction Service,2026-09-30T03:23:23Z,826,322874577,Pipe wrenches,0,2,0,OPEN,0,USD,https://hibid.com/lot/322874577
779190,Living Estate of Patricia Freed,Pioneer Auction Service,2026-09-30T03:23:23Z,827,322874578,Ball Jars & water bath rack,2,3,1,OPEN,0,USD,https://hibid.com/lot/322874578
779190,Living Estate of Patricia Freed,Pioneer Auction Service,2026-09-30T03:23:23Z,828,322874579,Ball Jars,7,8,3,OPEN,0,USD,https://hibid.com/lot/322874579
779190,Living Estate of Patricia Freed,Pioneer Auction Service,2026-09-30T03:23:23Z,829,322874580,"Light, foam sealant & foam tape",0,2,0,OPEN,0,USD,https://hibid.com/lot/322874580
779190,Living Estate of Patricia Freed,Pioneer Auction Service,2026-09-30T03:23:23Z,830,322874581,Air mattress- (Queen size 2),0,2,0,OPEN,0,USD,https://hibid.com/lot/322874581
779190,Living Estate of Patricia Freed,Pioneer Auction Service,2026-09-30T03:23:23Z,831,322874582,Croquet Set,4,5,3,OPEN,0,USD,https://hibid.com/lot/322874582
779190,Living Estate of Patricia Freed,Pioneer Auction Service,2026-09-30T03:23:23Z,832,322874583,Cream Separator,53,54,6,OPEN,0,USD,https://hibid.com/lot/322874583
779190,Living Estate of Patricia Freed,Pioneer Auction Service,2026-09-30T03:23:23Z,833,322874584,Speed Queen Washer,2,3,1,OPEN,0,USD,https://hibid.com/lot/322874584
779190,Living Estate of Patricia Freed,Pioneer Auction Service,2026-09-30T03:23:23Z,834,322874585,Tote with Canning Jars,4,5,3,OPEN,0,USD,https://hibid.com/lot/322874585
779190,Living Estate of Patricia Freed,Pioneer Auction Service,2026-09-30T03:23:23Z,835,322874586,Tote W/Canning Jars,4,5,3,OPEN,0,USD,https://hibid.com/lot/322874586
779190,Living Estate of Patricia Freed,Pioneer Auction Service,2026-09-30T03:23:23Z,836,322874587,Frigidaire Freezer,2,3,1,OPEN,0,USD,https://hibid.com/lot/322874587
779190,Living Estate of Patricia Freed,Pioneer Auction Service,2026-09-30T03:23:23Z,837,322874588,Metal Shelf,0,2,0,OPEN,0,USD,https://hibid.com/lot/322874588
779190,Living Estate of Patricia Freed,Pioneer Auction Service,2026-09-30T03:23:23Z,838,322874589,Metal Shelf W/ Contents,0,2,0,OPEN,0,USD,https://hibid.com/lot/322874589
779190,Living Estate of Patricia Freed,Pioneer Auction Service,2026-09-30T03:23:23Z,838B,323343396,Bonus Lot,2,3,1,OPEN,0,USD,https://hibid.com/lot/323343396
779190,Living Estate of Patricia Freed,Pioneer Auction Service,2026-09-30T03:23:23Z,839,322874590,5 door cabinet with shelves,0,2,0,OPEN,0,USD,https://hibid.com/lot/322874590
779190,Living Estate of Patricia Freed,Pioneer Auction Service,2026-09-30T03:23:23Z,840,322874591,4 door cabinet with shelves,2,3,1,OPEN,0,USD,https://hibid.com/lot/322874591
779190,Living Estate of Patricia Freed,Pioneer Auction Service,2026-09-30T03:23:23Z,841,322874592,Hat racks (2),3,4,2,OPEN,0,USD,https://hibid.com/lot/322874592
779190,Living Estate of Patricia Freed,Pioneer Auction Service,2026-09-30T03:23:23Z,842,322874593,King Size headboard with mirror & doors,0,2,0,OPEN,0,USD,https://hibid.com/lot/322874593
779190,Living Estate of Patricia Freed,Pioneer Auction Service,2026-09-30T03:23:23Z,843,322874594,Dresser mirrors,0,2,0,OPEN,0,USD,https://hibid.com/lot/322874594
779190,Living Estate of Patricia Freed,Pioneer Auction Service,2026-09-30T03:23:23Z,844,322874595,Wall mirror and shelf,0,2,0,OPEN,0,USD,https://hibid.com/lot/322874595
779190,Living Estate of Patricia Freed,Pioneer Auction Service,2026-09-30T03:23:23Z,845,322874596,Computer cabinet with bookshelf top,0,2,0,OPEN,0,USD,https://hibid.com/lot/322874596
779190,Living Estate of Patricia Freed,Pioneer Auction Service,2026-09-30T03:23:23Z,846,322874597,"Wardrobe with 2 doors and shelves, 2 drawers on",0,2,0,OPEN,0,USD,https://hibid.com/lot/322874597
779190,Living Estate of Patricia Freed,Pioneer Auction Service,2026-09-30T03:23:23Z,847,322874598,Frigidaire upright freezer (with key),30,31,7,OPEN,0,USD,https://hibid.com/lot/322874598
779190,Living Estate of Patricia Freed,Pioneer Auction Service,2026-09-30T03:23:23Z,848,322874599,Primo water drinking units hot and cold,27,28,11,OPEN,0,USD,https://hibid.com/lot/322874599
779190,Living Estate of Patricia Freed,Pioneer Auction Service,2026-09-30T03:23:23Z,849,322874600,PRIMO Water Dispenser,2,3,1,OPEN,0,USD,https://hibid.com/lot/322874600
779190,Living Estate of Patricia Freed,Pioneer Auction Service,2026-09-30T03:23:23Z,850,322874601,LG Portable Air Conditioner,2,3,1,OPEN,0,USD,https://hibid.com/lot/322874601
779190,Living Estate of Patricia Freed,Pioneer Auction Service,2026-09-30T03:23:23Z,851,322874602,Window Air Conditioner,2,3,2,OPEN,0,USD,https://hibid.com/lot/322874602
779190,Living Estate of Patricia Freed,Pioneer Auction Service,2026-09-30T03:23:23Z,852,322874603,Homemade wooden toy box,0,2,0,OPEN,0,USD,https://hibid.com/lot/322874603
779190,Living Estate of Patricia Freed,Pioneer Auction Service,2026-09-30T03:23:23Z,853,322874604,Antique Trunk,4,5,4,OPEN,0,USD,https://hibid.com/lot/322874604
779190,Living Estate of Patricia Freed,Pioneer Auction Service,2026-09-30T03:23:23Z,854,322874605,Sewing machine stand with drop down drawer,0,2,0,OPEN,0,USD,https://hibid.com/lot/322874605
779190,Living Estate of Patricia Freed,Pioneer Auction Service,2026-09-30T03:23:23Z,855,322874606,Wooden entertainment stand with glass doors,0,2,0,OPEN,0,USD,https://hibid.com/lot/322874606
779190,Living Estate of Patricia Freed,Pioneer Auction Service,2026-09-30T03:23:23Z,856,322874607,Handmade Cedar wardrobe,2,3,1,OPEN,0,USD,https://hibid.com/lot/322874607
779190,Living Estate of Patricia Freed,Pioneer Auction Service,2026-09-30T03:23:23Z,857,322874608,White Metal Coat Rack,0,2,0,OPEN,0,USD,https://hibid.com/lot/322874608
779190,Living Estate of Patricia Freed,Pioneer Auction Service,2026-09-30T03:23:23Z,858,322874609,"Decorative Chest & Sideboard Cabinet, Decks of Car",2,3,1,OPEN,0,USD,https://hibid.com/lot/322874609
779190,Living Estate of Patricia Freed,Pioneer Auction Service,2026-09-30T03:23:23Z,859,322874610,"DYSON DC 24, DC 41 Vaccum cleaner, HAAN Carpet",4,5,3,OPEN,0,USD,https://hibid.com/lot/322874610
779190,Living Estate of Patricia Freed,Pioneer Auction Service,2026-09-30T03:23:23Z,860,322874611,Wicker Basket with a variety of toys,0,2,0,OPEN,0,USD,https://hibid.com/lot/322874611
779190,Living Estate of Patricia Freed,Pioneer Auction Service,2026-09-30T03:23:23Z,861,322874612,Extra Large tote with a variety of outside toys,0,2,0,OPEN,0,USD,https://hibid.com/lot/322874612
779190,Living Estate of Patricia Freed,Pioneer Auction Service,2026-09-30T03:23:23Z,862,322874613,Tote of dolls & stuffed animals,0,2,0,OPEN,0,USD,https://hibid.com/lot/322874613
779190,Living Estate of Patricia Freed,Pioneer Auction Service,2026-09-30T03:23:23Z,863,322874614,Floral crosses & Wreaths,2,3,1,OPEN,0,USD,https://hibid.com/lot/322874614
779190,Living Estate of Patricia Freed,Pioneer Auction Service,2026-09-30T03:23:23Z,864,322874615,"Tote full of a Variety of flowers, green foam",0,2,0,OPEN,0,USD,https://hibid.com/lot/322874615
779190,Living Estate of Patricia Freed,Pioneer Auction Service,2026-09-30T03:23:23Z,865,322874616,Tote of Variety of Christmas decorations,0,2,0,OPEN,0,USD,https://hibid.com/lot/322874616
779190,Living Estate of Patricia Freed,Pioneer Auction Service,2026-09-30T03:23:23Z,866,322874617,Brass colored Chandelier,0,2,0,OPEN,0,USD,https://hibid.com/lot/322874617
779190,Living Estate of Patricia Freed,Pioneer Auction Service,2026-09-30T03:23:23Z,867,322874618,Back2Life Personal Back Therapist,0,2,0,OPEN,0,USD,https://hibid.com/lot/322874618
779190,Living Estate of Patricia Freed,Pioneer Auction Service,2026-09-30T03:23:23Z,868,322874619,Bissell Deep Steam Multi Purpose Cleaner,2,3,1,OPEN,0,USD,https://hibid.com/lot/322874619
779190,Living Estate of Patricia Freed,Pioneer Auction Service,2026-09-30T03:23:23Z,869,322874620,Black Softside Rolling Suitcase W/Zipper Compartme,0,2,0,OPEN,0,USD,https://hibid.com/lot/322874620
779190,Living Estate of Patricia Freed,Pioneer Auction Service,2026-09-30T03:23:23Z,870,322874621,Pfaltzgraff Village Pattern Stoneware Dishes,2,3,1,OPEN,0,USD,https://hibid.com/lot/322874621
779190,Living Estate of Patricia Freed,Pioneer Auction Service,2026-09-30T03:23:23Z,872,322874623,"Colonial Fireside Dishes, Lucite Resin Napkin Hold",0,2,0,OPEN,0,USD,https://hibid.com/lot/322874623
779190,Living Estate of Patricia Freed,Pioneer Auction Service,2026-09-30T03:23:23Z,873,322874624,Romance Novels,0,2,0,OPEN,0,USD,https://hibid.com/lot/322874624
779190,Living Estate of Patricia Freed,Pioneer Auction Service,2026-09-30T03:23:23Z,874,322874625,Paperback Romance Novels,0,2,0,OPEN,0,USD,https://hibid.com/lot/322874625
779190,Living Estate of Patricia Freed,Pioneer Auction Service,2026-09-30T03:23:23Z,875,322874626,Thriller & Romance Novels,0,2,0,OPEN,0,USD,https://hibid.com/lot/322874626
779190,Living Estate of Patricia Freed,Pioneer Auction Service,2026-09-30T03:23:23Z,876,322874627,Paperback Romance Novels,0,2,0,OPEN,0,USD,https://hibid.com/lot/322874627
779190,Living Estate of Patricia Freed,Pioneer Auction Service,2026-09-30T03:23:23Z,877,322874628,Paperback Romance Novels,0,2,0,OPEN,0,USD,https://hibid.com/lot/322874628
779190,Living Estate of Patricia Freed,Pioneer Auction Service,2026-09-30T03:23:23Z,878,322874629,Paperback Romance Novels,0,2,0,OPEN,0,USD,https://hibid.com/lot/322874629
779190,Living Estate of Patricia Freed,Pioneer Auction Service,2026-09-30T03:23:23Z,879,322874630,Paperback Romance Novels,0,2,0,OPEN,0,USD,https://hibid.com/lot/322874630
779190,Living Estate of Patricia Freed,Pioneer Auction Service,2026-09-30T03:23:23Z,880,322874631,Paperback Romance Novels,0,2,0,OPEN,0,USD,https://hibid.com/lot/322874631
779190,Living Estate of Patricia Freed,Pioneer Auction Service,2026-09-30T03:23:23Z,881,322874632,Fiction & Romance Novels,0,2,0,OPEN,0,USD,https://hibid.com/lot/322874632
779190,Living Estate of Patricia Freed,Pioneer Auction Service,2026-09-30T03:23:23Z,882,322874633,Paperback Romance Novels,0,2,0,OPEN,0,USD,https://hibid.com/lot/322874633
779190,Living Estate of Patricia Freed,Pioneer Auction Service,2026-09-30T03:23:23Z,883,322874634,Paperback Romance Novels,2,3,1,OPEN,0,USD,https://hibid.com/lot/322874634
779190,Living Estate of Patricia Freed,Pioneer Auction Service,2026-09-30T03:23:23Z,884,322874635,Paperback Romance Novels,0,2,0,OPEN,0,USD,https://hibid.com/lot/322874635
779190,Living Estate of Patricia Freed,Pioneer Auction Service,2026-09-30T03:23:23Z,885,322874636,Fiction & Romance Novels,0,2,0,OPEN,0,USD,https://hibid.com/lot/322874636
779190,Living Estate of Patricia Freed,Pioneer Auction Service,2026-09-30T03:23:23Z,886,322874637,Paperback Romance Novels,0,2,0,OPEN,0,USD,https://hibid.com/lot/322874637
779190,Living Estate of Patricia Freed,Pioneer Auction Service,2026-09-30T03:23:23Z,887,322874638,"Cookbook Assortment, Garden Problem Solver Book",2,3,1,OPEN,0,USD,https://hibid.com/lot/322874638
779190,Living Estate of Patricia Freed,Pioneer Auction Service,2026-09-30T03:23:23Z,888,322874639,Paperback Romance Novels,0,2,0,OPEN,0,USD,https://hibid.com/lot/322874639
779190,Living Estate of Patricia Freed,Pioneer Auction Service,2026-09-30T03:23:23Z,890,322874641,Hardcover & Paper Back Novels (15),0,2,0,OPEN,0,USD,https://hibid.com/lot/322874641
779190,Living Estate of Patricia Freed,Pioneer Auction Service,2026-09-30T03:23:23Z,891,322874642,Oil Lamps Chimney & Globe Style Shades (2),2,3,1,OPEN,0,USD,https://hibid.com/lot/322874642
779190,Living Estate of Patricia Freed,Pioneer Auction Service,2026-09-30T03:23:23Z,892,322874644,"Glass & Brass Square Case Anniversary Clock, Bell",0,2,0,OPEN,0,USD,https://hibid.com/lot/322874644
779190,Living Estate of Patricia Freed,Pioneer Auction Service,2026-09-30T03:23:23Z,893,322874645,Clear Glass Oil Lamp W/Chimney's(3),2,3,1,OPEN,0,USD,https://hibid.com/lot/322874645
779190,Living Estate of Patricia Freed,Pioneer Auction Service,2026-09-30T03:23:23Z,894,322874647,Brass& Crystal Candlestick Holders W/Marble Bases,3,4,2,OPEN,0,USD,https://hibid.com/lot/322874647
779190,Living Estate of Patricia Freed,Pioneer Auction Service,2026-09-30T03:23:23Z,895,322874649,"Santa Claus Cookie Jar, Candle Holders (2)",2,3,1,OPEN,0,USD,https://hibid.com/lot/322874649
779190,Living Estate of Patricia Freed,Pioneer Auction Service,2026-09-30T03:23:23Z,896,322874650,"Ceramic Teapot, Mustache Mug,Crackle Glass Vase",2,3,1,OPEN,0,USD,https://hibid.com/lot/322874650
779190,Living Estate of Patricia Freed,Pioneer Auction Service,2026-09-30T03:23:23Z,897,322874652,"Vanity Dresser Set ,Hand & Tabletop Mirrors",6,7,4,OPEN,0,USD,https://hibid.com/lot/322874652
779190,Living Estate of Patricia Freed,Pioneer Auction Service,2026-09-30T03:23:23Z,898,322874654,"Timex Anniversary Clock, Plaster Figurine Young",0,2,0,OPEN,0,USD,https://hibid.com/lot/322874654
779190,Living Estate of Patricia Freed,Pioneer Auction Service,2026-09-30T03:23:23Z,899,322874655,Cherished Teddies Miniature Nativity Collection,2,3,1,OPEN,0,USD,https://hibid.com/lot/322874655
779190,Living Estate of Patricia Freed,Pioneer Auction Service,2026-09-30T03:23:23Z,900,322874656,"Angel Candle Holder, Christmas Angel Doll",3,4,2,OPEN,0,USD,https://hibid.com/lot/322874656
779190,Living Estate of Patricia Freed,Pioneer Auction Service,2026-09-30T03:23:23Z,901,323034343,Christmas Mailbox Set (2),0,2,0,OPEN,0,USD,https://hibid.com/lot/323034343
779190,Living Estate of Patricia Freed,Pioneer Auction Service,2026-09-30T03:23:23Z,902,323034344,Resin Angel Figurines By Roman,0,2,0,OPEN,0,USD,https://hibid.com/lot/323034344
779190,Living Estate of Patricia Freed,Pioneer Auction Service,2026-09-30T03:23:23Z,903,323034345,"Teddy Babies Figurines, Cherished Teddies",2,3,1,OPEN,0,USD,https://hibid.com/lot/323034345
779190,Living Estate of Patricia Freed,Pioneer Auction Service,2026-09-30T03:23:23Z,904,323034346,"Cherished Teddies, Teddy Bear Figurines",0,2,0,OPEN,0,USD,https://hibid.com/lot/323034346
779190,Living Estate of Patricia Freed,Pioneer Auction Service,2026-09-30T03:23:23Z,905,323034347,Round Ceiling Light Fixture W/Glass Shade,0,2,0,OPEN,0,USD,https://hibid.com/lot/323034347
779190,Living Estate of Patricia Freed,Pioneer Auction Service,2026-09-30T03:23:23Z,906,323034348,Farm Design Seat Cushions (2),2,3,1,OPEN,0,USD,https://hibid.com/lot/323034348
779190,Living Estate of Patricia Freed,Pioneer Auction Service,2026-09-30T03:23:23Z,907,323034349,"Music Box Pieces(2), Porcelain Dolls(2)",0,2,0,OPEN,0,USD,https://hibid.com/lot/323034349
779190,Living Estate of Patricia Freed,Pioneer Auction Service,2026-09-30T03:23:23Z,908,323034350,Cherished Teddies Figurines(2) & Plates(2),0,2,0,OPEN,0,USD,https://hibid.com/lot/323034350
779190,Living Estate of Patricia Freed,Pioneer Auction Service,2026-09-30T03:23:23Z,909,323034351,"Scholaropod Dino, Uncle Samosaurus Dino Figures",2,3,1,OPEN,0,USD,https://hibid.com/lot/323034351
779190,Living Estate of Patricia Freed,Pioneer Auction Service,2026-09-30T03:23:23Z,910,323034353,"Peacock Figurine, Console Bowl, Rooster Figurines",2,3,1,OPEN,0,USD,https://hibid.com/lot/323034353
779190,Living Estate of Patricia Freed,Pioneer Auction Service,2026-09-30T03:23:23Z,911,323034361,Thomas Kinkade Lighted Cottage-Heather's Hutch,0,2,0,OPEN,0,USD,https://hibid.com/lot/323034361
779190,Living Estate of Patricia Freed,Pioneer Auction Service,2026-09-30T03:23:23Z,912,323034363,"Metal Basket & Bowl, Footed Crystal Floral Silver",0,2,0,OPEN,0,USD,https://hibid.com/lot/323034363
779190,Living Estate of Patricia Freed,Pioneer Auction Service,2026-09-30T03:23:23Z,913,323034365,Assorted 4th Generation TY Beanie Babies (10),0,2,0,OPEN,0,USD,https://hibid.com/lot/323034365
779190,Living Estate of Patricia Freed,Pioneer Auction Service,2026-09-30T03:23:23Z,914,323034367,4th Generation TY Bear Assortment(10),0,2,0,OPEN,0,USD,https://hibid.com/lot/323034367
779190,Living Estate of Patricia Freed,Pioneer Auction Service,2026-09-30T03:23:23Z,915,323034369,4th Generation TY Beanies Animals (10),0,2,0,OPEN,0,USD,https://hibid.com/lot/323034369
779190,Living Estate of Patricia Freed,Pioneer Auction Service,2026-09-30T03:23:23Z,916,323034370,4th Generation TY Beanies Babies (10),0,2,0,OPEN,0,USD,https://hibid.com/lot/323034370
779190,Living Estate of Patricia Freed,Pioneer Auction Service,2026-09-30T03:23:23Z,917,323034372,4th Generation TY Beanies (10),0,2,0,OPEN,0,USD,https://hibid.com/lot/323034372
779190,Living Estate of Patricia Freed,Pioneer Auction Service,2026-09-30T03:23:23Z,918,323034374,4th Generation TY Beanies (10),2,3,1,OPEN,0,USD,https://hibid.com/lot/323034374
779190,Living Estate of Patricia Freed,Pioneer Auction Service,2026-09-30T03:23:23Z,919,323034376,4th Generation TY Beanies (10),2,3,1,OPEN,0,USD,https://hibid.com/lot/323034376
779190,Living Estate of Patricia Freed,Pioneer Auction Service,2026-09-30T03:23:23Z,920,323034378,4th Generation TY Beanies (10),2,3,1,OPEN,0,USD,https://hibid.com/lot/323034378
779190,Living Estate of Patricia Freed,Pioneer Auction Service,2026-09-30T03:23:23Z,921,323034388,4th Generation TY Beanies (10),2,3,1,OPEN,0,USD,https://hibid.com/lot/323034388
779190,Living Estate of Patricia Freed,Pioneer Auction Service,2026-09-30T03:23:23Z,922,323034390,4th Generation TY Beanies (10),2,3,1,OPEN,0,USD,https://hibid.com/lot/323034390
779190,Living Estate of Patricia Freed,Pioneer Auction Service,2026-09-30T03:23:23Z,923,323034391,4th Generation TY Beanies (10),2,3,1,OPEN,0,USD,https://hibid.com/lot/323034391
779190,Living Estate of Patricia Freed,Pioneer Auction Service,2026-09-30T03:23:23Z,924,323034393,4th Generation TY Beanies (10),2,3,1,OPEN,0,USD,https://hibid.com/lot/323034393
779190,Living Estate of Patricia Freed,Pioneer Auction Service,2026-09-30T03:23:23Z,925,323034395,4th Generation TY Beanies (11),2,3,1,OPEN,0,USD,https://hibid.com/lot/323034395
779190,Living Estate of Patricia Freed,Pioneer Auction Service,2026-09-30T03:23:23Z,926,323034397,"1999 Beanie Babies Calendar, Avon Full of Beans",0,2,0,OPEN,0,USD,https://hibid.com/lot/323034397
779190,Living Estate of Patricia Freed,Pioneer Auction Service,2026-09-30T03:23:23Z,927,323034399,4th Generation TY Beanies (10),2,3,1,OPEN,0,USD,https://hibid.com/lot/323034399
779190,Living Estate of Patricia Freed,Pioneer Auction Service,2026-09-30T03:23:23Z,928,323034401,Walt Disney 7 Dwarfs Stuffed Plushies,6,7,5,OPEN,0,USD,https://hibid.com/lot/323034401
779190,Living Estate of Patricia Freed,Pioneer Auction Service,2026-09-30T03:23:23Z,929,323034402,"Green Glass Waffle Pattern Shakers(2), Spool Shape",6,7,5,OPEN,0,USD,https://hibid.com/lot/323034402
779190,Living Estate of Patricia Freed,Pioneer Auction Service,2026-09-30T03:23:23Z,930,323034404,"Chalkware Fruit Plaques, Ceramic Quail Figurines",3,4,2,OPEN,0,USD,https://hibid.com/lot/323034404
779190,Living Estate of Patricia Freed,Pioneer Auction Service,2026-09-30T03:23:23Z,931,323034414,"Clear Glass Pitcher. Footed Sherbet Dishes,Glasses",0,2,0,OPEN,0,USD,https://hibid.com/lot/323034414
779190,Living Estate of Patricia Freed,Pioneer Auction Service,2026-09-30T03:23:23Z,932,323034416,MCDonald's Garfield Mugs (8),0,2,0,OPEN,0,USD,https://hibid.com/lot/323034416
779190,Living Estate of Patricia Freed,Pioneer Auction Service,2026-09-30T03:23:23Z,933,323034419,Clear Glass Coffee Mugs (8),0,2,0,OPEN,0,USD,https://hibid.com/lot/323034419
779190,Living Estate of Patricia Freed,Pioneer Auction Service,2026-09-30T03:23:23Z,934,323034422,Assorted Rocks Glasses (15),0,2,0,OPEN,0,USD,https://hibid.com/lot/323034422
779190,Living Estate of Patricia Freed,Pioneer Auction Service,2026-09-30T03:23:23Z,935,323034424,"Coca-Cola Glass, Assorted Glasses (13)",0,2,0,OPEN,0,USD,https://hibid.com/lot/323034424
779190,Living Estate of Patricia Freed,Pioneer Auction Service,2026-09-30T03:23:23Z,936,323034426,"Coffee Cups(8), Tumbler, Rocks Glass",0,2,0,OPEN,0,USD,https://hibid.com/lot/323034426
779190,Living Estate of Patricia Freed,Pioneer Auction Service,2026-09-30T03:23:23Z,937,323034429,"Green Glass Moon & Stars Pattern Footed Bowl, Tall",41,42,14,OPEN,0,USD,https://hibid.com/lot/323034429
779190,Living Estate of Patricia Freed,Pioneer Auction Service,2026-09-30T03:23:23Z,938,323034430,"I.H., Pioneer, B&W Co-op Baseball Caps & More",2,3,1,OPEN,0,USD,https://hibid.com/lot/323034430
779190,Living Estate of Patricia Freed,Pioneer Auction Service,2026-09-30T03:23:23Z,939,323034431,Way Rite & Hanson 25lb Kitchen & Mercantile Scales,2,3,1,OPEN,0,USD,https://hibid.com/lot/323034431
779190,Living Estate of Patricia Freed,Pioneer Auction Service,2026-09-30T03:23:23Z,940,323034432,"Wooden and Glass Washboard, Van Atten's Outdoor 68",8,9,4,OPEN,0,USD,https://hibid.com/lot/323034432
779190,Living Estate of Patricia Freed,Pioneer Auction Service,2026-09-30T03:23:23Z,941,323034433,Deshler Mail Box Cylindrical Galvanized Tube,6,7,2,OPEN,0,USD,https://hibid.com/lot/323034433
779190,Living Estate of Patricia Freed,Pioneer Auction Service,2026-09-30T03:23:23Z,942,323034435,Republic Truck Emblem,91,92,5,OPEN,0,USD,https://hibid.com/lot/323034435
779190,Living Estate of Patricia Freed,Pioneer Auction Service,2026-09-30T03:23:23Z,944,323034440,Decorative Plates (7),0,2,0,OPEN,0,USD,https://hibid.com/lot/323034440
779190,Living Estate of Patricia Freed,Pioneer Auction Service,2026-09-30T03:23:23Z,945,323034442,The Old Curiosity Shop Green Transferware Dishes,53,54,24,OPEN,0,USD,https://hibid.com/lot/323034442
779190,Living Estate of Patricia Freed,Pioneer Auction Service,2026-09-30T03:23:23Z,946,323034444,"Pyrex & Anchor Hocking Ovenware Glass Bowls, Pan",0,2,0,OPEN,0,USD,https://hibid.com/lot/323034444
779190,Living Estate of Patricia Freed,Pioneer Auction Service,2026-09-30T03:23:23Z,947,323034446,"Vignaud Limoges Dinner Plates(9),Corning Ware Pan",0,2,0,OPEN,0,USD,https://hibid.com/lot/323034446
779190,Living Estate of Patricia Freed,Pioneer Auction Service,2026-09-30T03:23:23Z,948,323034448,Noritake China Dinnerware-Crestmont Pattern,2,3,1,OPEN,0,USD,https://hibid.com/lot/323034448
779190,Living Estate of Patricia Freed,Pioneer Auction Service,2026-09-30T03:23:23Z,950,323034451,"Clear Glass Punch Bowls(2), 8 Glass Cups",0,2,0,OPEN,0,USD,https://hibid.com/lot/323034451
779190,Living Estate of Patricia Freed,Pioneer Auction Service,2026-09-30T03:23:23Z,951,323034457,Ceramic and Porcelain Figurines,2,3,1,OPEN,0,USD,https://hibid.com/lot/323034457
779190,Living Estate of Patricia Freed,Pioneer Auction Service,2026-09-30T03:23:23Z,952,323034459,Corning Ware Blue Cornflower Menuette Skillets,2,3,1,OPEN,0,USD,https://hibid.com/lot/323034459
779190,Living Estate of Patricia Freed,Pioneer Auction Service,2026-09-30T03:23:23Z,953,323034461,Clear Glass Apothecary and Storage Jars W/Lids,0,2,0,OPEN,0,USD,https://hibid.com/lot/323034461
779190,Living Estate of Patricia Freed,Pioneer Auction Service,2026-09-30T03:23:23Z,954,323034463,"Woven Wood Picnic/Pie Basket , Charles Cookies Tin",3,4,2,OPEN,0,USD,https://hibid.com/lot/323034463
779190,Living Estate of Patricia Freed,Pioneer Auction Service,2026-09-30T03:23:23Z,955,323034464,"Wooden Wall Mounted Spice Rack W/Jars, Wall Shelf",6,7,4,OPEN,0,USD,https://hibid.com/lot/323034464
779190,Living Estate of Patricia Freed,Pioneer Auction Service,2026-09-30T03:23:23Z,956,323034466,"Hoover Wet/Dry Hand Vac, Waffle Drawer Liner, Hand",0,2,0,OPEN,0,USD,https://hibid.com/lot/323034466
779190,Living Estate of Patricia Freed,Pioneer Auction Service,2026-09-30T03:23:23Z,957,323034468,"Pyrex Glass Removable Handle, Lantern Battery Opt",2,3,1,OPEN,0,USD,https://hibid.com/lot/323034468
779190,Living Estate of Patricia Freed,Pioneer Auction Service,2026-09-30T03:23:23Z,958,323034469,"Flush Lever, 20 AMP Fuses, Furniture Movers",0,2,0,OPEN,0,USD,https://hibid.com/lot/323034469
779190,Living Estate of Patricia Freed,Pioneer Auction Service,2026-09-30T03:23:23Z,959,323034470,Manual Cast Iron or Metal Meat Grinders,2,3,1,OPEN,0,USD,https://hibid.com/lot/323034470
779190,Living Estate of Patricia Freed,Pioneer Auction Service,2026-09-30T03:23:23Z,960,323034471,"Caravan Spinning Serving Tray, Rolling Pins,Slicer",2,3,1,OPEN,0,USD,https://hibid.com/lot/323034471
779190,Living Estate of Patricia Freed,Pioneer Auction Service,2026-09-30T03:23:23Z,961,323034476,"15In Baking Stone, Kitchen Aide Stainless 4 1/2 QT",6,7,4,OPEN,0,USD,https://hibid.com/lot/323034476
779190,Living Estate of Patricia Freed,Pioneer Auction Service,2026-09-30T03:23:23Z,962,323034478,Pottery Bicentennial Liberty Belk Milk Can Cookie,0,2,0,OPEN,0,USD,https://hibid.com/lot/323034478
779190,Living Estate of Patricia Freed,Pioneer Auction Service,2026-09-30T03:23:23Z,963,323034480,Stoneware Cookie Jar from the 1970's,12,13,9,OPEN,0,USD,https://hibid.com/lot/323034480
779190,Living Estate of Patricia Freed,Pioneer Auction Service,2026-09-30T03:23:23Z,964,323034482,"Fisher Price Toys, Tupperware Shape O Sorter Toy",2,3,1,OPEN,0,USD,https://hibid.com/lot/323034482
779190,Living Estate of Patricia Freed,Pioneer Auction Service,2026-09-30T03:23:23Z,965,323034484,"Little Tikes Toddle Fire Truck, Tonka Fire Truck",2,3,1,OPEN,0,USD,https://hibid.com/lot/323034484
779190,Living Estate of Patricia Freed,Pioneer Auction Service,2026-09-30T03:23:23Z,966,323034486,Die-cast Toy Vehicles and Miniature Cars,0,2,0,OPEN,0,USD,https://hibid.com/lot/323034486
779190,Living Estate of Patricia Freed,Pioneer Auction Service,2026-09-30T03:23:23Z,967,323034488,"Toy Vehicles and Action Figure,Daisy Air Pistol",2,3,1,OPEN,0,USD,https://hibid.com/lot/323034488
779190,Living Estate of Patricia Freed,Pioneer Auction Service,2026-09-30T03:23:23Z,968,323034489,"Blow Mold Piggy Bank, Alexander's Star 3D Puzzle",2,3,1,OPEN,0,USD,https://hibid.com/lot/323034489
779190,Living Estate of Patricia Freed,Pioneer Auction Service,2026-09-30T03:23:23Z,969,323034490,"Battery Opt Talking Train, Big Wing Biplane, Toy T",0,2,0,OPEN,0,USD,https://hibid.com/lot/323034490
779190,Living Estate of Patricia Freed,Pioneer Auction Service,2026-09-30T03:23:23Z,970,323034491,"Die-cast Red Tractor and Wagon, Green Toy Tractor",0,2,0,OPEN,0,USD,https://hibid.com/lot/323034491
779190,Living Estate of Patricia Freed,Pioneer Auction Service,2026-09-30T03:23:23Z,971,323034492,Cathy Multi Panel Comic Print Umbrella,2,3,1,OPEN,0,USD,https://hibid.com/lot/323034492
779190,Living Estate of Patricia Freed,Pioneer Auction Service,2026-09-30T03:23:23Z,972,323034493,"Racquet Sports Equipment, Ball Mitts & Balls",0,2,0,OPEN,0,USD,https://hibid.com/lot/323034493
779190,Living Estate of Patricia Freed,Pioneer Auction Service,2026-09-30T03:23:23Z,973,323034495,"30-06 Springfield Shells, Hunting Cushions, H",2,3,1,OPEN,0,USD,https://hibid.com/lot/323034495
779190,Living Estate of Patricia Freed,Pioneer Auction Service,2026-09-30T03:23:23Z,974,323034497,Live Edge Wood Slab Wall Clocks(2),2,3,1,OPEN,0,USD,https://hibid.com/lot/323034497
779190,Living Estate of Patricia Freed,Pioneer Auction Service,2026-09-30T03:23:23Z,975,323034499,Unfinished Live Edge Wood Pieces (2),2,3,1,OPEN,0,USD,https://hibid.com/lot/323034499
779190,Living Estate of Patricia Freed,Pioneer Auction Service,2026-09-30T03:23:23Z,976,323034500,Clear Glass Barrel Shaped Jar Wire Bail & Wood Han,2,3,1,OPEN,0,USD,https://hibid.com/lot/323034500
779190,Living Estate of Patricia Freed,Pioneer Auction Service,2026-09-30T03:23:23Z,977,323034502,Bell No.2 Cast Iron Bell Yoke or Mounting Bracket,11,12,7,OPEN,0,USD,https://hibid.com/lot/323034502
779190,Living Estate of Patricia Freed,Pioneer Auction Service,2026-09-30T03:23:23Z,978,323034504,Cross Cut Saw Blade,2,3,1,OPEN,0,USD,https://hibid.com/lot/323034504
779190,Living Estate of Patricia Freed,Pioneer Auction Service,2026-09-30T03:23:23Z,979,323034506,"Selmer Bundy II Saxophone In A Case, Metal Detecto",3,4,2,OPEN,0,USD,https://hibid.com/lot/323034506
779190,Living Estate of Patricia Freed,Pioneer Auction Service,2026-09-30T03:23:23Z,979B,323218633,Bonus Lot,2,3,1,OPEN,0,USD,https://hibid.com/lot/323218633
779190,Living Estate of Patricia Freed,Pioneer Auction Service,2026-09-30T03:23:23Z,980,323034508,"Makita 10"" Saw",2,3,1,OPEN,0,USD,https://hibid.com/lot/323034508
779190,Living Estate of Patricia Freed,Pioneer Auction Service,2026-09-30T03:23:23Z,981,323034512,Black & Decker Electric Circular Saw,0,2,0,OPEN,0,USD,https://hibid.com/lot/323034512
779190,Living Estate of Patricia Freed,Pioneer Auction Service,2026-09-30T03:23:23Z,982,323034513,Black & Decker Electric Sander/Polisher & Grinder,2,3,1,OPEN,0,USD,https://hibid.com/lot/323034513
779190,Living Estate of Patricia Freed,Pioneer Auction Service,2026-09-30T03:23:23Z,983,323034514,"Craftsman Sabre Saw, Tru-Test Drill",0,2,0,OPEN,0,USD,https://hibid.com/lot/323034514
779190,Living Estate of Patricia Freed,Pioneer Auction Service,2026-09-30T03:23:23Z,984,323034515,"Craftsman Reciprocating Saw, Deluxe Zipp Saw",0,2,0,OPEN,0,USD,https://hibid.com/lot/323034515
779190,Living Estate of Patricia Freed,Pioneer Auction Service,2026-09-30T03:23:23Z,985,323034517,"1/2"" Electric Hammer Drill",0,2,0,OPEN,0,USD,https://hibid.com/lot/323034517
779190,Living Estate of Patricia Freed,Pioneer Auction Service,2026-09-30T03:23:23Z,986,323034519,Craftsman Industrial Reciprocating Saw in Case,2,3,1,OPEN,0,USD,https://hibid.com/lot/323034519
779190,Living Estate of Patricia Freed,Pioneer Auction Service,2026-09-30T03:23:23Z,987,323034521,Worx Battery Charger and Charger,0,2,0,OPEN,0,USD,https://hibid.com/lot/323034521
779190,Living Estate of Patricia Freed,Pioneer Auction Service,2026-09-30T03:23:23Z,988,323034524,DeWalt Battery Operated Drill in Metal Case,0,2,0,OPEN,0,USD,https://hibid.com/lot/323034524
779190,Living Estate of Patricia Freed,Pioneer Auction Service,2026-09-30T03:23:23Z,989,323034526,"Pro-Tech 10"" Buffer/ Polisher, Skil 3/8” Drill",2,3,1,OPEN,0,USD,https://hibid.com/lot/323034526
779190,Living Estate of Patricia Freed,Pioneer Auction Service,2026-09-30T03:23:23Z,990,323034528,"Skil Jig Saw, Heat Gun & Black & Decker Sander",0,2,0,OPEN,0,USD,https://hibid.com/lot/323034528
779190,Living Estate of Patricia Freed,Pioneer Auction Service,2026-09-30T03:23:23Z,991,323034533,"Angle Grinder, Cordless Drill w/ Battery",0,2,0,OPEN,0,USD,https://hibid.com/lot/323034533
779190,Living Estate of Patricia Freed,Pioneer Auction Service,2026-09-30T03:23:23Z,992,323034536,Black & Decker Circular Saw & Belt Sander,0,2,0,OPEN,0,USD,https://hibid.com/lot/323034536
779190,Living Estate of Patricia Freed,Pioneer Auction Service,2026-09-30T03:23:23Z,993,323034539,Black and Decker 7 1/4 circular saws (2),0,2,0,OPEN,0,USD,https://hibid.com/lot/323034539
779190,Living Estate of Patricia Freed,Pioneer Auction Service,2026-09-30T03:23:23Z,994,323034542,Pneumatic Paint Sprayers,0,2,0,OPEN,0,USD,https://hibid.com/lot/323034542
779190,Living Estate of Patricia Freed,Pioneer Auction Service,2026-09-30T03:23:23Z,995,323034546,Remington Power Actuated Tool,3,4,2,OPEN,0,USD,https://hibid.com/lot/323034546
779190,Living Estate of Patricia Freed,Pioneer Auction Service,2026-09-30T03:23:23Z,996,323034547,Hardware Organizer with contents,0,2,0,OPEN,0,USD,https://hibid.com/lot/323034547
779190,Living Estate of Patricia Freed,Pioneer Auction Service,2026-09-30T03:23:23Z,997,323034548,Hardware Organizer and contents,2,3,1,OPEN,0,USD,https://hibid.com/lot/323034548
779190,Living Estate of Patricia Freed,Pioneer Auction Service,2026-09-30T03:23:23Z,998,323034549,Plano tackle box and contents,3,4,2,OPEN,0,USD,https://hibid.com/lot/323034549
779190,Living Estate of Patricia Freed,Pioneer Auction Service,2026-09-30T03:23:23Z,999,323034550,"Sockets, Allen wrenches, Pistol Grip screwdriver",2,3,1,OPEN,0,USD,https://hibid.com/lot/323034550
779190,Living Estate of Patricia Freed,Pioneer Auction Service,2026-09-30T03:23:23Z,1000,323034551,"Ball ping hammers, Hammers (2)",2,3,1,OPEN,0,USD,https://hibid.com/lot/323034551
779190,Living Estate of Patricia Freed,Pioneer Auction Service,2026-09-30T03:23:23Z,1001,323034557,"Hammers, Rubber Mallet, Ball ping Hammer",0,2,0,OPEN,0,USD,https://hibid.com/lot/323034557
779190,Living Estate of Patricia Freed,Pioneer Auction Service,2026-09-30T03:23:23Z,1002,323034559,Socket set,2,3,1,OPEN,0,USD,https://hibid.com/lot/323034559
779190,Living Estate of Patricia Freed,Pioneer Auction Service,2026-09-30T03:23:23Z,1003,323034560,Estwing E3-CA shingle roofing / drywall hatchet,2,3,1,OPEN,0,USD,https://hibid.com/lot/323034560
779190,Living Estate of Patricia Freed,Pioneer Auction Service,2026-09-30T03:23:23Z,1004,323034561,Vintage Pipe wrenches,2,3,1,OPEN,0,USD,https://hibid.com/lot/323034561
779190,Living Estate of Patricia Freed,Pioneer Auction Service,2026-09-30T03:23:23Z,1005,323034562,Vintage Pipe wrenches,2,3,1,OPEN,0,USD,https://hibid.com/lot/323034562
779190,Living Estate of Patricia Freed,Pioneer Auction Service,2026-09-30T03:23:23Z,1006,323034563,Assorted screwdrivers,0,2,0,OPEN,0,USD,https://hibid.com/lot/323034563
779190,Living Estate of Patricia Freed,Pioneer Auction Service,2026-09-30T03:23:23Z,1007,323034564,Assorted Screwdrivers,0,2,0,OPEN,0,USD,https://hibid.com/lot/323034564
779190,Living Estate of Patricia Freed,Pioneer Auction Service,2026-09-30T03:23:23Z,1008,323034565,Standard Wrenches,0,2,0,OPEN,0,USD,https://hibid.com/lot/323034565
779190,Living Estate of Patricia Freed,Pioneer Auction Service,2026-09-30T03:23:23Z,1009,323034566,"Tin bucket wedges, Thorsen socket set",2,3,1,OPEN,0,USD,https://hibid.com/lot/323034566
779190,Living Estate of Patricia Freed,Pioneer Auction Service,2026-09-30T03:23:23Z,1010,323034567,Fenwick 1040 tackle box with contents,0,2,0,OPEN,0,USD,https://hibid.com/lot/323034567
779190,Living Estate of Patricia Freed,Pioneer Auction Service,2026-09-30T03:23:23Z,1011,323034568,Schumacher Power Converter,0,2,0,OPEN,0,USD,https://hibid.com/lot/323034568
779190,Living Estate of Patricia Freed,Pioneer Auction Service,2026-09-30T03:23:23Z,1012,323034569,Pipe wrenches,2,3,1,OPEN,0,USD,https://hibid.com/lot/323034569
779190,Living Estate of Patricia Freed,Pioneer Auction Service,2026-09-30T03:23:23Z,1013,323034570,Vintage Pipe wrenches,0,2,0,OPEN,0,USD,https://hibid.com/lot/323034570
779190,Living Estate of Patricia Freed,Pioneer Auction Service,2026-09-30T03:23:23Z,1014,323034571,Antique Cast Iron Wood stove lid lifter with w,0,2,0,OPEN,0,USD,https://hibid.com/lot/323034571
779190,Living Estate of Patricia Freed,Pioneer Auction Service,2026-09-30T03:23:23Z,1015,323034572,C Clamps (9),4,5,3,OPEN,0,USD,https://hibid.com/lot/323034572
779190,Living Estate of Patricia Freed,Pioneer Auction Service,2026-09-30T03:23:23Z,1016,323034573,"Extra long screwdrivers, drill bits, assorted",0,2,0,OPEN,0,USD,https://hibid.com/lot/323034573
779190,Living Estate of Patricia Freed,Pioneer Auction Service,2026-09-30T03:23:23Z,1017,323034574,"Long Screwdrivers, Drill Bits, Pliers",0,2,0,OPEN,0,USD,https://hibid.com/lot/323034574
779190,Living Estate of Patricia Freed,Pioneer Auction Service,2026-09-30T03:23:23Z,1018,323034575,"Hand Riveter, Wrenches, Rubber mallet",2,3,1,OPEN,0,USD,https://hibid.com/lot/323034575
779190,Living Estate of Patricia Freed,Pioneer Auction Service,2026-09-30T03:23:23Z,1019,323034576,"Carpenter squares, level saw blades",0,2,0,OPEN,0,USD,https://hibid.com/lot/323034576
779190,Living Estate of Patricia Freed,Pioneer Auction Service,2026-09-30T03:23:23Z,1020,323034577,"Circular saw blades,",2,3,1,OPEN,0,USD,https://hibid.com/lot/323034577
779190,Living Estate of Patricia Freed,Pioneer Auction Service,2026-09-30T03:23:23Z,1021,323034578,"Crescent wrenches, Pliers",2,3,1,OPEN,0,USD,https://hibid.com/lot/323034578
779190,Living Estate of Patricia Freed,Pioneer Auction Service,2026-09-30T03:23:23Z,1022,323034579,Craftsman multi head Dog Bone Wrench,0,2,0,OPEN,0,USD,https://hibid.com/lot/323034579
779190,Living Estate of Patricia Freed,Pioneer Auction Service,2026-09-30T03:23:23Z,1023,323034580,"Masonry drill bits,",0,2,0,OPEN,0,USD,https://hibid.com/lot/323034580
779190,Living Estate of Patricia Freed,Pioneer Auction Service,2026-09-30T03:23:23Z,1024,323034581,"Vintage tools, Hoof nipper, Hand crank drill",2,3,1,OPEN,0,USD,https://hibid.com/lot/323034581
779190,Living Estate of Patricia Freed,Pioneer Auction Service,2026-09-30T03:23:23Z,1025,323034582,"Steel trowels wood handles, Steel file",2,3,1,OPEN,0,USD,https://hibid.com/lot/323034582
779190,Living Estate of Patricia Freed,Pioneer Auction Service,2026-09-30T03:23:23Z,1026,323034583,Vinyl Floor Tiles,2,3,1,OPEN,0,USD,https://hibid.com/lot/323034583
779190,Living Estate of Patricia Freed,Pioneer Auction Service,2026-09-30T03:23:23Z,1027,323034584,(2) Full one gallon jugs of deck wash,2,3,1,OPEN,0,USD,https://hibid.com/lot/323034584
779190,Living Estate of Patricia Freed,Pioneer Auction Service,2026-09-30T03:23:23Z,1028,323034585,5 gallon bucket with assorted toils,2,3,1,OPEN,0,USD,https://hibid.com/lot/323034585
779190,Living Estate of Patricia Freed,Pioneer Auction Service,2026-09-30T03:23:23Z,1029,323034586,"Sear Craftsman 10 in Band saw, 1/3 HP",21,22,5,OPEN,0,USD,https://hibid.com/lot/323034586
779190,Living Estate of Patricia Freed,Pioneer Auction Service,2026-09-30T03:23:23Z,1030,323034587,"Black Jack Trailer Hitch, 3000lbs max capacity",8,9,6,OPEN,0,USD,https://hibid.com/lot/323034587
779190,Living Estate of Patricia Freed,Pioneer Auction Service,2026-09-30T03:23:23Z,1031,323034588,Torin Black Jack hydraulic floor jack 2 1/2 tons,0,2,0,OPEN,0,USD,https://hibid.com/lot/323034588
779190,Living Estate of Patricia Freed,Pioneer Auction Service,2026-09-30T03:23:23Z,1032,323034589,Igloo Koolmate cooler,0,2,0,OPEN,0,USD,https://hibid.com/lot/323034589
779190,Living Estate of Patricia Freed,Pioneer Auction Service,2026-09-30T03:23:23Z,1033,323034590,Coleman Thermoelectric Cooler,0,2,0,OPEN,0,USD,https://hibid.com/lot/323034590
779190,Living Estate of Patricia Freed,Pioneer Auction Service,2026-09-30T03:23:23Z,1034,323034591,Air pump fan - has been tested,0,2,0,OPEN,0,USD,https://hibid.com/lot/323034591
779190,Living Estate of Patricia Freed,Pioneer Auction Service,2026-09-30T03:23:23Z,1035,323034592,Go Clean Household Wet/Dry Vac- has been tested,2,3,1,OPEN,0,USD,https://hibid.com/lot/323034592
779190,Living Estate of Patricia Freed,Pioneer Auction Service,2026-09-30T03:23:23Z,1036,323034593,"Compress and Bandage , gauze for the field",0,2,0,OPEN,0,USD,https://hibid.com/lot/323034593
779190,Living Estate of Patricia Freed,Pioneer Auction Service,2026-09-30T03:23:23Z,1037,323034594,Bow and Hack Saws,0,2,0,OPEN,0,USD,https://hibid.com/lot/323034594
779190,Living Estate of Patricia Freed,Pioneer Auction Service,2026-09-30T03:23:23Z,1038,323034595,Hand Forged Log Rolling tool,3,4,2,OPEN,0,USD,https://hibid.com/lot/323034595
779190,Living Estate of Patricia Freed,Pioneer Auction Service,2026-09-30T03:23:23Z,1039,323034596,Vintage Ice Block Tongs-cast iron,7,8,6,OPEN,0,USD,https://hibid.com/lot/323034596
779190,Living Estate of Patricia Freed,Pioneer Auction Service,2026-09-30T03:23:23Z,1040,323034597,Cast Iron Wishbone shape ice block tongs,4,5,3,OPEN,0,USD,https://hibid.com/lot/323034597
779190,Living Estate of Patricia Freed,Pioneer Auction Service,2026-09-30T03:23:23Z,1041,323034598,Cast iron Ice Block tongs,2,3,1,OPEN,0,USD,https://hibid.com/lot/323034598
779190,Living Estate of Patricia Freed,Pioneer Auction Service,2026-09-30T03:23:23Z,1042,323034599,"Pry bar, Tire irons, Small pry bar",0,2,0,OPEN,0,USD,https://hibid.com/lot/323034599
779190,Living Estate of Patricia Freed,Pioneer Auction Service,2026-09-30T03:23:23Z,1043,323034600,Small cast iron ice block tongs,2,3,1,OPEN,0,USD,https://hibid.com/lot/323034600
779190,Living Estate of Patricia Freed,Pioneer Auction Service,2026-09-30T03:23:23Z,1044,323034601,Horse Mule Yoke Hames Harness (2),0,2,0,OPEN,0,USD,https://hibid.com/lot/323034601
779190,Living Estate of Patricia Freed,Pioneer Auction Service,2026-09-30T03:23:23Z,1045,323034602,Wooden and iron smaller horse mule hames,0,2,0,OPEN,0,USD,https://hibid.com/lot/323034602
779190,Living Estate of Patricia Freed,Pioneer Auction Service,2026-09-30T03:23:23Z,1046,323034603,Large Pry Bars (2),0,2,0,OPEN,0,USD,https://hibid.com/lot/323034603
779190,Living Estate of Patricia Freed,Pioneer Auction Service,2026-09-30T03:23:23Z,1047,323034604,Antique Cross Buck bow saws (2),2,3,1,OPEN,0,USD,https://hibid.com/lot/323034604
779190,Living Estate of Patricia Freed,Pioneer Auction Service,2026-09-30T03:23:23Z,1048,323034605,Lineman Pole Climbing Spikes (2),2,3,1,OPEN,0,USD,https://hibid.com/lot/323034605
779190,Living Estate of Patricia Freed,Pioneer Auction Service,2026-09-30T03:23:23Z,1049,323034606,Vacmaster 8 gallon wet dry system,0,2,0,OPEN,0,USD,https://hibid.com/lot/323034606
779190,Living Estate of Patricia Freed,Pioneer Auction Service,2026-09-30T03:23:23Z,1049B,323156668,"Stinger wet/dry vac, 2 gallon",0,2,0,OPEN,0,USD,https://hibid.com/lot/323156668
779190,Living Estate of Patricia Freed,Pioneer Auction Service,2026-09-30T03:23:23Z,1050,323034607,Genie Wet/Dry Vac 16 gallons,0,2,0,OPEN,0,USD,https://hibid.com/lot/323034607
779190,Living Estate of Patricia Freed,Pioneer Auction Service,2026-09-30T03:23:23Z,1051,323034608,"Word 20"" Hedge Trimmer, Cordless electric grass",0,2,0,OPEN,0,USD,https://hibid.com/lot/323034608
779190,Living Estate of Patricia Freed,Pioneer Auction Service,2026-09-30T03:23:23Z,1051B,323156669,Black & Decker cordless weed whip,0,2,0,OPEN,0,USD,https://hibid.com/lot/323156669
779190,Living Estate of Patricia Freed,Pioneer Auction Service,2026-09-30T03:23:23Z,1052,323034609,Sotz Monster Mauls for splitting (2),3,4,2,OPEN,0,USD,https://hibid.com/lot/323034609
779190,Living Estate of Patricia Freed,Pioneer Auction Service,2026-09-30T03:23:23Z,1053,323034610,"Cast iron welcome bells, Eagle missing head",2,3,1,OPEN,0,USD,https://hibid.com/lot/323034610
779190,Living Estate of Patricia Freed,Pioneer Auction Service,2026-09-30T03:23:23Z,1054,323034611,"Ortho Sticky fly traps, Am-Tech hand clippers",2,3,1,OPEN,0,USD,https://hibid.com/lot/323034611
779190,Living Estate of Patricia Freed,Pioneer Auction Service,2026-09-30T03:23:23Z,1055,323034612,"Glass Hummingbird Feeders, Windchimes",0,2,0,OPEN,0,USD,https://hibid.com/lot/323034612
779190,Living Estate of Patricia Freed,Pioneer Auction Service,2026-09-30T03:23:23Z,1056,323034613,Bird Feeders,0,2,0,OPEN,0,USD,https://hibid.com/lot/323034613
779190,Living Estate of Patricia Freed,Pioneer Auction Service,2026-09-30T03:23:23Z,1057,323034614,"Handpainted hooks, wooden cutting board",3,4,2,OPEN,0,USD,https://hibid.com/lot/323034614
779190,Living Estate of Patricia Freed,Pioneer Auction Service,2026-09-30T03:23:23Z,1058,323034615,Metal and Wood Birdhouses,3,4,2,OPEN,0,USD,https://hibid.com/lot/323034615
779190,Living Estate of Patricia Freed,Pioneer Auction Service,2026-09-30T03:23:23Z,1059,323034616,"Large ceramic frog, Solar Butterfly but no solar",2,3,1,OPEN,0,USD,https://hibid.com/lot/323034616
779190,Living Estate of Patricia Freed,Pioneer Auction Service,2026-09-30T03:23:23Z,1060,323034617,"Weed screening, Ortho treatment, Diazinon ultra",0,2,0,OPEN,0,USD,https://hibid.com/lot/323034617
779190,Living Estate of Patricia Freed,Pioneer Auction Service,2026-09-30T03:23:23Z,1061,323034618,Tricycle training wheels,0,2,0,OPEN,0,USD,https://hibid.com/lot/323034618
779190,Living Estate of Patricia Freed,Pioneer Auction Service,2026-09-30T03:23:23Z,1062,323034619,"Bike seat, training wheels, and more",0,2,0,OPEN,0,USD,https://hibid.com/lot/323034619
779190,Living Estate of Patricia Freed,Pioneer Auction Service,2026-09-30T03:23:23Z,1063,323034620,Motorcycle Helmets,2,3,1,OPEN,0,USD,https://hibid.com/lot/323034620
779190,Living Estate of Patricia Freed,Pioneer Auction Service,2026-09-30T03:23:23Z,1064,323034621,Mole and Animal traps,2,3,1,OPEN,0,USD,https://hibid.com/lot/323034621
779190,Living Estate of Patricia Freed,Pioneer Auction Service,2026-09-30T03:23:23Z,1065,323034622,"Tackle box with contents, and older fishing poles",0,2,0,OPEN,0,USD,https://hibid.com/lot/323034622
779190,Living Estate of Patricia Freed,Pioneer Auction Service,2026-09-30T03:23:23Z,1066,323034623,Horse Shoes,4,5,3,OPEN,0,USD,https://hibid.com/lot/323034623
779190,Living Estate of Patricia Freed,Pioneer Auction Service,2026-09-30T03:23:23Z,1067,323034624,Horse Shoes (3Sets),5,6,4,OPEN,0,USD,https://hibid.com/lot/323034624
779190,Living Estate of Patricia Freed,Pioneer Auction Service,2026-09-30T03:23:23Z,1068,323034625,Machetes (2),3,4,2,OPEN,0,USD,https://hibid.com/lot/323034625
779190,Living Estate of Patricia Freed,Pioneer Auction Service,2026-09-30T03:23:23Z,1069,323034626,Stanley Garage Door Opener,0,2,0,OPEN,0,USD,https://hibid.com/lot/323034626
779190,Living Estate of Patricia Freed,Pioneer Auction Service,2026-09-30T03:23:23Z,1070,323034627,"Wire Grilling Basket, Bone saw wooden handle",0,2,0,OPEN,0,USD,https://hibid.com/lot/323034627
779190,Living Estate of Patricia Freed,Pioneer Auction Service,2026-09-30T03:23:23Z,1071,323034628,Armstrong Rose Floor Tiles,0,2,0,OPEN,0,USD,https://hibid.com/lot/323034628
779190,Living Estate of Patricia Freed,Pioneer Auction Service,2026-09-30T03:23:23Z,1072,323034629,Weathervane,5,6,4,OPEN,0,USD,https://hibid.com/lot/323034629
779190,Living Estate of Patricia Freed,Pioneer Auction Service,2026-09-30T03:23:23Z,1073,323034630,Bucket of seashells,0,2,0,OPEN,0,USD,https://hibid.com/lot/323034630
779190,Living Estate of Patricia Freed,Pioneer Auction Service,2026-09-30T03:23:23Z,1074,323034631,"Storage Wicker Baskets , large one is covered",2,3,1,OPEN,0,USD,https://hibid.com/lot/323034631
779190,Living Estate of Patricia Freed,Pioneer Auction Service,2026-09-30T03:23:23Z,1075,323034632,"Wooden slat bushel baskets, basket full of",2,3,1,OPEN,0,USD,https://hibid.com/lot/323034632
779190,Living Estate of Patricia Freed,Pioneer Auction Service,2026-09-30T03:23:23Z,1076,323034633,Coleman Alma Products 50th Anniversary cooler,0,2,0,OPEN,0,USD,https://hibid.com/lot/323034633
779190,Living Estate of Patricia Freed,Pioneer Auction Service,2026-09-30T03:23:23Z,1077,323034634,"Rubbermaid Blue cooler, Coleman Drinking jug",0,2,0,OPEN,0,USD,https://hibid.com/lot/323034634
779190,Living Estate of Patricia Freed,Pioneer Auction Service,2026-09-30T03:23:23Z,1078,323034635,Assorted life jackets,0,2,0,OPEN,0,USD,https://hibid.com/lot/323034635
779190,Living Estate of Patricia Freed,Pioneer Auction Service,2026-09-30T03:23:23Z,1079,323034636,Platform ladder,11,12,8,OPEN,0,USD,https://hibid.com/lot/323034636
779190,Living Estate of Patricia Freed,Pioneer Auction Service,2026-09-30T03:23:23Z,1080,323034637,Crescent Lufkin Measuring wheel,0,2,0,OPEN,0,USD,https://hibid.com/lot/323034637
779190,Living Estate of Patricia Freed,Pioneer Auction Service,2026-09-30T03:23:23Z,1081,323034643,Die Hard Battery Charger 275/125 amp engine,13,14,9,OPEN,0,USD,https://hibid.com/lot/323034643
779190,Living Estate of Patricia Freed,Pioneer Auction Service,2026-09-30T03:23:23Z,1082,323034645,"Wood Miter Box (2), Carpenter Belt, Carpenter",0,2,0,OPEN,0,USD,https://hibid.com/lot/323034645
779190,Living Estate of Patricia Freed,Pioneer Auction Service,2026-09-30T03:23:23Z,1083,323034647,"Hoofing pincers, Level, Hudson spray accessories",0,2,0,OPEN,0,USD,https://hibid.com/lot/323034647
779190,Living Estate of Patricia Freed,Pioneer Auction Service,2026-09-30T03:23:23Z,1084,323034649,"Ford lights, Wheel cap",2,3,1,OPEN,0,USD,https://hibid.com/lot/323034649
779190,Living Estate of Patricia Freed,Pioneer Auction Service,2026-09-30T03:23:23Z,1085,323034651,Metal measuring Jugs used for oil,2,3,1,OPEN,0,USD,https://hibid.com/lot/323034651
779190,Living Estate of Patricia Freed,Pioneer Auction Service,2026-09-30T03:23:23Z,1086,323034652,"Hard hat, Electrical boards",2,3,1,OPEN,0,USD,https://hibid.com/lot/323034652
779190,Living Estate of Patricia Freed,Pioneer Auction Service,2026-09-30T03:23:23Z,1087,323034653,"Pinto hub cap and emblem, Ford emblem",0,2,0,OPEN,0,USD,https://hibid.com/lot/323034653
779190,Living Estate of Patricia Freed,Pioneer Auction Service,2026-09-30T03:23:23Z,1088,323034654,"Vintage Cigerette lighter Spotlights, Flasher",0,2,0,OPEN,0,USD,https://hibid.com/lot/323034654
779190,Living Estate of Patricia Freed,Pioneer Auction Service,2026-09-30T03:23:23Z,1089,323034655,1920s beehive-style stop and tail lights,5,6,4,OPEN,0,USD,https://hibid.com/lot/323034655
779190,Living Estate of Patricia Freed,Pioneer Auction Service,2026-09-30T03:23:23Z,1090,323034656,Lights and wiring,0,2,0,OPEN,0,USD,https://hibid.com/lot/323034656
779190,Living Estate of Patricia Freed,Pioneer Auction Service,2026-09-30T03:23:23Z,1091,323034657,"Pennzoil 10w-40 oil, 1/2 full, liquid wrench spray",3,4,2,OPEN,0,USD,https://hibid.com/lot/323034657
779190,Living Estate of Patricia Freed,Pioneer Auction Service,2026-09-30T03:23:23Z,1092,323034658,Farmall Tractor smaller parts,0,2,0,OPEN,0,USD,https://hibid.com/lot/323034658
779190,Living Estate of Patricia Freed,Pioneer Auction Service,2026-09-30T03:23:23Z,1093,323034659,Ropes,0,2,0,OPEN,0,USD,https://hibid.com/lot/323034659
779190,Living Estate of Patricia Freed,Pioneer Auction Service,2026-09-30T03:23:23Z,1094,323034660,"Metal oil funnel, air filter, in dash am/ fm car",0,2,0,OPEN,0,USD,https://hibid.com/lot/323034660
779190,Living Estate of Patricia Freed,Pioneer Auction Service,2026-09-30T03:23:23Z,1095,323034661,Assorted sized heavy duty staples,0,2,0,OPEN,0,USD,https://hibid.com/lot/323034661
779190,Living Estate of Patricia Freed,Pioneer Auction Service,2026-09-30T03:23:23Z,1096,323034662,"Rachet Tie downs, Measuring tape",0,2,0,OPEN,0,USD,https://hibid.com/lot/323034662
779190,Living Estate of Patricia Freed,Pioneer Auction Service,2026-09-30T03:23:23Z,1097,323034663,"Mr. LongArm Paint Roller, Static Hinge (2)",0,2,0,OPEN,0,USD,https://hibid.com/lot/323034663
779190,Living Estate of Patricia Freed,Pioneer Auction Service,2026-09-30T03:23:23Z,1098,323034664,"Hunter Orange rain gear,",0,2,0,OPEN,0,USD,https://hibid.com/lot/323034664
779190,Living Estate of Patricia Freed,Pioneer Auction Service,2026-09-30T03:23:23Z,1099,323034665,"Metal Signs, Keep out, Farmer Family, Spending",2,3,1,OPEN,0,USD,https://hibid.com/lot/323034665
779190,Living Estate of Patricia Freed,Pioneer Auction Service,2026-09-30T03:23:23Z,1100,323034666,Large Hinges,2,3,1,OPEN,0,USD,https://hibid.com/lot/323034666
779190,Living Estate of Patricia Freed,Pioneer Auction Service,2026-09-30T03:23:23Z,1101,323034667,Screws and Nails,0,2,0,OPEN,0,USD,https://hibid.com/lot/323034667
779190,Living Estate of Patricia Freed,Pioneer Auction Service,2026-09-30T03:23:23Z,1102,323034668,Handcut Horse Shelf Decorations,2,3,1,OPEN,0,USD,https://hibid.com/lot/323034668
779190,Living Estate of Patricia Freed,Pioneer Auction Service,2026-09-30T03:23:23Z,1103,323034669,Yellow Flashing caution light,0,2,0,OPEN,0,USD,https://hibid.com/lot/323034669
779190,Living Estate of Patricia Freed,Pioneer Auction Service,2026-09-30T03:23:23Z,1104,323034670,Areovantage wiper blades 22,0,2,0,OPEN,0,USD,https://hibid.com/lot/323034670
779190,Living Estate of Patricia Freed,Pioneer Auction Service,2026-09-30T03:23:23Z,1105,323034671,Rope,0,2,0,OPEN,0,USD,https://hibid.com/lot/323034671
779190,Living Estate of Patricia Freed,Pioneer Auction Service,2026-09-30T03:23:23Z,1106,323034672,"Bicycle pedals, universal inner tube, 3- speed",0,2,0,OPEN,0,USD,https://hibid.com/lot/323034672
779190,Living Estate of Patricia Freed,Pioneer Auction Service,2026-09-30T03:23:23Z,1107,323034673,"Landscape Post caps , Screening",0,2,0,OPEN,0,USD,https://hibid.com/lot/323034673
779190,Living Estate of Patricia Freed,Pioneer Auction Service,2026-09-30T03:23:23Z,1108,323034674,Tarps,2,3,1,OPEN,0,USD,https://hibid.com/lot/323034674
779190,Living Estate of Patricia Freed,Pioneer Auction Service,2026-09-30T03:23:23Z,1109,323034675,"Black & Decker feed spool, Homelite air filter",0,2,0,OPEN,0,USD,https://hibid.com/lot/323034675
779190,Living Estate of Patricia Freed,Pioneer Auction Service,2026-09-30T03:23:23Z,1110,323034676,"Sanding Paper, Electrical tape, tape guns",0,2,0,OPEN,0,USD,https://hibid.com/lot/323034676
779190,Living Estate of Patricia Freed,Pioneer Auction Service,2026-09-30T03:23:23Z,1111,323034677,"4"" paintbrush, Animal saver for car, locks, Fish",0,2,0,OPEN,0,USD,https://hibid.com/lot/323034677
779190,Living Estate of Patricia Freed,Pioneer Auction Service,2026-09-30T03:23:23Z,1112,323034678,"Caulking Guns, Quick Spair, Bag",0,2,0,OPEN,0,USD,https://hibid.com/lot/323034678
779190,Living Estate of Patricia Freed,Pioneer Auction Service,2026-09-30T03:23:23Z,1113,323034679,"Tack Cloth, Flash Lights, Glass Cutter",0,2,0,OPEN,0,USD,https://hibid.com/lot/323034679
779190,Living Estate of Patricia Freed,Pioneer Auction Service,2026-09-30T03:23:23Z,1114,323034680,"Pipe Heating Cable, Hose Connectors, House Number",0,2,0,OPEN,0,USD,https://hibid.com/lot/323034680
779190,Living Estate of Patricia Freed,Pioneer Auction Service,2026-09-30T03:23:23Z,1115,323034681,"Weather Strip Tape, Mater Lock, Tension Roller",0,2,0,OPEN,0,USD,https://hibid.com/lot/323034681
779190,Living Estate of Patricia Freed,Pioneer Auction Service,2026-09-30T03:23:23Z,1116,323034682,"Brass Padlocks, Staple Gun, Snow Scraper",0,2,0,OPEN,0,USD,https://hibid.com/lot/323034682
779190,Living Estate of Patricia Freed,Pioneer Auction Service,2026-09-30T03:23:23Z,1117,323034683,"Sink Strainer Locknut, Shower Nozzle",0,2,0,OPEN,0,USD,https://hibid.com/lot/323034683
779190,Living Estate of Patricia Freed,Pioneer Auction Service,2026-09-30T03:23:23Z,1118,323034684,"Brackets, Flower Pot",0,2,0,OPEN,0,USD,https://hibid.com/lot/323034684
779190,Living Estate of Patricia Freed,Pioneer Auction Service,2026-09-30T03:23:23Z,1119,323034685,2 Ton Hand Puller,14,15,7,OPEN,0,USD,https://hibid.com/lot/323034685
779190,Living Estate of Patricia Freed,Pioneer Auction Service,2026-09-30T03:23:23Z,1120,323034686,Stanley Level and Speed Level,0,2,0,OPEN,0,USD,https://hibid.com/lot/323034686
779190,Living Estate of Patricia Freed,Pioneer Auction Service,2026-09-30T03:23:23Z,1121,323034687,Hand Saws (5),2,3,1,OPEN,0,USD,https://hibid.com/lot/323034687
779190,Living Estate of Patricia Freed,Pioneer Auction Service,2026-09-30T03:23:23Z,1122,323034688,Hand Saws (4),0,2,0,OPEN,0,USD,https://hibid.com/lot/323034688
779190,Living Estate of Patricia Freed,Pioneer Auction Service,2026-09-30T03:23:23Z,1123,323034689,"Metal Hardware,Washers, Brackets, Small Fasteners",2,3,1,OPEN,0,USD,https://hibid.com/lot/323034689
779190,Living Estate of Patricia Freed,Pioneer Auction Service,2026-09-30T03:23:23Z,1124,323034690,"Metal Hardware, Hose Clamps, Retaining Clips,",0,2,0,OPEN,0,USD,https://hibid.com/lot/323034690
779190,Living Estate of Patricia Freed,Pioneer Auction Service,2026-09-30T03:23:23Z,1125,323034691,"Hand Tools, Mallet, Hole Saw Attachment, Steel",0,2,0,OPEN,0,USD,https://hibid.com/lot/323034691
779190,Living Estate of Patricia Freed,Pioneer Auction Service,2026-09-30T03:23:23Z,1126,323034692,"Primitive Hand Tools, Double Sheave Metal Pulley",2,3,1,OPEN,0,USD,https://hibid.com/lot/323034692
779190,Living Estate of Patricia Freed,Pioneer Auction Service,2026-09-30T03:23:23Z,1127,323034693,HD Mechanical Puller and Installer Tool,2,3,1,OPEN,0,USD,https://hibid.com/lot/323034693
779190,Living Estate of Patricia Freed,Pioneer Auction Service,2026-09-30T03:23:23Z,1128,323034694,"Welding Helmets (3), Lens Plate Package",0,2,0,OPEN,0,USD,https://hibid.com/lot/323034694
779190,Living Estate of Patricia Freed,Pioneer Auction Service,2026-09-30T03:23:23Z,1129,323034695,"Coarse Sanding Belt, Sandpaper Assortment",2,3,1,OPEN,0,USD,https://hibid.com/lot/323034695
779190,Living Estate of Patricia Freed,Pioneer Auction Service,2026-09-30T03:23:23Z,1130,323034696,Abrasive Grinding Wheels And Discs,0,2,0,OPEN,0,USD,https://hibid.com/lot/323034696
779190,Living Estate of Patricia Freed,Pioneer Auction Service,2026-09-30T03:23:23Z,1131,323034697,"Yellow HD Extension Cord, Metal Shop Trouble",2,3,1,OPEN,0,USD,https://hibid.com/lot/323034697
779190,Living Estate of Patricia Freed,Pioneer Auction Service,2026-09-30T03:23:23Z,1132,323034698,"Pro Gas Cylinder W/Torch(2),Stick Electrodes,",3,4,2,OPEN,0,USD,https://hibid.com/lot/323034698
779190,Living Estate of Patricia Freed,Pioneer Auction Service,2026-09-30T03:23:23Z,1133,323034699,"Retractable Work Light, Drop Light, Extension Cord",0,2,0,OPEN,0,USD,https://hibid.com/lot/323034699
779190,Living Estate of Patricia Freed,Pioneer Auction Service,2026-09-30T03:23:23Z,1134,323034700,"Electrical Box,Range Outlet,Electrical Tester",2,3,1,OPEN,0,USD,https://hibid.com/lot/323034700
779190,Living Estate of Patricia Freed,Pioneer Auction Service,2026-09-30T03:23:23Z,1135,323034701,"Electrical Wire, Misc. Cords, Electrical Hardware",2,3,1,OPEN,0,USD,https://hibid.com/lot/323034701
779190,Living Estate of Patricia Freed,Pioneer Auction Service,2026-09-30T03:23:23Z,1136,323034702,"Portable Fluorescent Work Light, 3Prong 30 Amp",2,3,1,OPEN,0,USD,https://hibid.com/lot/323034702
779190,Living Estate of Patricia Freed,Pioneer Auction Service,2026-09-30T03:23:23Z,1137,323034703,"Orange Extension Cord On A Reel, Black Power Cord",2,3,1,OPEN,0,USD,https://hibid.com/lot/323034703
779190,Living Estate of Patricia Freed,Pioneer Auction Service,2026-09-30T03:23:23Z,1138,323034704,"Orange Extension Cord On A Reel, HD Black",2,3,1,OPEN,0,USD,https://hibid.com/lot/323034704
779190,Living Estate of Patricia Freed,Pioneer Auction Service,2026-09-30T03:23:23Z,1139,323034705,"HD Electrical Extension Cord, 4 Prong Appliance",2,3,1,OPEN,0,USD,https://hibid.com/lot/323034705
779190,Living Estate of Patricia Freed,Pioneer Auction Service,2026-09-30T03:23:23Z,1140,323034706,"Replacement Cable For Industrial Automation, HD",3,4,2,OPEN,0,USD,https://hibid.com/lot/323034706
779190,Living Estate of Patricia Freed,Pioneer Auction Service,2026-09-30T03:23:23Z,1141,323034707,"Trouble light, Orange Extension Cord,Multi-Outlet",4,5,3,OPEN,0,USD,https://hibid.com/lot/323034707
779190,Living Estate of Patricia Freed,Pioneer Auction Service,2026-09-30T03:23:23Z,1142,323034708,"Aluminum Nails,Screws,Padlock W/Key, Hinges",0,2,0,OPEN,0,USD,https://hibid.com/lot/323034708
779190,Living Estate of Patricia Freed,Pioneer Auction Service,2026-09-30T03:23:23Z,1143,323034709,"Small Engine Replacement Parts, Rubber Hose",0,2,0,OPEN,0,USD,https://hibid.com/lot/323034709
779190,Living Estate of Patricia Freed,Pioneer Auction Service,2026-09-30T03:23:23Z,1144,323034710,Handheld Metal Oil Cans & Pump Oilers,2,3,1,OPEN,0,USD,https://hibid.com/lot/323034710
779190,Living Estate of Patricia Freed,Pioneer Auction Service,2026-09-30T03:23:23Z,1145,323034711,Trailer Towing Hardware,4,5,3,OPEN,0,USD,https://hibid.com/lot/323034711
779190,Living Estate of Patricia Freed,Pioneer Auction Service,2026-09-30T03:23:23Z,1146,323034712,Michigan License Plates 1928-2009,2,3,1,OPEN,0,USD,https://hibid.com/lot/323034712
779190,Living Estate of Patricia Freed,Pioneer Auction Service,2026-09-30T03:23:23Z,1147,323034713,"Oil Filter Wrenches, Assorted Filters, Prestone",0,2,0,OPEN,0,USD,https://hibid.com/lot/323034713
779190,Living Estate of Patricia Freed,Pioneer Auction Service,2026-09-30T03:23:23Z,1148,323034714,"30 Pc Screwdriver Bits, Pneumatic Dual-Action",0,2,0,OPEN,0,USD,https://hibid.com/lot/323034714
779190,Living Estate of Patricia Freed,Pioneer Auction Service,2026-09-30T03:23:23Z,1149,323034715,"Rubber Air Hoses, Tire Tackle Set, Lever Style",0,2,0,OPEN,0,USD,https://hibid.com/lot/323034715
779190,Living Estate of Patricia Freed,Pioneer Auction Service,2026-09-30T03:23:23Z,1150,323034716,"Coolant/Surge Tank, Manual Siphon, Lg Metal Funnel",0,2,0,OPEN,0,USD,https://hibid.com/lot/323034716
779190,Living Estate of Patricia Freed,Pioneer Auction Service,2026-09-30T03:23:23Z,1151,323034717,Automotive Fluid And Oil Change Accessories,2,3,1,OPEN,0,USD,https://hibid.com/lot/323034717
779190,Living Estate of Patricia Freed,Pioneer Auction Service,2026-09-30T03:23:23Z,1152,323034718,Roadside Assistance Kit,0,2,0,OPEN,0,USD,https://hibid.com/lot/323034718
779190,Living Estate of Patricia Freed,Pioneer Auction Service,2026-09-30T03:23:23Z,1153,323034719,"Jumper Cables (2), Red Reflective Warning Triangle",0,2,0,OPEN,0,USD,https://hibid.com/lot/323034719
779190,Living Estate of Patricia Freed,Pioneer Auction Service,2026-09-30T03:23:23Z,1154,323034720,Manual Lever Action Grease Guns (3),0,2,0,OPEN,0,USD,https://hibid.com/lot/323034720
779190,Living Estate of Patricia Freed,Pioneer Auction Service,2026-09-30T03:23:23Z,1155,323034721,HD Towing and Tractor Hardware,2,3,1,OPEN,0,USD,https://hibid.com/lot/323034721
779190,Living Estate of Patricia Freed,Pioneer Auction Service,2026-09-30T03:23:23Z,1156,323034722,"Paint Thinner, Power Steering Fluid, Resin,",0,2,0,OPEN,0,USD,https://hibid.com/lot/323034722
779190,Living Estate of Patricia Freed,Pioneer Auction Service,2026-09-30T03:23:23Z,1157,323034723,"MP2 Lithium Grease, Manual Grease Guns(2)",0,2,0,OPEN,0,USD,https://hibid.com/lot/323034723
779190,Living Estate of Patricia Freed,Pioneer Auction Service,2026-09-30T03:23:23Z,1158,323034724,"WD 40,Motor Oil, Tire Sealant,Brake Fluid,",2,3,1,OPEN,0,USD,https://hibid.com/lot/323034724
779190,Living Estate of Patricia Freed,Pioneer Auction Service,2026-09-30T03:23:23Z,1159,323034725,Bottle Jack And Lug Wrench/ Extension Handles,0,2,0,OPEN,0,USD,https://hibid.com/lot/323034725
779190,Living Estate of Patricia Freed,Pioneer Auction Service,2026-09-30T03:23:23Z,1160,323034726,"RV & Marine Antifreeze, RainX 2 N 1 Fluid,",2,3,1,OPEN,0,USD,https://hibid.com/lot/323034726
779190,Living Estate of Patricia Freed,Pioneer Auction Service,2026-09-30T03:23:23Z,1160B,323343397,Bonus lot 2,0,2,0,OPEN,0,USD,https://hibid.com/lot/323343397
779190,Living Estate of Patricia Freed,Pioneer Auction Service,2026-09-30T03:23:23Z,1161,323034727,"Noah’s Ark wall hanging, little boy ( handmade)",0,2,0,OPEN,0,USD,https://hibid.com/lot/323034727
779190,Living Estate of Patricia Freed,Pioneer Auction Service,2026-09-30T03:23:23Z,1162,323034728,Meilink safe,2,3,1,OPEN,0,USD,https://hibid.com/lot/323034728
779190,Living Estate of Patricia Freed,Pioneer Auction Service,2026-09-30T03:23:23Z,1163,323034729,"Essick Humidifier, Carpet Squares, yard decoration",2,3,1,OPEN,0,USD,https://hibid.com/lot/323034729
779190,Living Estate of Patricia Freed,Pioneer Auction Service,2026-09-30T03:23:23Z,1164,323034730,"Day fan vintage radio, glass square painting",0,2,0,OPEN,0,USD,https://hibid.com/lot/323034730
779190,Living Estate of Patricia Freed,Pioneer Auction Service,2026-09-30T03:23:23Z,1165,323034731,Office chair,0,2,0,OPEN,0,USD,https://hibid.com/lot/323034731
779190,Living Estate of Patricia Freed,Pioneer Auction Service,2026-09-30T03:23:23Z,1166,323034732,"Turtle Solar Light, Wall Butterflies",5,6,4,OPEN,0,USD,https://hibid.com/lot/323034732
779190,Living Estate of Patricia Freed,Pioneer Auction Service,2026-09-30T03:23:23Z,1167,323034733,"Plastic Standing Frame, Basket",0,2,0,OPEN,0,USD,https://hibid.com/lot/323034733
779190,Living Estate of Patricia Freed,Pioneer Auction Service,2026-09-30T03:23:23Z,1168,323034734,"Artificial Flowers, Vase",0,2,0,OPEN,0,USD,https://hibid.com/lot/323034734
779190,Living Estate of Patricia Freed,Pioneer Auction Service,2026-09-30T03:23:23Z,1169,323034735,Eastlake Style Wooden Table,2,3,1,OPEN,0,USD,https://hibid.com/lot/323034735
779190,Living Estate of Patricia Freed,Pioneer Auction Service,2026-09-30T03:23:23Z,1170,323034736,Teeter FitSpine Inversion Table,0,2,0,OPEN,0,USD,https://hibid.com/lot/323034736
779190,Living Estate of Patricia Freed,Pioneer Auction Service,2026-09-30T03:23:23Z,1171,323034737,Bed Frame,2,3,1,OPEN,0,USD,https://hibid.com/lot/323034737
779190,Living Estate of Patricia Freed,Pioneer Auction Service,2026-09-30T03:23:23Z,1172,323034738,"Gas Weed whips (2), 540 Supreme, Murray",0,2,0,OPEN,0,USD,https://hibid.com/lot/323034738
779190,Living Estate of Patricia Freed,Pioneer Auction Service,2026-09-30T03:23:23Z,1173,323034739,"Craftsman Power Blower, Craftsman Chainsaw",0,2,0,OPEN,0,USD,https://hibid.com/lot/323034739
779190,Living Estate of Patricia Freed,Pioneer Auction Service,2026-09-30T03:23:23Z,1174,323034740,"Metal Compartment Shelves, Plastic drawer set",0,2,0,OPEN,0,USD,https://hibid.com/lot/323034740
779190,Living Estate of Patricia Freed,Pioneer Auction Service,2026-09-30T03:23:23Z,1175,323034741,Wooden chairs (3),2,3,1,OPEN,0,USD,https://hibid.com/lot/323034741
779190,Living Estate of Patricia Freed,Pioneer Auction Service,2026-09-30T03:23:23Z,1176,323034742,Dyna-Glo portable convection kerosene heater,0,2,0,OPEN,0,USD,https://hibid.com/lot/323034742
779190,Living Estate of Patricia Freed,Pioneer Auction Service,2026-09-30T03:23:23Z,1177,323034743,Wooden tables (2(,0,2,0,OPEN,0,USD,https://hibid.com/lot/323034743
779190,Living Estate of Patricia Freed,Pioneer Auction Service,2026-09-30T03:23:23Z,1178,323034744,Bosch Dishwasher * unsure working condition,2,3,1,OPEN,0,USD,https://hibid.com/lot/323034744
779190,Living Estate of Patricia Freed,Pioneer Auction Service,2026-09-30T03:23:23Z,1179,323034745,"Metal shelving, RCA 5 disc stereo system",11,12,4,OPEN,0,USD,https://hibid.com/lot/323034745
779190,Living Estate of Patricia Freed,Pioneer Auction Service,2026-09-30T03:23:23Z,1180,323034746,Char-Griller Flat Iron 4 Burner,31,32,9,OPEN,0,USD,https://hibid.com/lot/323034746
779190,Living Estate of Patricia Freed,Pioneer Auction Service,2026-09-30T03:23:23Z,1181,323034747,Metal Table,0,2,0,OPEN,0,USD,https://hibid.com/lot/323034747
779190,Living Estate of Patricia Freed,Pioneer Auction Service,2026-09-30T03:23:23Z,1182,323034748,Metal rolling carts (2),2,3,1,OPEN,0,USD,https://hibid.com/lot/323034748
779190,Living Estate of Patricia Freed,Pioneer Auction Service,2026-09-30T03:23:23Z,1183,323034749,6 ft folding Table,13,14,6,OPEN,0,USD,https://hibid.com/lot/323034749
779190,Living Estate of Patricia Freed,Pioneer Auction Service,2026-09-30T03:23:23Z,1184,323034750,Kitchen table with 2 leaves,0,2,0,OPEN,0,USD,https://hibid.com/lot/323034750
779190,Living Estate of Patricia Freed,Pioneer Auction Service,2026-09-30T03:23:23Z,1185,323034751,8 ft tables (2),0,2,0,OPEN,0,USD,https://hibid.com/lot/323034751
779190,Living Estate of Patricia Freed,Pioneer Auction Service,2026-09-30T03:23:23Z,1186,323034752,-Metal shelving (2) sets,0,2,0,OPEN,0,USD,https://hibid.com/lot/323034752
779190,Living Estate of Patricia Freed,Pioneer Auction Service,2026-09-30T03:23:23Z,1187,323034753,"Metal Shelves, (2) sets",0,2,0,OPEN,0,USD,https://hibid.com/lot/323034753
779190,Living Estate of Patricia Freed,Pioneer Auction Service,2026-09-30T03:23:23Z,1188,323034754,Enamel Pots w/Canning Jars,6,7,5,OPEN,0,USD,https://hibid.com/lot/323034754
779190,Living Estate of Patricia Freed,Pioneer Auction Service,2026-09-30T03:23:23Z,1189,323034755,"Tote w/ Canning Jars, Rings for Jars",25,26,10,OPEN,0,USD,https://hibid.com/lot/323034755
779190,Living Estate of Patricia Freed,Pioneer Auction Service,2026-09-30T03:23:23Z,1190,323034756,"Folding Table, Metal Stool, Folding Chairs",0,2,0,OPEN,0,USD,https://hibid.com/lot/323034756
779190,Living Estate of Patricia Freed,Pioneer Auction Service,2026-09-30T03:23:23Z,1191,323034757,De’Longhi Oil Filled Radiator Space Heater,2,3,1,OPEN,0,USD,https://hibid.com/lot/323034757
779190,Living Estate of Patricia Freed,Pioneer Auction Service,2026-09-30T03:23:23Z,1192,323034758,Cast Iron Fireplace Tool Set w/Stand,2,3,1,OPEN,0,USD,https://hibid.com/lot/323034758
779190,Living Estate of Patricia Freed,Pioneer Auction Service,2026-09-30T03:23:23Z,1193,323034759,Stainless Steel Milking Buckets (2),17,18,14,OPEN,0,USD,https://hibid.com/lot/323034759
779190,Living Estate of Patricia Freed,Pioneer Auction Service,2026-09-30T03:23:23Z,1194,323034760,Mechanical Platform Beam Scale,0,2,0,OPEN,0,USD,https://hibid.com/lot/323034760
779190,Living Estate of Patricia Freed,Pioneer Auction Service,2026-09-30T03:23:23Z,1195,323034761,Two Tone Glazed Stoneware Butter Churn Crock,12,13,10,OPEN,0,USD,https://hibid.com/lot/323034761
779190,Living Estate of Patricia Freed,Pioneer Auction Service,2026-09-30T03:23:23Z,1196,323034762,5 Gallon Two Tone Stoneware Crock W/Cork,5,6,4,OPEN,0,USD,https://hibid.com/lot/323034762
779190,Living Estate of Patricia Freed,Pioneer Auction Service,2026-09-30T03:23:23Z,1197,323034763,Cream Colored Stoneware Jug Rounded Shoulder,5,6,4,OPEN,0,USD,https://hibid.com/lot/323034763
779190,Living Estate of Patricia Freed,Pioneer Auction Service,2026-09-30T03:23:23Z,1198,323034764,Stoneware Jugs(2),5,6,4,OPEN,0,USD,https://hibid.com/lot/323034764
779190,Living Estate of Patricia Freed,Pioneer Auction Service,2026-09-30T03:23:23Z,1199,323034765,Stoneware Jugs(2),5,6,4,OPEN,0,USD,https://hibid.com/lot/323034765
779190,Living Estate of Patricia Freed,Pioneer Auction Service,2026-09-30T03:23:23Z,1200,323034766,Two Tone Stoneware Jugs (2),5,6,4,OPEN,0,USD,https://hibid.com/lot/323034766
779190,Living Estate of Patricia Freed,Pioneer Auction Service,2026-09-30T03:23:23Z,1201,323034767,Two Tone Stoneware Jugs (2),5,6,4,OPEN,0,USD,https://hibid.com/lot/323034767
779190,Living Estate of Patricia Freed,Pioneer Auction Service,2026-09-30T03:23:23Z,1202,323034768,Two Tone Stoneware Jugs (2),5,6,4,OPEN,0,USD,https://hibid.com/lot/323034768
779190,Living Estate of Patricia Freed,Pioneer Auction Service,2026-09-30T03:23:23Z,1203,323034769,Two Tone Brown/Cream Glazed Stoneware Crock,2,3,1,OPEN,0,USD,https://hibid.com/lot/323034769
779190,Living Estate of Patricia Freed,Pioneer Auction Service,2026-09-30T03:23:23Z,1204,323034770,Two Tone Stoneware Crock By Star Stoneware,6,7,5,OPEN,0,USD,https://hibid.com/lot/323034770
779190,Living Estate of Patricia Freed,Pioneer Auction Service,2026-09-30T03:23:23Z,1205,323034771,Bamboo or Cane Fishing Poles & GreenTackle Box,2,3,1,OPEN,0,USD,https://hibid.com/lot/323034771
779190,Living Estate of Patricia Freed,Pioneer Auction Service,2026-09-30T03:23:23Z,1206,323034772,48 In Fiber Optic Color Changing Christmas Tree,2,3,1,OPEN,0,USD,https://hibid.com/lot/323034772
779190,Living Estate of Patricia Freed,Pioneer Auction Service,2026-09-30T03:23:23Z,1207,323034773,Equinox Rubber Front Floor Liners Raised Edges,0,2,0,OPEN,0,USD,https://hibid.com/lot/323034773
779190,Living Estate of Patricia Freed,Pioneer Auction Service,2026-09-30T03:23:23Z,1208,323034774,Car Washing & Waxing Supplies,2,3,1,OPEN,0,USD,https://hibid.com/lot/323034774
779190,Living Estate of Patricia Freed,Pioneer Auction Service,2026-09-30T03:23:23Z,1209,323034775,Automotive Care Products & Gap Filler,3,4,2,OPEN,0,USD,https://hibid.com/lot/323034775
779190,Living Estate of Patricia Freed,Pioneer Auction Service,2026-09-30T03:23:23Z,1210,323218874,".Garden Products - Moracle Gro, Tree & Shrub Feed",7,8,5,OPEN,0,USD,https://hibid.com/lot/323218874
779190,Living Estate of Patricia Freed,Pioneer Auction Service,2026-09-30T03:23:23Z,1211,323218876,"Gardening Items, Garden Bags, Garden soil",0,2,0,OPEN,0,USD,https://hibid.com/lot/323218876
779190,Living Estate of Patricia Freed,Pioneer Auction Service,2026-09-30T03:23:23Z,1212,323218877,"Backyard Bug Control, Bug Spray, Yard and garden",2,3,1,OPEN,0,USD,https://hibid.com/lot/323218877
779190,Living Estate of Patricia Freed,Pioneer Auction Service,2026-09-30T03:23:23Z,1213,323218878,Oster Animal Clippers (2),2,3,1,OPEN,0,USD,https://hibid.com/lot/323218878
779190,Living Estate of Patricia Freed,Pioneer Auction Service,2026-09-30T03:23:23Z,1214,323218879,Yard Solar Lights (6),0,2,0,OPEN,0,USD,https://hibid.com/lot/323218879
779190,Living Estate of Patricia Freed,Pioneer Auction Service,2026-09-30T03:23:23Z,1215,323218880,"Cascade, Deck and Fence Cleaner, Windex",2,3,1,OPEN,0,USD,https://hibid.com/lot/323218880
779190,Living Estate of Patricia Freed,Pioneer Auction Service,2026-09-30T03:23:23Z,1216,323218881,"Cleaners, Iron out, Comet, Now Cleaner",0,2,0,OPEN,0,USD,https://hibid.com/lot/323218881
779190,Living Estate of Patricia Freed,Pioneer Auction Service,2026-09-30T03:23:23Z,1217,323218882,Red Plate shelf with hooks,2,3,1,OPEN,0,USD,https://hibid.com/lot/323218882
779190,Living Estate of Patricia Freed,Pioneer Auction Service,2026-09-30T03:23:23Z,1218,323218883,"Christmas Decorations, Snowman Thermometer",0,2,0,OPEN,0,USD,https://hibid.com/lot/323218883
779190,Living Estate of Patricia Freed,Pioneer Auction Service,2026-09-30T03:23:23Z,1219,323218884,Stinger Outdoor Insect Control,3,4,2,OPEN,0,USD,https://hibid.com/lot/323218884
779190,Living Estate of Patricia Freed,Pioneer Auction Service,2026-09-30T03:23:23Z,1220,323218885,"Pipe Insulation, Easy Cover tape",3,4,2,OPEN,0,USD,https://hibid.com/lot/323218885
779190,Living Estate of Patricia Freed,Pioneer Auction Service,2026-09-30T03:23:23Z,1221,323218886,Steel Wool bags,0,2,0,OPEN,0,USD,https://hibid.com/lot/323218886
779190,Living Estate of Patricia Freed,Pioneer Auction Service,2026-09-30T03:23:23Z,1222,323218887,"Wallpaper primer, Kiltz, Paint,",0,2,0,OPEN,0,USD,https://hibid.com/lot/323218887
779190,Living Estate of Patricia Freed,Pioneer Auction Service,2026-09-30T03:23:23Z,1223,323218888,"Lightbulbs, Toliet Bowl Rings, Locks and more",0,2,0,OPEN,0,USD,https://hibid.com/lot/323218888
779190,Living Estate of Patricia Freed,Pioneer Auction Service,2026-09-30T03:23:23Z,1224,323218889,"Good Gone, Paint thinner, Floor cleaner",0,2,0,OPEN,0,USD,https://hibid.com/lot/323218889
779190,Living Estate of Patricia Freed,Pioneer Auction Service,2026-09-30T03:23:23Z,1225,323218890,Large Band Saw blades,0,2,0,OPEN,0,USD,https://hibid.com/lot/323218890
779190,Living Estate of Patricia Freed,Pioneer Auction Service,2026-09-30T03:23:23Z,1226,323218891,Cast iron pressure regulator,0,2,0,OPEN,0,USD,https://hibid.com/lot/323218891
779190,Living Estate of Patricia Freed,Pioneer Auction Service,2026-09-30T03:23:23Z,1227,323218892,Atlas Flag Corporation of America Flag,2,3,1,OPEN,0,USD,https://hibid.com/lot/323218892
779190,Living Estate of Patricia Freed,Pioneer Auction Service,2026-09-30T03:23:23Z,1228,323218893,"Older Grooming Tools, Curry combs",2,3,1,OPEN,0,USD,https://hibid.com/lot/323218893
779190,Living Estate of Patricia Freed,Pioneer Auction Service,2026-09-30T03:23:23Z,1229,323218894,"Vanflex Skateboard, Tennis Rackets",2,3,1,OPEN,0,USD,https://hibid.com/lot/323218894
779190,Living Estate of Patricia Freed,Pioneer Auction Service,2026-09-30T03:23:23Z,1230,323218895,Porcelain Hospital Bed Pan,0,2,0,OPEN,0,USD,https://hibid.com/lot/323218895
779190,Living Estate of Patricia Freed,Pioneer Auction Service,2026-09-30T03:23:23Z,1232,323218897,Large Picnic Basket with cups and plates,2,3,1,OPEN,0,USD,https://hibid.com/lot/323218897
779190,Living Estate of Patricia Freed,Pioneer Auction Service,2026-09-30T03:23:23Z,1233,323218898,Steel Rail Ties,7,8,6,OPEN,0,USD,https://hibid.com/lot/323218898
779190,Living Estate of Patricia Freed,Pioneer Auction Service,2026-09-30T03:23:23Z,1234,323218899,Heavy Round Steel Stock,2,3,1,OPEN,0,USD,https://hibid.com/lot/323218899
779190,Living Estate of Patricia Freed,Pioneer Auction Service,2026-09-30T03:23:23Z,1235,323218900,"Teeth replacements for wind rowers, large hooks",0,2,0,OPEN,0,USD,https://hibid.com/lot/323218900
779190,Living Estate of Patricia Freed,Pioneer Auction Service,2026-09-30T03:23:23Z,1236,323218901,Roller Chains,3,4,2,OPEN,0,USD,https://hibid.com/lot/323218901
779190,Living Estate of Patricia Freed,Pioneer Auction Service,2026-09-30T03:23:23Z,1237,323218903,Coleman Catalyic Heater and (4) heater tops,0,2,0,OPEN,0,USD,https://hibid.com/lot/323218903
779190,Living Estate of Patricia Freed,Pioneer Auction Service,2026-09-30T03:23:23Z,1238,323218904,Wooden and steel trowels,2,3,1,OPEN,0,USD,https://hibid.com/lot/323218904
779190,Living Estate of Patricia Freed,Pioneer Auction Service,2026-09-30T03:23:23Z,1239,323218905,"Nuts and Bolts, Fastners, Bolts and more",0,2,0,OPEN,0,USD,https://hibid.com/lot/323218905
779190,Living Estate of Patricia Freed,Pioneer Auction Service,2026-09-30T03:23:23Z,1240,323218906,"Chainsaw guide bars, saw chains",3,4,2,OPEN,0,USD,https://hibid.com/lot/323218906
779190,Living Estate of Patricia Freed,Pioneer Auction Service,2026-09-30T03:23:23Z,1241,323218907,"Mower Blades 46""",2,3,1,OPEN,0,USD,https://hibid.com/lot/323218907
779190,Living Estate of Patricia Freed,Pioneer Auction Service,2026-09-30T03:23:23Z,1242,323218908,"Pipe clamps, Mini kits, Brackets, Casters",0,2,0,OPEN,0,USD,https://hibid.com/lot/323218908
779190,Living Estate of Patricia Freed,Pioneer Auction Service,2026-09-30T03:23:23Z,1243,323218909,Outboard motor stern bracket and clamp assembly,0,2,0,OPEN,0,USD,https://hibid.com/lot/323218909
779190,Living Estate of Patricia Freed,Pioneer Auction Service,2026-09-30T03:23:23Z,1244,323218910,"Voltage Regulator, Chalk line reel, Antenna wire",0,2,0,OPEN,0,USD,https://hibid.com/lot/323218910
779190,Living Estate of Patricia Freed,Pioneer Auction Service,2026-09-30T03:23:23Z,1245,323218911,"Forged steel load Binder, Utility hook in chains",0,2,0,OPEN,0,USD,https://hibid.com/lot/323218911
779190,Living Estate of Patricia Freed,Pioneer Auction Service,2026-09-30T03:23:23Z,1246,323218912,Rope and Pulley system,0,2,0,OPEN,0,USD,https://hibid.com/lot/323218912
779190,Living Estate of Patricia Freed,Pioneer Auction Service,2026-09-30T03:23:23Z,1247,323218913,- Orange and Black large extension cords,2,3,1,OPEN,0,USD,https://hibid.com/lot/323218913
779190,Living Estate of Patricia Freed,Pioneer Auction Service,2026-09-30T03:23:23Z,1248,323218914,Rubber Utility hoses,0,2,0,OPEN,0,USD,https://hibid.com/lot/323218914
779190,Living Estate of Patricia Freed,Pioneer Auction Service,2026-09-30T03:23:23Z,1249,323218915,Shop mats,0,2,0,OPEN,0,USD,https://hibid.com/lot/323218915
779190,Living Estate of Patricia Freed,Pioneer Auction Service,2026-09-30T03:23:23Z,1250,323218917,Heavy steel chains,0,2,0,OPEN,0,USD,https://hibid.com/lot/323218917
779190,Living Estate of Patricia Freed,Pioneer Auction Service,2026-09-30T03:23:23Z,1251,323218918,"Twin pack 15"" ceiling lights, 18"" Towel Bar set",0,2,0,OPEN,0,USD,https://hibid.com/lot/323218918
779190,Living Estate of Patricia Freed,Pioneer Auction Service,2026-09-30T03:23:23Z,1252,323218919,Porch Lights (2),0,2,0,OPEN,0,USD,https://hibid.com/lot/323218919
779190,Living Estate of Patricia Freed,Pioneer Auction Service,2026-09-30T03:23:23Z,1253,323218920,"College Books, English, Mangement, Economics",0,2,0,OPEN,0,USD,https://hibid.com/lot/323218920
779190,Living Estate of Patricia Freed,Pioneer Auction Service,2026-09-30T03:23:23Z,1254,323218921,Ceiling and Wall lights,0,2,0,OPEN,0,USD,https://hibid.com/lot/323218921
779190,Living Estate of Patricia Freed,Pioneer Auction Service,2026-09-30T03:23:23Z,1255,323218922,"Harbor Breeze 42"" Cheshire Ceiling Fan and light",0,2,0,OPEN,0,USD,https://hibid.com/lot/323218922
779190,Living Estate of Patricia Freed,Pioneer Auction Service,2026-09-30T03:23:23Z,1256,323218923,"Wall Candle Holders (2), Polished Brass Ceiling",0,2,0,OPEN,0,USD,https://hibid.com/lot/323218923
779190,Living Estate of Patricia Freed,Pioneer Auction Service,2026-09-30T03:23:23Z,1257,323218924,"The Sherpa Poncho Blanket, 84x58",2,3,1,OPEN,0,USD,https://hibid.com/lot/323218924
779190,Living Estate of Patricia Freed,Pioneer Auction Service,2026-09-30T03:23:23Z,1258,323218925,"Edgemaster Painter guide, Auto Vacuum Cleaner",0,2,0,OPEN,0,USD,https://hibid.com/lot/323218925
779190,Living Estate of Patricia Freed,Pioneer Auction Service,2026-09-30T03:23:23Z,1259,323218926,"Dryer vents, Tubular Doors locks",0,2,0,OPEN,0,USD,https://hibid.com/lot/323218926
779190,Living Estate of Patricia Freed,Pioneer Auction Service,2026-09-30T03:23:23Z,1260,323218927,"Brass fitting for hot water heater, Spigot handles",4,5,3,OPEN,0,USD,https://hibid.com/lot/323218927
779190,Living Estate of Patricia Freed,Pioneer Auction Service,2026-09-30T03:23:23Z,1261,323218928,"Toliet Repair Kit, PVC piping, drains, sink drain",0,2,0,OPEN,0,USD,https://hibid.com/lot/323218928
779190,Living Estate of Patricia Freed,Pioneer Auction Service,2026-09-30T03:23:23Z,1262,323218929,"Garden edging, Hummingbird feeders",0,2,0,OPEN,0,USD,https://hibid.com/lot/323218929
779190,Living Estate of Patricia Freed,Pioneer Auction Service,2026-09-30T03:23:23Z,1263,323218930,"Plant Feeders, wooden butterflies, basket",0,2,0,OPEN,0,USD,https://hibid.com/lot/323218930
779190,Living Estate of Patricia Freed,Pioneer Auction Service,2026-09-30T03:23:23Z,1264,323218931,Solar lights (2( large ones,0,2,0,OPEN,0,USD,https://hibid.com/lot/323218931
779190,Living Estate of Patricia Freed,Pioneer Auction Service,2026-09-30T03:23:23Z,1265,323218932,"Frog sprinkler, ceramic frog and planter",0,2,0,OPEN,0,USD,https://hibid.com/lot/323218932
779190,Living Estate of Patricia Freed,Pioneer Auction Service,2026-09-30T03:23:23Z,1266,323218933,Ceramic Yard Dwarfs (2),3,4,2,OPEN,0,USD,https://hibid.com/lot/323218933
779190,Living Estate of Patricia Freed,Pioneer Auction Service,2026-09-30T03:23:23Z,1267,323218934,"Ceramic Angel, Small Concrete Dog, Large Shell",0,2,0,OPEN,0,USD,https://hibid.com/lot/323218934
779190,Living Estate of Patricia Freed,Pioneer Auction Service,2026-09-30T03:23:23Z,1268,323218935,"Cyclone Seeder, Small Garden tools",2,3,1,OPEN,0,USD,https://hibid.com/lot/323218935
779190,Living Estate of Patricia Freed,Pioneer Auction Service,2026-09-30T03:23:23Z,1269,323218936,Power Shot Battery Operated Sprayer for weeds,0,2,0,OPEN,0,USD,https://hibid.com/lot/323218936
779190,Living Estate of Patricia Freed,Pioneer Auction Service,2026-09-30T03:23:23Z,1270,323218937,Stepping stone kits (3),3,4,2,OPEN,0,USD,https://hibid.com/lot/323218937
779190,Living Estate of Patricia Freed,Pioneer Auction Service,2026-09-30T03:23:23Z,1271,323218938,"Garden Decorations, hose and more",0,2,0,OPEN,0,USD,https://hibid.com/lot/323218938
779190,Living Estate of Patricia Freed,Pioneer Auction Service,2026-09-30T03:23:23Z,1272,323218939,"White hanging metal basket , black stand",0,2,0,OPEN,0,USD,https://hibid.com/lot/323218939
779190,Living Estate of Patricia Freed,Pioneer Auction Service,2026-09-30T03:23:23Z,1273,323218940,Weider Pro 4900 multi-station home gym system.,5,6,3,OPEN,0,USD,https://hibid.com/lot/323218940
779190,Living Estate of Patricia Freed,Pioneer Auction Service,2026-09-30T03:23:23Z,1274,323218941,Wood Storage Cabinets,0,2,0,OPEN,0,USD,https://hibid.com/lot/323218941
779190,Living Estate of Patricia Freed,Pioneer Auction Service,2026-09-30T03:23:23Z,1275,323218942,"Shelf, Hardware Organizer Bins, Metal Locker",0,2,0,OPEN,0,USD,https://hibid.com/lot/323218942
779190,Living Estate of Patricia Freed,Pioneer Auction Service,2026-09-30T03:23:23Z,1276,323218943,2 Metal Dollies,13,14,9,OPEN,0,USD,https://hibid.com/lot/323218943
779190,Living Estate of Patricia Freed,Pioneer Auction Service,2026-09-30T03:23:23Z,1277,323218944,2 Metal Trailer Ramps,9,10,8,OPEN,0,USD,https://hibid.com/lot/323218944
779190,Living Estate of Patricia Freed,Pioneer Auction Service,2026-09-30T03:23:23Z,1278,323218945,2 Wooden Trailer Ramps,0,2,0,OPEN,0,USD,https://hibid.com/lot/323218945
779190,Living Estate of Patricia Freed,Pioneer Auction Service,2026-09-30T03:23:23Z,1279,323218946,Tow Hitch Metal Carrier,30,31,6,OPEN,0,USD,https://hibid.com/lot/323218946
779190,Living Estate of Patricia Freed,Pioneer Auction Service,2026-09-30T03:23:23Z,1280,323218947,"Skinny Mini 3 Step Stool, Aluminum Extending",5,6,4,OPEN,0,USD,https://hibid.com/lot/323218947
779190,Living Estate of Patricia Freed,Pioneer Auction Service,2026-09-30T03:23:23Z,1281,323218948,"Wooden Ladder, 2 Metal Step Ladders",0,2,0,OPEN,0,USD,https://hibid.com/lot/323218948
779190,Living Estate of Patricia Freed,Pioneer Auction Service,2026-09-30T03:23:23Z,1282,323218949,"2 Hand Held Post Hole Diggers, Spade Shovel",0,2,0,OPEN,0,USD,https://hibid.com/lot/323218949
779190,Living Estate of Patricia Freed,Pioneer Auction Service,2026-09-30T03:23:23Z,1283,323218950,Pick Axes(3),2,3,1,OPEN,0,USD,https://hibid.com/lot/323218950
779190,Living Estate of Patricia Freed,Pioneer Auction Service,2026-09-30T03:23:23Z,1284,323218951,"Spade Shovel, Scoop Shovels(3)",0,2,0,OPEN,0,USD,https://hibid.com/lot/323218951
779190,Living Estate of Patricia Freed,Pioneer Auction Service,2026-09-30T03:23:23Z,1285,323218952,3 Push Brooms,0,2,0,OPEN,0,USD,https://hibid.com/lot/323218952
779190,Living Estate of Patricia Freed,Pioneer Auction Service,2026-09-30T03:23:23Z,1286,323218953,"Sledgehammer, Weed Pick, Metal Weed Whip, Small T",0,2,0,OPEN,0,USD,https://hibid.com/lot/323218953
779190,Living Estate of Patricia Freed,Pioneer Auction Service,2026-09-30T03:23:23Z,1287,323218954,"Garden Hoes(2), Metal Pitchfork, Loppers",0,2,0,OPEN,0,USD,https://hibid.com/lot/323218954
779190,Living Estate of Patricia Freed,Pioneer Auction Service,2026-09-30T03:23:23Z,1288,323218955,"Scythe, Hand Cultivator",2,3,1,OPEN,0,USD,https://hibid.com/lot/323218955
779190,Living Estate of Patricia Freed,Pioneer Auction Service,2026-09-30T03:23:23Z,1289,323218956,"4 Leaf Rakes, 2 Landscape Rakes",2,3,1,OPEN,0,USD,https://hibid.com/lot/323218956
779190,Living Estate of Patricia Freed,Pioneer Auction Service,2026-09-30T03:23:23Z,1290,323218958,"Windshield Scraper, Brushes",0,2,0,OPEN,0,USD,https://hibid.com/lot/323218958
779190,Living Estate of Patricia Freed,Pioneer Auction Service,2026-09-30T03:23:23Z,1291,323218959,"Walker, Cane, Crutches(2)",0,2,0,OPEN,0,USD,https://hibid.com/lot/323218959
779190,Living Estate of Patricia Freed,Pioneer Auction Service,2026-09-30T03:23:23Z,1292,323218960,Iron Horse II Saw Horses(2),2,3,1,OPEN,0,USD,https://hibid.com/lot/323218960
779190,Living Estate of Patricia Freed,Pioneer Auction Service,2026-09-30T03:23:23Z,1293,323218961,"Sprinklers(2), Lighthouse Copper Sprinkler, Deck",0,2,0,OPEN,0,USD,https://hibid.com/lot/323218961
779190,Living Estate of Patricia Freed,Pioneer Auction Service,2026-09-30T03:23:23Z,1294,323218962,Wooden Outdoor Yard Decor,0,2,0,OPEN,0,USD,https://hibid.com/lot/323218962
779190,Living Estate of Patricia Freed,Pioneer Auction Service,2026-09-30T03:23:23Z,1295,323218963,"Small Plastic Hose Reel, Round Up Pump Sprayer,",0,2,0,OPEN,0,USD,https://hibid.com/lot/323218963
779190,Living Estate of Patricia Freed,Pioneer Auction Service,2026-09-30T03:23:23Z,1296,323218964,Outdoor Lawn Chairs(9),2,3,1,OPEN,0,USD,https://hibid.com/lot/323218964
779190,Living Estate of Patricia Freed,Pioneer Auction Service,2026-09-30T03:23:23Z,1297,323218965,Flexible Flyer Wooden and Metal Sled,3,4,2,OPEN,0,USD,https://hibid.com/lot/323218965
779190,Living Estate of Patricia Freed,Pioneer Auction Service,2026-09-30T03:23:23Z,1298,323218966,"Shepherds Hooks, Weather Vane(no top)",2,3,1,OPEN,0,USD,https://hibid.com/lot/323218966
779190,Living Estate of Patricia Freed,Pioneer Auction Service,2026-09-30T03:23:23Z,1299,323218967,Plastic Hanging Flower Baskets with Tote,0,2,0,OPEN,0,USD,https://hibid.com/lot/323218967
779190,Living Estate of Patricia Freed,Pioneer Auction Service,2026-09-30T03:23:23Z,1300,323218968,Plastic Flower Baskets and Pots with Tote,0,2,0,OPEN,0,USD,https://hibid.com/lot/323218968
779190,Living Estate of Patricia Freed,Pioneer Auction Service,2026-09-30T03:23:23Z,1301,323218969,Various Flower Pots,2,3,1,OPEN,0,USD,https://hibid.com/lot/323218969
779190,Living Estate of Patricia Freed,Pioneer Auction Service,2026-09-30T03:23:23Z,1302,323218970,Greenview Jet Spread 2,0,2,0,OPEN,0,USD,https://hibid.com/lot/323218970
779190,Living Estate of Patricia Freed,Pioneer Auction Service,2026-09-30T03:23:23Z,1303,323218971,2 Propane Tanks,16,17,15,OPEN,0,USD,https://hibid.com/lot/323218971
779190,Living Estate of Patricia Freed,Pioneer Auction Service,2026-09-30T03:23:23Z,1304,323218972,2 Propane Tanks,14,15,13,OPEN,0,USD,https://hibid.com/lot/323218972
779190,Living Estate of Patricia Freed,Pioneer Auction Service,2026-09-30T03:23:23Z,1305,323218973,5 Plastic Gas Cans,0,2,0,OPEN,0,USD,https://hibid.com/lot/323218973
779190,Living Estate of Patricia Freed,Pioneer Auction Service,2026-09-30T03:23:23Z,1306,323218974,"3 Metal Gas Cans, 1 Plastic Gas Can",2,3,1,OPEN,0,USD,https://hibid.com/lot/323218974
779190,Living Estate of Patricia Freed,Pioneer Auction Service,2026-09-30T03:23:23Z,1307,323218975,"2-2.5 Gallon Plastic Gas Cans, 1 Small Gas Can",0,2,0,OPEN,0,USD,https://hibid.com/lot/323218975
779190,Living Estate of Patricia Freed,Pioneer Auction Service,2026-09-30T03:23:23Z,1308,323218976,One Bottom Plow,2,3,1,OPEN,0,USD,https://hibid.com/lot/323218976
779190,Living Estate of Patricia Freed,Pioneer Auction Service,2026-09-30T03:23:23Z,1309,323218977,Vintage Plow,2,3,1,OPEN,0,USD,https://hibid.com/lot/323218977
779190,Living Estate of Patricia Freed,Pioneer Auction Service,2026-09-30T03:23:23Z,1310,323218978,Metal Vintage Plow,4,5,3,OPEN,0,USD,https://hibid.com/lot/323218978
779190,Living Estate of Patricia Freed,Pioneer Auction Service,2026-09-30T03:23:23Z,1311,323218979,Old Push Behind Lawn Mower,2,3,1,OPEN,0,USD,https://hibid.com/lot/323218979
779190,Living Estate of Patricia Freed,Pioneer Auction Service,2026-09-30T03:23:23Z,1312,323218980,2 Metal Wheels,3,4,2,OPEN,0,USD,https://hibid.com/lot/323218980
779190,Living Estate of Patricia Freed,Pioneer Auction Service,2026-09-30T03:23:23Z,1313,323218981,5 Small Metal Wheels,6,7,5,OPEN,0,USD,https://hibid.com/lot/323218981
779190,Living Estate of Patricia Freed,Pioneer Auction Service,2026-09-30T03:23:23Z,1314,323218982,Rear Discharging Deck,0,2,0,OPEN,0,USD,https://hibid.com/lot/323218982
779190,Living Estate of Patricia Freed,Pioneer Auction Service,2026-09-30T03:23:23Z,1315,323218983,"MTD 22"" Yard Machine Push Mower",0,2,0,OPEN,0,USD,https://hibid.com/lot/323218983
779190,Living Estate of Patricia Freed,Pioneer Auction Service,2026-09-30T03:23:23Z,1316,323218984,Huskee Lawn Sweeper,5,6,4,OPEN,0,USD,https://hibid.com/lot/323218984
779190,Living Estate of Patricia Freed,Pioneer Auction Service,2026-09-30T03:23:23Z,1317,323218985,Orange Plastic Wheel Barrow,20,21,13,OPEN,0,USD,https://hibid.com/lot/323218985
779190,Living Estate of Patricia Freed,Pioneer Auction Service,2026-09-30T03:23:23Z,1318,323218986,Grey Plastic Wheel Barrow,21,22,13,OPEN,0,USD,https://hibid.com/lot/323218986
779190,Living Estate of Patricia Freed,Pioneer Auction Service,2026-09-30T03:23:23Z,1319,323218987,Garden Pond Basin and plastic Rocks steps,2,3,1,OPEN,0,USD,https://hibid.com/lot/323218987
779190,Living Estate of Patricia Freed,Pioneer Auction Service,2026-09-30T03:23:23Z,1320,323218988,Orange Plastic Snow Fencing,2,3,1,OPEN,0,USD,https://hibid.com/lot/323218988
779190,Living Estate of Patricia Freed,Pioneer Auction Service,2026-09-30T03:23:23Z,1321,323218989,Garden Wire Fencing,0,2,0,OPEN,0,USD,https://hibid.com/lot/323218989
779190,Living Estate of Patricia Freed,Pioneer Auction Service,2026-09-30T03:23:23Z,1322,323218990,"Hyper a tough 45 Gal Trash Bin, Plastic Trash Bin",2,3,1,OPEN,0,USD,https://hibid.com/lot/323218990
779190,Living Estate of Patricia Freed,Pioneer Auction Service,2026-09-30T03:23:23Z,1323,323218991,Toter 64 Gal Trash Bin,5,6,4,OPEN,0,USD,https://hibid.com/lot/323218991
779190,Living Estate of Patricia Freed,Pioneer Auction Service,2026-09-30T03:23:23Z,1324,323218992,"Rubbermaid 33 Gal. Trash Bin, Plastic Trash Barrel",0,2,0,OPEN,0,USD,https://hibid.com/lot/323218992
779190,Living Estate of Patricia Freed,Pioneer Auction Service,2026-09-30T03:23:23Z,1325,323218993,Children’s Basketball Hoop,0,2,0,OPEN,0,USD,https://hibid.com/lot/323218993
779190,Living Estate of Patricia Freed,Pioneer Auction Service,2026-09-30T03:23:23Z,1326,323218994,Quality Farm & Fleet Red Wagon,2,3,1,OPEN,0,USD,https://hibid.com/lot/323218994
779190,Living Estate of Patricia Freed,Pioneer Auction Service,2026-09-30T03:23:23Z,1327,323218995,"Wooden Crate, Galvanized Bucket",3,4,2,OPEN,0,USD,https://hibid.com/lot/323218995
779190,Living Estate of Patricia Freed,Pioneer Auction Service,2026-09-30T03:23:23Z,1328,323218996,White & Blue Cement Bird Bath,31,32,22,OPEN,0,USD,https://hibid.com/lot/323218996
779190,Living Estate of Patricia Freed,Pioneer Auction Service,2026-09-30T03:23:23Z,1329,323218997,Cement Bird Bath,3,4,2,OPEN,0,USD,https://hibid.com/lot/323218997
779190,Living Estate of Patricia Freed,Pioneer Auction Service,2026-09-30T03:23:23Z,1330,323218998,"Goose Decoys (2), Owl Decoy",0,2,0,OPEN,0,USD,https://hibid.com/lot/323218998
779190,Living Estate of Patricia Freed,Pioneer Auction Service,2026-09-30T03:23:23Z,1331,323218999,Black Garden Hose,2,3,1,OPEN,0,USD,https://hibid.com/lot/323218999
779190,Living Estate of Patricia Freed,Pioneer Auction Service,2026-09-30T03:23:23Z,1332,323219000,Garden Hose,0,2,0,OPEN,0,USD,https://hibid.com/lot/323219000
779190,Living Estate of Patricia Freed,Pioneer Auction Service,2026-09-30T03:23:23Z,1333,323219001,"Cement Jesus Statue, Porcelain Mary Statue",2,3,1,OPEN,0,USD,https://hibid.com/lot/323219001
779190,Living Estate of Patricia Freed,Pioneer Auction Service,2026-09-30T03:23:23Z,1334,323219002,Ceramic Kissing Dutch Boy & Girl (Pink/Blue),31,32,5,OPEN,0,USD,https://hibid.com/lot/323219002
779190,Living Estate of Patricia Freed,Pioneer Auction Service,2026-09-30T03:23:23Z,1335,323219003,Kissing Dutch Boy & Girl (Blue/Yellow),2,3,1,OPEN,0,USD,https://hibid.com/lot/323219003
779190,Living Estate of Patricia Freed,Pioneer Auction Service,2026-09-30T03:23:23Z,1336,323219004,Cement Children Telling a Secret in the Garden,2,3,1,OPEN,0,USD,https://hibid.com/lot/323219004
779190,Living Estate of Patricia Freed,Pioneer Auction Service,2026-09-30T03:23:23Z,1337,323219005,"Cement Lawn Jockey Lantern, Plastic Lawn Jockey",51,52,9,OPEN,0,USD,https://hibid.com/lot/323219005
779190,Living Estate of Patricia Freed,Pioneer Auction Service,2026-09-30T03:23:23Z,1338,323219006,"Cement Angel, PlasterGild Woman, Girl Planter",0,2,0,OPEN,0,USD,https://hibid.com/lot/323219006
779190,Living Estate of Patricia Freed,Pioneer Auction Service,2026-09-30T03:23:23Z,1339,323219007,"Cement Pelican & Seahorse, Resin Frog& G. Parents",5,6,4,OPEN,0,USD,https://hibid.com/lot/323219007
779190,Living Estate of Patricia Freed,Pioneer Auction Service,2026-09-30T03:23:23Z,1340,323219008,Cement Urns and Cylinders,10,11,5,OPEN,0,USD,https://hibid.com/lot/323219008
779190,Living Estate of Patricia Freed,Pioneer Auction Service,2026-09-30T03:23:23Z,1341,323219009,AMF Red Men’s Bike,0,2,0,OPEN,0,USD,https://hibid.com/lot/323219009
779190,Living Estate of Patricia Freed,Pioneer Auction Service,2026-09-30T03:23:23Z,1342,323219010,Schwinn Typhoon Men’s Bike,12,13,7,OPEN,0,USD,https://hibid.com/lot/323219010
779190,Living Estate of Patricia Freed,Pioneer Auction Service,2026-09-30T03:23:23Z,1343,323219011,Sea Star Children’s Bike,0,2,0,OPEN,0,USD,https://hibid.com/lot/323219011
779190,Living Estate of Patricia Freed,Pioneer Auction Service,2026-09-30T03:23:23Z,1344,323219012,Executive Woman’s 3 Speed Bike,0,2,0,OPEN,0,USD,https://hibid.com/lot/323219012
779190,Living Estate of Patricia Freed,Pioneer Auction Service,2026-09-30T03:23:23Z,1345,323219013,Huffy Cranbrook Woman’s Bike,2,3,1,OPEN,0,USD,https://hibid.com/lot/323219013
779190,Living Estate of Patricia Freed,Pioneer Auction Service,2026-09-30T03:23:23Z,1346,323219014,Blue Woman’s bike,2,3,1,OPEN,0,USD,https://hibid.com/lot/323219014
779190,Living Estate of Patricia Freed,Pioneer Auction Service,2026-09-30T03:23:23Z,1347,323219015,All Pro 3 Speed Woman’s Bike,0,2,0,OPEN,0,USD,https://hibid.com/lot/323219015
779190,Living Estate of Patricia Freed,Pioneer Auction Service,2026-09-30T03:23:23Z,1348,323219016,Huffy All Pro 3 Speed with Child Carrier,0,2,0,OPEN,0,USD,https://hibid.com/lot/323219016
779190,Living Estate of Patricia Freed,Pioneer Auction Service,2026-09-30T03:23:23Z,1349,323219017,Taupe Picnic Table w/ 6 chairs (new),32,33,9,OPEN,0,USD,https://hibid.com/lot/323219017
779190,Living Estate of Patricia Freed,Pioneer Auction Service,2026-09-30T03:23:23Z,1350,323219019,Lifetime 8ft Plastic Picnic Table,29,30,22,OPEN,0,USD,https://hibid.com/lot/323219019
779190,Living Estate of Patricia Freed,Pioneer Auction Service,2026-09-30T03:23:23Z,1350B,324224608,Lattice,2,3,1,OPEN,0,USD,https://hibid.com/lot/324224608
779190,Living Estate of Patricia Freed,Pioneer Auction Service,2026-09-30T03:23:23Z,1351,323219020,"Horse Weather vane,",50,51,11,OPEN,0,USD,https://hibid.com/lot/323219020
779190,Living Estate of Patricia Freed,Pioneer Auction Service,2026-09-30T03:23:23Z,1352,323219021,Black Milk Can with lid,14,15,10,OPEN,0,USD,https://hibid.com/lot/323219021
779190,Living Estate of Patricia Freed,Pioneer Auction Service,2026-09-30T03:23:23Z,1353,323219022,Blue Milk Can with lid,38,39,25,OPEN,0,USD,https://hibid.com/lot/323219022
779190,Living Estate of Patricia Freed,Pioneer Auction Service,2026-09-30T03:23:23Z,1354,323219023,Large Live Trap,3,4,2,OPEN,0,USD,https://hibid.com/lot/323219023
779190,Living Estate of Patricia Freed,Pioneer Auction Service,2026-09-30T03:23:23Z,1355,323219024,Metal and Plastic Crates,0,2,0,OPEN,0,USD,https://hibid.com/lot/323219024
779190,Living Estate of Patricia Freed,Pioneer Auction Service,2026-09-30T03:23:23Z,1356,323219025,Rubbermaid and Metal Mailbox,0,2,0,OPEN,0,USD,https://hibid.com/lot/323219025
779190,Living Estate of Patricia Freed,Pioneer Auction Service,2026-09-30T03:23:23Z,1357,323219026,Metal Carts,0,2,0,OPEN,0,USD,https://hibid.com/lot/323219026
779190,Living Estate of Patricia Freed,Pioneer Auction Service,2026-09-30T03:23:23Z,1358,323219027,"Plastic 23 Gallon bucket, (2) white buckets w/",0,2,0,OPEN,0,USD,https://hibid.com/lot/323219027
779190,Living Estate of Patricia Freed,Pioneer Auction Service,2026-09-30T03:23:23Z,1359,323219028,"Black Metal Rack, (2) Plant Stands",2,3,1,OPEN,0,USD,https://hibid.com/lot/323219028
779190,Living Estate of Patricia Freed,Pioneer Auction Service,2026-09-30T03:23:23Z,1360,323219029,Metal Beverage Cart,10,11,6,OPEN,0,USD,https://hibid.com/lot/323219029
779190,Living Estate of Patricia Freed,Pioneer Auction Service,2026-09-30T03:23:23Z,1361,323219030,"Metal Stars (2) Blue, Red",0,2,0,OPEN,0,USD,https://hibid.com/lot/323219030
779190,Living Estate of Patricia Freed,Pioneer Auction Service,2026-09-30T03:23:23Z,1362,323219031,"Lawn Chairs (3),Lawn Lounge Chair, Lawn Rocker",0,2,0,OPEN,0,USD,https://hibid.com/lot/323219031
779190,Living Estate of Patricia Freed,Pioneer Auction Service,2026-09-30T03:23:23Z,1363,323219032,Beach Chairs (2),3,4,2,OPEN,0,USD,https://hibid.com/lot/323219032
779190,Living Estate of Patricia Freed,Pioneer Auction Service,2026-09-30T03:23:23Z,1364,323219033,Green Plastic Chairs (3),0,2,0,OPEN,0,USD,https://hibid.com/lot/323219033
779190,Living Estate of Patricia Freed,Pioneer Auction Service,2026-09-30T03:23:23Z,1365,323219034,Metal Stools (2),0,2,0,OPEN,0,USD,https://hibid.com/lot/323219034
779190,Living Estate of Patricia Freed,Pioneer Auction Service,2026-09-30T03:23:23Z,1366,323219035,"Step Stool/Seat, Wood Stool",0,2,0,OPEN,0,USD,https://hibid.com/lot/323219035
779190,Living Estate of Patricia Freed,Pioneer Auction Service,2026-09-30T03:23:23Z,1367,323219036,Decorative Metal Patio Chair,13,14,14,OPEN,0,USD,https://hibid.com/lot/323219036
779190,Living Estate of Patricia Freed,Pioneer Auction Service,2026-09-30T03:23:23Z,1368,323219037,"Garden Red, White, Blue Windmill",4,5,3,OPEN,0,USD,https://hibid.com/lot/323219037
779190,Living Estate of Patricia Freed,Pioneer Auction Service,2026-09-30T03:23:23Z,1369,323219038,Ceramic Deer,11,12,5,OPEN,0,USD,https://hibid.com/lot/323219038
779190,Living Estate of Patricia Freed,Pioneer Auction Service,2026-09-30T03:23:23Z,1370,323219039,"Garden Windmill, Sm bean pot and Eagle Bell",10,11,5,OPEN,0,USD,https://hibid.com/lot/323219039
779190,Living Estate of Patricia Freed,Pioneer Auction Service,2026-09-30T03:23:23Z,1371,323219040,Metal Horse Weather Vane,3,4,2,OPEN,0,USD,https://hibid.com/lot/323219040
779190,Living Estate of Patricia Freed,Pioneer Auction Service,2026-09-30T03:23:23Z,1372,323219041,Scrap Pile,2,3,1,OPEN,0,USD,https://hibid.com/lot/323219041
779190,Living Estate of Patricia Freed,Pioneer Auction Service,2026-09-30T03:23:23Z,1373,323219042,Metal Outdoor Tractor Decor,0,2,0,OPEN,0,USD,https://hibid.com/lot/323219042
779190,Living Estate of Patricia Freed,Pioneer Auction Service,2026-09-30T03:23:23Z,2000,323219043,All-In,0,2,0,OPEN,0,USD,https://hibid.com/lot/323219043
